22:49:39.745710,0.487548828125,0.325439453125,-0.794189453125,Unknown
22:49:39.759726,0.493896484375,0.35009765625,-0.78955078125,Unknown
22:49:39.802211,0.49560546875,0.337890625,-0.796875,Unknown
22:49:39.803209,0.4892578125,0.32763671875,-0.7998046875,Unknown
22:49:39.809226,0.486572265625,0.3330078125,-0.804931640625,Unknown
22:49:39.842225,0.487060546875,0.34423828125,-0.79150390625,Unknown
22:49:39.843226,0.490966796875,0.34619140625,-0.796875,Unknown
22:49:39.875727,0.490234375,0.360107421875,-0.78564453125,Unknown
22:49:39.877225,0.49560546875,0.357177734375,-0.796875,Unknown
22:49:39.909225,0.494873046875,0.34326171875,-0.802001953125,Unknown
22:49:39.910724,0.49169921875,0.347900390625,-0.790771484375,Unknown
22:49:39.943711,0.488525390625,0.352783203125,-0.792236328125,Unknown
22:49:39.944209,0.488525390625,0.365478515625,-0.79345703125,Unknown
22:49:39.958226,0.491943359375,0.364013671875,-0.791259765625,Unknown
22:49:39.967209,0.495849609375,0.35888671875,-0.7998046875,Unknown
22:49:39.999712,0.490234375,0.35546875,-0.794677734375,Unknown
22:49:40.000709,0.492919921875,0.353271484375,-0.798583984375,Unknown
22:49:40.033713,0.49169921875,0.34716796875,-0.795166015625,Unknown
22:49:40.034225,0.489013671875,0.33251953125,-0.79736328125,Unknown
22:49:40.068723,0.493408203125,0.3447265625,-0.783935546875,Unknown
22:49:40.069212,0.50146484375,0.3486328125,-0.782470703125,Start
22:49:40.077222,0.506591796875,0.350830078125,-0.788818359375,InProgress
22:49:40.110725,0.498779296875,0.353271484375,-0.78515625,Unknown
22:49:40.111712,0.4970703125,0.339599609375,-0.783935546875,Unknown
22:49:40.144722,0.49755859375,0.348876953125,-0.7900390625,Unknown
22:49:40.145724,0.49853515625,0.36279296875,-0.7841796875,Unknown
22:49:40.188226,0.499755859375,0.363525390625,-0.790283203125,Unknown
22:49:40.189225,0.50146484375,0.363037109375,-0.788818359375,InProgress
22:49:40.191221,0.50439453125,0.35693359375,-0.782958984375,InProgress
22:49:40.223225,0.504150390625,0.35400390625,-0.7978515625,Finish
22:49:40.224722,0.5029296875,0.363525390625,-0.799072265625,Unknown
22:49:40.257222,0.500244140625,0.355712890625,-0.80615234375,Unknown
22:49:40.258225,0.501708984375,0.3642578125,-0.80126953125,Unknown
22:49:40.291218,0.508544921875,0.361328125,-0.799072265625,Unknown
22:49:40.292219,0.50439453125,0.359619140625,-0.779296875,Unknown
22:49:40.298217,0.5029296875,0.349609375,-0.781005859375,Unknown
22:49:40.330725,0.50439453125,0.34521484375,-0.79052734375,Unknown
22:49:40.332217,0.503662109375,0.364990234375,-0.771728515625,Unknown
22:49:40.365725,0.499755859375,0.368408203125,-0.78662109375,Unknown
22:49:40.367213,0.504150390625,0.350830078125,-0.7763671875,Unknown
22:49:40.380726,0.49853515625,0.36962890625,-0.7724609375,Unknown
22:49:40.413212,0.522705078125,0.370849609375,-0.78564453125,Unknown
22:49:40.414211,0.543701171875,0.316162109375,-0.828369140625,Unknown
22:49:40.446712,0.5380859375,0.333251953125,-0.860107421875,Unknown
22:49:40.448212,0.55126953125,0.385986328125,-0.8046875,Unknown
22:49:40.455712,0.570068359375,0.37158203125,-0.845947265625,Unknown
22:49:40.489446,0.5869140625,0.276611328125,-0.836181640625,Unknown
22:49:40.490950,0.653564453125,0.3427734375,-0.748779296875,Unknown
22:49:40.523444,0.787841796875,0.39404296875,-0.799072265625,Unknown
22:49:40.525944,0.7451171875,0.4599609375,-0.753173828125,Unknown
22:49:40.534447,0.712158203125,0.501220703125,-0.679443359375,Unknown
22:49:40.571945,0.8203125,0.481689453125,-0.78271484375,Unknown
22:49:40.573449,0.875244140625,0.58349609375,-0.775390625,Unknown
22:49:40.581945,0.91845703125,0.572509765625,-0.79736328125,Unknown
22:49:40.614460,0.97412109375,0.695068359375,-0.748779296875,Unknown
22:49:40.615949,1.06591796875,0.815673828125,-0.716552734375,Unknown
22:49:40.648458,1.124267578125,0.875732421875,-0.73046875,Unknown
22:49:40.649447,1.1416015625,0.910400390625,-0.7802734375,Unknown
22:49:40.682446,1.126953125,0.938720703125,-0.817138671875,Unknown
22:49:40.683447,1.08154296875,0.96484375,-0.729248046875,Unknown
22:49:40.715959,1.0146484375,1.00048828125,-0.68359375,Unknown
22:49:40.716962,0.899658203125,0.93701171875,-0.65869140625,Unknown
22:49:40.724948,0.79052734375,0.947265625,-0.53515625,Unknown
22:49:40.756960,0.695068359375,0.94091796875,-0.4462890625,Unknown
22:49:40.758457,0.51416015625,1.056640625,-0.357421875,Unknown
22:49:40.772458,0.484375,1.183349609375,-0.30419921875,Unknown
22:49:40.828457,0.41748046875,1.269287109375,-0.242431640625,Unknown
22:49:40.829460,0.336669921875,1.225830078125,-0.291259765625,Unknown
22:49:40.830958,0.191162109375,1.099853515625,-0.377197265625,Unknown
22:49:40.835958,0.04638671875,0.974365234375,-0.364501953125,Unknown
22:49:40.868449,-0.0615234375,0.867431640625,-0.302001953125,Unknown
22:49:40.869449,-0.1728515625,0.829833984375,-0.3125,Unknown
22:49:40.901962,-0.273193359375,0.74365234375,-0.360595703125,Unknown
22:49:40.903450,-0.334228515625,0.725830078125,-0.38037109375,Unknown
22:49:40.935958,-0.38134765625,0.786376953125,-0.30126953125,Unknown
22:49:40.936960,-0.437744140625,0.740966796875,-0.24267578125,Unknown
22:49:40.969461,-0.537109375,0.728271484375,-0.24658203125,Unknown
22:49:40.970947,-0.5927734375,0.66845703125,-0.306640625,Unknown
22:49:40.978458,-0.622802734375,0.698486328125,-0.35595703125,Unknown
22:49:41.010957,-0.635498046875,0.742919921875,-0.34912109375,Unknown
22:49:41.011960,-0.675048828125,0.72705078125,-0.3369140625,Unknown
22:49:41.045957,-0.697998046875,0.741943359375,-0.2587890625,Unknown
22:49:41.046960,-0.701416015625,0.73486328125,-0.203369140625,Unknown
22:49:41.079461,-0.7080078125,0.718994140625,-0.174560546875,Unknown
22:49:41.080957,-0.708984375,0.68505859375,-0.14501953125,Unknown
22:49:41.088456,-0.702392578125,0.65283203125,-0.12255859375,Unknown
22:49:41.120958,-0.665283203125,0.678955078125,-0.106201171875,Unknown
22:49:41.121960,-0.625732421875,0.68310546875,-0.088134765625,Unknown
22:49:41.154462,-0.595947265625,0.624755859375,-0.0859375,Unknown
22:49:41.155957,-0.577392578125,0.630615234375,-0.03271484375,Unknown
22:49:41.169460,-0.535400390625,0.6318359375,-0.018310546875,Unknown
22:49:41.202462,-0.517578125,0.67626953125,0.03466796875,Unknown
22:49:41.203448,-0.509765625,0.66943359375,0.047607421875,Unknown
22:49:41.236951,-0.511474609375,0.682373046875,0.055908203125,Unknown
22:49:41.238456,-0.510498046875,0.628173828125,-0.02587890625,Unknown
22:49:41.270949,-0.54052734375,0.575927734375,-0.107666015625,Unknown
22:49:41.272461,-0.555908203125,0.560791015625,-0.13232421875,Unknown
22:49:41.278459,-0.54248046875,0.57958984375,-0.133056640625,Unknown
22:49:41.310957,-0.55810546875,0.536376953125,-0.13232421875,Unknown
22:49:41.312450,-0.577880859375,0.512451171875,-0.096435546875,Unknown
22:49:41.344962,-0.578125,0.46435546875,-0.0751953125,Unknown
22:49:41.345956,-0.60986328125,0.409912109375,-0.074951171875,Unknown
22:49:41.378458,-0.657470703125,0.41015625,-0.074462890625,Unknown
22:49:41.379955,-0.689208984375,0.388916015625,-0.0615234375,Unknown
22:49:41.412460,-0.718017578125,0.3994140625,-0.0615234375,Unknown
22:49:41.413447,-0.75439453125,0.442626953125,-0.07080078125,Unknown
22:49:41.419945,-0.81103515625,0.443115234375,-0.058837890625,Unknown
22:49:41.469950,-0.7998046875,0.49658203125,0.020263671875,Unknown
22:49:41.470945,-0.814208984375,0.50537109375,0.010986328125,Unknown
22:49:41.471951,-0.8095703125,0.51904296875,0.03662109375,Unknown
22:49:41.505959,-0.81591796875,0.55322265625,0.069091796875,Unknown
22:49:41.506962,-0.781005859375,0.544189453125,0.104736328125,Unknown
22:49:41.539960,-0.749267578125,0.560302734375,0.15625,Unknown
22:49:41.540948,-0.726806640625,0.580078125,0.16259765625,Unknown
22:49:41.546960,-0.72509765625,0.59521484375,0.1376953125,Unknown
22:49:41.579961,-0.7392578125,0.62890625,0.140380859375,Unknown
22:49:41.580948,-0.732421875,0.659423828125,0.144775390625,Unknown
22:49:41.594954,-0.739013671875,0.650390625,0.149169921875,Unknown
22:49:41.626960,-0.729736328125,0.695556640625,0.1337890625,Unknown
22:49:41.628461,-0.707275390625,0.709228515625,0.144287109375,Unknown
22:49:41.662447,-0.699951171875,0.6904296875,0.16162109375,Unknown
22:49:41.663460,-0.691650390625,0.63427734375,0.16748046875,Unknown
22:49:41.695959,-0.679443359375,0.56103515625,0.18310546875,Unknown
22:49:41.696961,-0.686767578125,0.519287109375,0.174560546875,Unknown
22:49:41.704955,-0.70166015625,0.501708984375,0.150146484375,Unknown
22:49:41.736947,-0.72998046875,0.47705078125,0.112548828125,Unknown
22:49:41.738460,-0.772216796875,0.4580078125,0.1142578125,Unknown
22:49:41.770951,-0.788330078125,0.484130859375,0.14208984375,Unknown
22:49:41.772457,-0.787841796875,0.4951171875,0.137939453125,Unknown
22:49:41.804949,-0.77001953125,0.505615234375,0.095458984375,Unknown
22:49:41.805962,-0.794677734375,0.5146484375,0.032470703125,Unknown
22:49:41.838462,-0.810302734375,0.530517578125,-0.03076171875,Unknown
22:49:41.839959,-0.83251953125,0.518798828125,-0.07568359375,Unknown
22:49:41.846960,-0.859130859375,0.567626953125,-0.0556640625,Unknown
22:49:41.879960,-0.906005859375,0.585205078125,-0.044921875,Unknown
22:49:41.880952,-0.936767578125,0.584716796875,-0.0830078125,Unknown
22:49:41.914956,-0.955322265625,0.594970703125,-0.088134765625,Unknown
22:49:41.917455,-0.952392578125,0.639404296875,-0.079833984375,Unknown
22:49:41.949945,-0.938720703125,0.634521484375,-0.0673828125,Unknown
22:49:41.950961,-0.92626953125,0.623779296875,-0.056396484375,Unknown
22:49:41.959959,-0.919677734375,0.601318359375,-0.085693359375,Unknown
22:49:41.992458,-0.908203125,0.58935546875,-0.105224609375,Unknown
22:49:41.993460,-0.89111328125,0.587646484375,-0.09423828125,Unknown
22:49:42.008460,-0.886962890625,0.577392578125,-0.0908203125,Unknown
22:49:42.044960,-0.89501953125,0.540771484375,-0.124755859375,Unknown
22:49:42.045962,-0.880859375,0.572509765625,-0.11083984375,Unknown
22:49:42.052458,-0.878662109375,0.567626953125,-0.0712890625,Unknown
22:49:42.108460,-0.874755859375,0.5498046875,-0.0634765625,Unknown
22:49:42.109960,-0.856689453125,0.552490234375,-0.0576171875,Unknown
22:49:42.110960,-0.85498046875,0.5615234375,-0.052001953125,Unknown
22:49:42.115960,-0.852294921875,0.583251953125,-0.05517578125,Unknown
22:49:42.148461,-0.85546875,0.554931640625,-0.054931640625,Unknown
22:49:42.149960,-0.850341796875,0.529296875,-0.03955078125,Unknown
22:49:42.182460,-0.840087890625,0.509033203125,-0.042724609375,Unknown
22:49:42.183447,-0.85107421875,0.512939453125,-0.038330078125,Unknown
22:49:42.215960,-0.85400390625,0.524658203125,-0.03857421875,Unknown
22:49:42.217459,-0.873046875,0.52001953125,-0.043701171875,Unknown
22:49:42.249960,-0.8759765625,0.538330078125,-0.03857421875,Unknown
22:49:42.250946,-0.8671875,0.585693359375,0.00634765625,Unknown
22:49:42.258460,-0.849609375,0.6181640625,0.05419921875,Unknown
22:49:42.292460,-0.82861328125,0.642822265625,0.072265625,Unknown
22:49:42.293447,-0.802978515625,0.6708984375,0.07666015625,Unknown
22:49:42.325960,-0.78564453125,0.68798828125,0.06640625,Unknown
22:49:42.327459,-0.748291015625,0.70703125,0.0927734375,Unknown
22:49:42.337448,-0.724365234375,0.690185546875,0.12841796875,Unknown
22:49:42.369960,-0.71533203125,0.71728515625,0.159423828125,Unknown
22:49:42.370460,-0.678955078125,0.71142578125,0.1416015625,Unknown
22:49:42.403462,-0.66015625,0.6953125,0.139404296875,Unknown
22:49:42.404447,-0.635009765625,0.708984375,0.13330078125,Unknown
22:49:42.418460,-0.615966796875,0.684326171875,0.1015625,Unknown
22:49:42.450959,-0.61083984375,0.667236328125,0.090087890625,Unknown
22:49:42.452459,-0.625732421875,0.660400390625,0.089599609375,Unknown
22:49:42.487444,-0.639404296875,0.6865234375,0.074951171875,Unknown
22:49:42.487945,-0.654296875,0.7158203125,0.082275390625,Unknown
22:49:42.494461,-0.673095703125,0.705810546875,0.078369140625,Unknown
22:49:42.527459,-0.681640625,0.677001953125,0.07568359375,Unknown
22:49:42.529959,-0.69384765625,0.676025390625,0.091552734375,Unknown
22:49:42.564462,-0.693603515625,0.677734375,0.077880859375,Unknown
22:49:42.565959,-0.7060546875,0.6533203125,0.05859375,Unknown
22:49:42.573460,-0.71923828125,0.62158203125,0.0595703125,Unknown
22:49:42.605959,-0.728759765625,0.632568359375,0.05615234375,Unknown
22:49:42.606960,-0.74951171875,0.6103515625,0.033447265625,Unknown
22:49:42.639462,-0.769775390625,0.603271484375,-0.00146484375,Unknown
22:49:42.640958,-0.794677734375,0.609130859375,-0.024169921875,Unknown
22:49:42.673460,-0.822509765625,0.59765625,-0.0234375,Unknown
22:49:42.674445,-0.831298828125,0.597412109375,-0.017822265625,Unknown
22:49:42.707459,-0.84326171875,0.58984375,-0.005126953125,Unknown
22:49:42.709461,-0.85107421875,0.621826171875,0.019775390625,Unknown
22:49:42.715959,-0.845458984375,0.64208984375,0.0283203125,Unknown
22:49:42.748460,-0.850341796875,0.650146484375,0.027099609375,Unknown
22:49:42.749445,-0.838134765625,0.67333984375,0.031005859375,Unknown
22:49:42.781960,-0.81884765625,0.687744140625,0.04833984375,Unknown
22:49:42.783460,-0.803955078125,0.697998046875,0.063232421875,Unknown
22:49:42.815958,-0.7841796875,0.673828125,0.060302734375,Unknown
22:49:42.816961,-0.764892578125,0.662841796875,0.051025390625,Unknown
22:49:42.830958,-0.756103515625,0.65966796875,0.051513671875,Unknown
22:49:42.863459,-0.743896484375,0.63671875,0.02685546875,Unknown
22:49:42.864460,-0.73486328125,0.621826171875,0.018310546875,Unknown
22:49:42.873459,-0.726318359375,0.640869140625,0.0322265625,Unknown
22:49:42.905957,-0.73095703125,0.631591796875,0.022216796875,Unknown
22:49:42.906961,-0.72802734375,0.6337890625,0.001953125,Unknown
22:49:42.939460,-0.728515625,0.620361328125,0.008056640625,Unknown
22:49:42.940957,-0.73486328125,0.649169921875,0.014892578125,Unknown
22:49:42.973458,-0.732421875,0.657958984375,0.0263671875,Unknown
22:49:42.974446,-0.73876953125,0.655517578125,0.020263671875,Unknown
22:49:43.006960,-0.748046875,0.683349609375,0.021240234375,Unknown
22:49:43.008458,-0.7373046875,0.70556640625,0.03564453125,Unknown
22:49:43.015958,-0.73046875,0.70556640625,0.044189453125,Unknown
22:49:43.048459,-0.72802734375,0.69384765625,0.042236328125,Unknown
22:49:43.049448,-0.721923828125,0.69287109375,0.033447265625,Unknown
22:49:43.083459,-0.708740234375,0.698974609375,0.04638671875,Unknown
22:49:43.084446,-0.70556640625,0.690185546875,0.06591796875,Unknown
22:49:43.116949,-0.70849609375,0.6826171875,0.054931640625,Unknown
22:49:43.118458,-0.70947265625,0.68310546875,0.048828125,Unknown
22:49:43.126961,-0.700927734375,0.696044921875,0.052490234375,Unknown
22:49:43.159460,-0.703369140625,0.697021484375,0.059326171875,Unknown
22:49:43.160957,-0.70458984375,0.712158203125,0.0712890625,Unknown
22:49:43.193458,-0.701416015625,0.70703125,0.0556640625,Unknown
22:49:43.194446,-0.7060546875,0.716064453125,0.048583984375,Unknown
22:49:43.226962,-0.700439453125,0.716064453125,0.05810546875,Unknown
22:49:43.228449,-0.705810546875,0.71044921875,0.062744140625,Unknown
22:49:43.241962,-0.70166015625,0.71142578125,0.055908203125,Unknown
22:49:43.275956,-0.697265625,0.729248046875,0.06884765625,Unknown
22:49:43.276947,-0.67578125,0.736083984375,0.06787109375,Unknown
22:49:43.284461,-0.68017578125,0.73779296875,0.06396484375,Unknown
22:49:43.316960,-0.666259765625,0.7412109375,0.049560546875,Unknown
22:49:43.318457,-0.651611328125,0.742919921875,0.047607421875,Unknown
22:49:43.350961,-0.642333984375,0.740966796875,0.0634765625,Unknown
22:49:43.351961,-0.632568359375,0.728271484375,0.06591796875,Unknown
22:49:43.388450,-0.624755859375,0.712890625,0.05859375,Unknown
22:49:43.389447,-0.60791015625,0.70458984375,0.05712890625,Unknown
22:49:43.395958,-0.598388671875,0.697265625,0.055419921875,Unknown
22:49:43.428457,-0.575439453125,0.702392578125,0.061279296875,Unknown
22:49:43.429461,-0.556396484375,0.684326171875,0.06787109375,Unknown
22:49:43.463456,-0.54150390625,0.677734375,0.062255859375,Unknown
22:49:43.464461,-0.519287109375,0.6845703125,0.054443359375,Unknown
22:49:43.496961,-0.510009765625,0.6884765625,0.0634765625,Unknown
22:49:43.498457,-0.498291015625,0.677490234375,0.071533203125,Unknown
22:49:43.505945,-0.488037109375,0.671630859375,0.095703125,Unknown
22:49:43.538448,-0.4580078125,0.669921875,0.123291015625,Unknown
22:49:43.540947,-0.413330078125,0.68408203125,0.13720703125,Unknown
22:49:43.574461,-0.373046875,0.6982421875,0.130615234375,Unknown
22:49:43.575963,-0.348388671875,0.7197265625,0.12109375,Unknown
22:49:43.608459,-0.32763671875,0.751708984375,0.150634765625,Unknown
22:49:43.609960,-0.317626953125,0.7470703125,0.16748046875,Unknown
22:49:43.616961,-0.3203125,0.73193359375,0.1669921875,Unknown
22:49:43.649461,-0.33642578125,0.75048828125,0.185302734375,Unknown
22:49:43.650962,-0.35693359375,0.77392578125,0.20654296875,Unknown
22:49:43.683461,-0.3779296875,0.789794921875,0.217041015625,Unknown
22:49:43.684958,-0.391357421875,0.81005859375,0.2197265625,Unknown
22:49:43.716961,-0.394287109375,0.84716796875,0.24658203125,Unknown
22:49:43.718458,-0.417724609375,0.841552734375,0.270263671875,Unknown
22:49:43.750944,-0.440185546875,0.865966796875,0.306884765625,Unknown
22:49:43.751945,-0.445068359375,0.897705078125,0.328857421875,Unknown
22:49:43.759956,-0.457275390625,0.91015625,0.332275390625,Unknown
22:49:43.792456,-0.48779296875,0.9462890625,0.348876953125,Unknown
22:49:43.793461,-0.5322265625,0.970947265625,0.38232421875,Unknown
22:49:43.827456,-0.602294921875,1.0966796875,0.483642578125,Unknown
22:49:43.828457,-0.67578125,1.150634765625,0.58154296875,Unknown
22:49:43.860960,-0.822509765625,1.197509765625,0.65625,Unknown
22:49:43.862460,-0.93798828125,1.3173828125,0.7255859375,Unknown
22:49:43.869956,-1.1318359375,1.504638671875,0.78662109375,Unknown
22:49:43.902456,-1.469482421875,1.710693359375,0.831298828125,Unknown
22:49:43.903462,-2.165283203125,1.9267578125,0.932861328125,Unknown
22:49:43.935963,-2.969482421875,2.149169921875,0.953857421875,Unknown
22:49:43.937459,-3.77001953125,2.656494140625,1.131103515625,Unknown
22:49:43.969956,-3.92529296875,3.498046875,1.297607421875,Unknown
22:49:43.970947,-3.39794921875,4.49072265625,1.549072265625,Unknown
22:49:44.028460,-2.505615234375,5.51171875,2.41259765625,Unknown
22:49:44.029956,-1.0263671875,6.4873046875,3.2265625,Unknown
22:49:44.043462,0.7734375,6.065185546875,2.769287109375,Start
22:49:44.045960,2.77734375,3.980224609375,0.825927734375,InProgress
22:49:44.046962,5.786376953125,1.12548828125,0.472900390625,InProgress
22:49:44.080962,7.999755859375,0.31689453125,2.275634765625,InProgress
22:49:44.082456,7.300537109375,-1.582275390625,-0.471923828125,Finish
22:49:44.114960,7.13037109375,-1.513916015625,-0.578857421875,Unknown
22:49:44.115946,4.790771484375,-0.624755859375,-0.722900390625,Unknown
22:49:44.121962,3.0087890625,0.869140625,-0.724609375,Unknown
22:49:44.154953,1.459228515625,1.857421875,-0.43115234375,Unknown
22:49:44.155947,0.370361328125,2.389892578125,0.01806640625,Unknown
22:49:44.188543,-0.310791015625,2.8046875,0.53515625,Unknown
22:49:44.189542,-0.651123046875,2.815185546875,1.036865234375,Unknown
22:49:44.222053,-0.651123046875,2.62451171875,1.234130859375,Unknown
22:49:44.223541,-0.643310546875,2.42724609375,1.342041015625,Unknown
22:49:44.256043,-0.71435546875,2.01806640625,1.31982421875,Unknown
22:49:44.257041,-0.826904296875,1.55712890625,1.224609375,Unknown
22:49:44.264553,-0.826904296875,1.222900390625,1.11865234375,Unknown
22:49:44.297265,-0.811279296875,1.080810546875,1.038818359375,Unknown
22:49:44.298256,-0.79345703125,1.03759765625,0.970458984375,Unknown
22:49:44.332264,-0.836669921875,1.024169921875,0.95458984375,Unknown
22:49:44.333255,-1.0146484375,1.1123046875,1.147216796875,Unknown
22:49:44.366263,-1.41259765625,1.262451171875,1.38134765625,Unknown
22:49:44.367256,-1.929931640625,1.435546875,1.482666015625,Unknown
22:49:44.374825,-2.3671875,1.585693359375,1.533447265625,Unknown
22:49:44.407329,-2.738037109375,1.877685546875,1.63037109375,Unknown
22:49:44.408334,-3.167236328125,2.29931640625,1.852783203125,Unknown
22:49:44.440830,-3.33740234375,2.73583984375,1.89013671875,Unknown
22:49:44.442325,-3.101806640625,3.00732421875,1.70556640625,Unknown
22:49:44.454836,-2.669921875,3.107666015625,1.49462890625,Unknown
22:49:44.487336,-2.356201171875,3.162841796875,1.500244140625,Unknown
22:49:44.488323,-2.26611328125,3.410888671875,1.7353515625,Unknown
22:49:44.522336,-1.837158203125,3.92431640625,2.1162109375,Unknown
22:49:44.523329,-0.995849609375,4.572021484375,2.662109375,Unknown
22:49:44.563833,0.131591796875,5.09912109375,2.98046875,Unknown
22:49:44.564825,2.05419921875,4.915771484375,3.11328125,Start
22:49:44.568339,6.281005859375,2.87890625,1.08984375,InProgress
22:49:44.601333,7.999755859375,0.266357421875,1.091796875,InProgress
22:49:44.602325,7.020751953125,-1.568359375,-0.0625,Finish
22:49:44.636333,6.183837890625,-1.574951171875,-0.01171875,Unknown
22:49:44.637325,4.89404296875,-0.95654296875,-0.666748046875,Unknown
22:49:44.668823,3.227783203125,0.468994140625,-0.766845703125,Unknown
22:49:44.669823,2.0068359375,1.67626953125,-0.156982421875,Unknown
22:49:44.676332,1.0732421875,2.52197265625,0.493408203125,Unknown
22:49:44.708833,0.155029296875,3.2265625,1.15576171875,Unknown
22:49:44.709826,-0.63916015625,3.388916015625,1.449951171875,Unknown
22:49:44.742333,-1.122314453125,3.020751953125,1.410400390625,Unknown
22:49:44.743323,-1.255859375,2.5380859375,1.330810546875,Unknown
22:49:44.776333,-1.32470703125,2.1103515625,1.31689453125,Unknown
22:49:44.777326,-1.31201171875,1.748291015625,1.27978515625,Unknown
22:49:44.810836,-1.248779296875,1.43505859375,1.142333984375,Unknown
22:49:44.811823,-1.106689453125,1.138671875,0.950439453125,Unknown
22:49:44.819835,-0.977783203125,0.872802734375,0.80078125,Unknown
22:49:44.852334,-0.867919921875,0.667236328125,0.7197265625,Unknown
22:49:44.853834,-0.804931640625,0.50927734375,0.748046875,Unknown
22:49:44.888834,-0.821533203125,0.4404296875,0.80224609375,Unknown
22:49:44.889831,-0.921142578125,0.43798828125,0.79931640625,Unknown
22:49:44.897333,-1.018798828125,0.55810546875,0.845703125,Unknown
22:49:44.929835,-1.125,0.757568359375,0.943115234375,Unknown
22:49:44.930826,-1.303466796875,1.0791015625,1.078125,Unknown
22:49:44.964835,-1.47265625,1.51806640625,1.218505859375,Unknown
22:49:44.965823,-1.61767578125,1.991943359375,1.3583984375,Unknown
22:49:44.998833,-1.669189453125,2.316650390625,1.4326171875,Unknown
22:49:44.999826,-1.692138671875,2.67919921875,1.402587890625,Unknown
22:49:45.007323,-1.62646484375,2.77099609375,1.261474609375,Unknown
22:49:45.039824,-1.634521484375,2.589599609375,1.12744140625,Unknown
22:49:45.040826,-1.799072265625,2.36865234375,0.919921875,Unknown
22:49:45.074332,-2.095947265625,2.45263671875,0.711669921875,Unknown
22:49:45.075834,-2.55322265625,3.223388671875,0.90771484375,Unknown
22:49:45.108846,-2.586669921875,4.68212890625,1.417236328125,Unknown
22:49:45.109323,-1.685546875,6.356201171875,2.035888671875,Unknown
22:49:45.118835,-0.2861328125,6.74853515625,2.411376953125,Unknown
22:49:45.150834,1.669921875,5.96435546875,2.208740234375,Start
22:49:45.151826,5.0341796875,2.806884765625,0.83349609375,InProgress
22:49:45.185838,7.999755859375,0.019775390625,2.06201171875,InProgress
22:49:45.193336,7.653076171875,-2.201171875,0.453369140625,Finish
22:49:45.202335,7.386962890625,-2.692626953125,-0.57861328125,Unknown
22:49:45.235834,5.5244140625,-2.067626953125,-0.70751953125,Unknown
22:49:45.236821,3.82177734375,-0.427001953125,-0.545166015625,Unknown
22:49:45.244829,2.31982421875,1.24365234375,-0.241943359375,Unknown
22:49:45.277335,1.204833984375,2.355224609375,0.01123046875,Unknown
22:49:45.278324,0.37451171875,2.909912109375,0.314697265625,Unknown
22:49:45.308834,-0.14599609375,3.349609375,0.914794921875,Unknown
22:49:45.314824,-0.49853515625,3.53759765625,1.20654296875,Unknown
22:49:45.347334,-0.7412109375,3.1748046875,1.14013671875,Unknown
22:49:45.348324,-0.943603515625,2.6572265625,1.046630859375,Unknown
22:49:45.354829,-1.090087890625,2.178466796875,0.9677734375,Unknown
22:49:45.388336,-1.09912109375,1.8193359375,0.845458984375,Unknown
22:49:45.389834,-1.054443359375,1.57958984375,0.6025390625,Unknown
22:49:45.422335,-0.9541015625,1.419677734375,0.494873046875,Unknown
22:49:45.423321,-0.859130859375,1.28125,0.518310546875,Unknown
22:49:45.457332,-0.8349609375,1.122802734375,0.510009765625,Unknown
22:49:45.458332,-0.833251953125,0.978515625,0.465576171875,Unknown
22:49:45.465836,-0.82861328125,0.912109375,0.46435546875,Unknown
22:49:45.498335,-0.82470703125,0.9462890625,0.51513671875,Unknown
22:49:45.499825,-0.84326171875,1.0400390625,0.61962890625,Unknown
22:49:45.532335,-0.913330078125,1.142578125,0.72705078125,Unknown
22:49:45.534834,-1.0126953125,1.22802734375,0.81787109375,Unknown
22:49:45.568343,-1.14208984375,1.3525390625,0.875244140625,Unknown
22:49:45.569825,-1.262939453125,1.605712890625,0.879638671875,Unknown
22:49:45.577338,-1.41064453125,1.99072265625,0.902099609375,Unknown
22:49:45.609835,-1.588134765625,2.3671875,0.930419921875,Unknown
22:49:45.610825,-1.776123046875,2.4365234375,1.059814453125,Unknown
22:49:45.643335,-1.975341796875,2.362548828125,1.19921875,Unknown
22:49:45.645835,-2.207275390625,2.2744140625,0.993896484375,Unknown
22:49:45.678338,-2.468505859375,2.312255859375,0.608154296875,Unknown
22:49:45.679825,-2.762451171875,2.83251953125,0.626953125,Unknown
22:49:45.687322,-2.8134765625,4.19580078125,1.021728515625,Unknown
22:49:45.719838,-2.402587890625,5.88916015625,1.666259765625,Unknown
22:49:45.720824,-1.22412109375,7.32861328125,2.40380859375,Unknown
22:49:45.754831,0.2919921875,7.764404296875,2.346435546875,Unknown
22:49:45.755824,2.1533203125,7.0439453125,1.968017578125,Start
22:49:45.788325,5.1318359375,4.3349609375,1.1640625,InProgress
22:49:45.789832,7.999755859375,1.70458984375,1.841552734375,InProgress
22:49:45.798336,7.999755859375,-1.15380859375,1.261962890625,InProgress
22:49:45.832378,7.745361328125,-2.742919921875,-0.550537109375,Finish
22:49:45.834878,6.46826171875,-2.512939453125,-0.947021484375,Unknown
22:49:45.867377,4.616943359375,-0.884765625,-0.662353515625,Unknown
22:49:45.868371,2.963623046875,0.663818359375,-0.29150390625,Unknown
22:49:45.900881,1.727294921875,1.737060546875,-0.24658203125,Unknown
22:49:45.902378,0.645751953125,2.579833984375,0.26025390625,Unknown
22:49:45.908428,-0.09521484375,3.099609375,0.797607421875,Unknown
22:49:45.948381,-0.543701171875,3.343017578125,1.224609375,Unknown
22:49:45.949881,-0.771240234375,3.065673828125,1.443603515625,Unknown
22:49:45.955871,-0.912109375,2.451904296875,1.443359375,Unknown
22:49:45.988459,-1.179443359375,1.96826171875,1.328369140625,Unknown
22:49:45.989478,-1.290771484375,1.58056640625,1.1708984375,Unknown
22:49:46.022417,-1.24951171875,1.428955078125,1.111083984375,Unknown
22:49:46.023422,-1.245361328125,1.383056640625,0.939453125,Unknown
22:49:46.057416,-1.211669921875,1.300537109375,0.72216796875,Unknown
22:49:46.058419,-1.15869140625,1.234130859375,0.5947265625,Unknown
22:49:46.090917,-1.09619140625,1.137451171875,0.503173828125,Unknown
22:49:46.091917,-1.0673828125,1.041259765625,0.458984375,Unknown
22:49:46.098429,-1.052001953125,0.976318359375,0.518798828125,Unknown
22:49:46.132416,-1.03173828125,0.98486328125,0.60302734375,Unknown
22:49:46.133420,-1.045654296875,1.066162109375,0.654541015625,Unknown
22:49:46.165928,-1.0810546875,1.154296875,0.72216796875,Unknown
22:49:46.167417,-1.133544921875,1.254150390625,0.782470703125,Unknown
22:49:46.200928,-1.17333984375,1.477783203125,0.890869140625,Unknown
22:49:46.202415,-1.2060546875,1.8408203125,1.03076171875,Unknown
22:49:46.208417,-1.30419921875,2.166259765625,1.02197265625,Unknown
22:49:46.240916,-1.50341796875,2.202392578125,0.857666015625,Unknown
22:49:46.242417,-1.628173828125,2.2421875,0.74462890625,Unknown
22:49:46.274917,-1.779296875,2.11865234375,0.685546875,Unknown
22:49:46.277417,-1.8740234375,2.017333984375,0.824951171875,Unknown
22:49:46.309916,-2.016845703125,2.083251953125,0.972900390625,Unknown
22:49:46.310928,-2.310302734375,2.79833984375,1.0244140625,Unknown
22:49:46.318428,-2.4794921875,4.3779296875,1.279052734375,Unknown
22:49:46.350928,-2.0888671875,6.11376953125,1.803466796875,Unknown
22:49:46.353428,-0.94775390625,6.933837890625,2.173583984375,Unknown
22:49:46.387416,0.879638671875,6.7041015625,2.438720703125,Start
22:49:46.388423,3.66064453125,5.0546875,2.3603515625,InProgress
22:49:46.420928,6.906494140625,2.294189453125,0.87060546875,InProgress
22:49:46.422416,7.999755859375,-0.0107421875,1.093994140625,InProgress
22:49:46.429916,7.3125,-1.41650390625,0.12451171875,Finish
22:49:46.462416,6.4931640625,-1.91259765625,-0.39501953125,Unknown
22:49:46.468425,4.78369140625,-1.45361328125,-0.926513671875,Unknown
22:49:46.500928,3.10400390625,-0.389404296875,-1.020263671875,Unknown
22:49:46.502415,1.82666015625,0.869140625,-0.355712890625,Unknown
22:49:46.509921,0.675048828125,1.78857421875,0.33935546875,Unknown
22:49:46.548428,-0.3095703125,2.390380859375,0.82861328125,Unknown
22:49:46.550928,-0.82275390625,2.542236328125,0.884765625,Unknown
22:49:46.557416,-0.859375,2.90185546875,1.329345703125,Unknown
22:49:46.588429,-0.748291015625,2.68115234375,1.450927734375,Unknown
22:49:46.589916,-0.83154296875,2.19970703125,1.332763671875,Unknown
22:49:46.623429,-0.94384765625,1.7734375,1.160888671875,Unknown
22:49:46.624916,-0.935791015625,1.445068359375,1.01953125,Unknown
22:49:46.657416,-0.832763671875,1.311279296875,0.9248046875,Unknown
22:49:46.658416,-0.780029296875,1.23828125,0.79345703125,Unknown
22:49:46.667416,-0.69921875,1.1953125,0.57958984375,Unknown
22:49:46.699916,-0.640869140625,1.096923828125,0.38427734375,Unknown
22:49:46.700923,-0.630615234375,0.951904296875,0.2783203125,Unknown
22:49:46.733430,-0.614013671875,0.90771484375,0.318115234375,Unknown
22:49:46.734915,-0.62744140625,0.943359375,0.399169921875,Unknown
22:49:46.767416,-0.69091796875,1.051025390625,0.44287109375,Unknown
22:49:46.768417,-0.77099609375,1.097412109375,0.486572265625,Unknown
22:49:46.800930,-0.86376953125,1.158935546875,0.57080078125,Unknown
22:49:46.802415,-0.936279296875,1.314453125,0.780029296875,Unknown
22:49:46.809916,-1.09814453125,1.681396484375,1.001708984375,Unknown
22:49:46.842416,-1.312255859375,1.939453125,1.10009765625,Unknown
22:49:46.843420,-1.51416015625,2.262451171875,1.241455078125,Unknown
22:49:46.878429,-1.769287109375,2.535888671875,1.398193359375,Unknown
22:49:46.879916,-1.935791015625,2.6923828125,1.43505859375,Unknown
22:49:46.912416,-1.97314453125,2.794677734375,1.09130859375,Unknown
22:49:46.913419,-2.203125,2.724853515625,0.669189453125,Unknown
22:49:46.919916,-2.696533203125,3.126953125,0.739013671875,Unknown
22:49:46.952416,-2.90478515625,3.949462890625,0.97314453125,Unknown
22:49:46.953421,-2.30859375,5.09130859375,1.503662109375,Unknown
22:49:46.985928,-1.589599609375,6.382080078125,2.4609375,Unknown
22:49:46.987415,-0.3515625,6.939453125,3.0419921875,Unknown
22:49:47.019920,1.475341796875,6.732666015625,2.974853515625,Start
22:49:47.020917,5.085205078125,3.695556640625,1.558349609375,InProgress
22:49:47.053428,7.999755859375,0.57861328125,3.248779296875,InProgress
22:49:47.054915,7.999755859375,-1.98046875,2.178955078125,InProgress
22:49:47.062416,7.999755859375,-4.224365234375,-0.724365234375,InProgress
22:49:47.094916,6.286376953125,-3.014892578125,-0.785888671875,Finish
22:49:47.095918,4.595947265625,-0.943115234375,-0.49560546875,Unknown
22:49:47.129916,2.466796875,1.294921875,-0.12158203125,Unknown
22:49:47.130921,1.0009765625,2.49267578125,0.0107421875,Unknown
22:49:47.163416,0.14013671875,3.260498046875,0.461181640625,Unknown
22:49:47.164915,-0.6953125,3.26318359375,0.87109375,Unknown
22:49:47.171930,-0.973388671875,2.8740234375,1.24169921875,Unknown
22:49:47.228415,-1.00537109375,2.56396484375,1.587158203125,Unknown
22:49:47.229915,-1.071044921875,2.142822265625,1.545166015625,Unknown
22:49:47.230926,-1.117919921875,1.884765625,1.33349609375,Unknown
22:49:47.235928,-1.098388671875,1.63818359375,1.03271484375,Unknown
22:49:47.268416,-1.01318359375,1.591552734375,0.959228515625,Unknown
22:49:47.269916,-0.9140625,1.51318359375,0.894775390625,Unknown
22:49:47.302419,-0.8271484375,1.319580078125,0.68505859375,Unknown
22:49:47.303416,-0.717529296875,1.174072265625,0.496826171875,Unknown
22:49:47.337419,-0.666259765625,1.06494140625,0.3046875,Unknown
22:49:47.338415,-0.604248046875,1.051025390625,0.206298828125,Unknown
22:49:47.371417,-0.587158203125,1.069580078125,0.261962890625,Unknown
22:49:47.371928,-0.58544921875,1.123046875,0.299072265625,Unknown
22:49:47.378421,-0.5986328125,1.143798828125,0.3623046875,Unknown
22:49:47.410928,-0.6337890625,1.219970703125,0.500244140625,Unknown
22:49:47.411928,-0.679443359375,1.359130859375,0.64990234375,Unknown
22:49:47.446419,-0.741943359375,1.43115234375,0.68017578125,Unknown
22:49:47.447420,-0.847412109375,1.59521484375,0.788818359375,Unknown
22:49:47.479916,-0.95361328125,1.7490234375,0.905029296875,Unknown
22:49:47.480918,-1.162841796875,1.866943359375,0.95166015625,Unknown
22:49:47.489916,-1.36376953125,1.999755859375,0.91943359375,Unknown
22:49:47.522420,-1.46728515625,2.11474609375,0.921630859375,Unknown
22:49:47.524915,-1.465087890625,2.274169921875,0.809814453125,Unknown
22:49:47.559915,-1.57275390625,2.283203125,0.638427734375,Unknown
22:49:47.560915,-1.6787109375,2.465087890625,0.583984375,Unknown
22:49:47.568417,-1.725341796875,2.910400390625,0.755615234375,Unknown
22:49:47.600917,-1.861083984375,3.891845703125,1.07275390625,Unknown
22:49:47.601926,-1.960693359375,5.621337890625,1.47216796875,Unknown
22:49:47.634429,-1.490478515625,6.948974609375,1.970947265625,Unknown
22:49:47.635915,-0.369384765625,7.530517578125,2.66259765625,Unknown
22:49:47.668423,1.423095703125,7.481201171875,2.982421875,Start
22:49:47.669417,4.053466796875,5.684326171875,2.10595703125,InProgress
22:49:47.702421,7.999755859375,2.3115234375,2.644287109375,InProgress
22:49:47.703426,7.999755859375,-0.32763671875,2.98046875,InProgress
22:49:47.709419,7.999755859375,-3.44775390625,-0.552978515625,InProgress
22:49:47.743612,6.64599609375,-3.245849609375,-1.371337890625,Finish
22:49:47.744635,4.909423828125,-2.011962890625,-1.521728515625,Unknown
22:49:47.784633,3.3603515625,-0.577392578125,-0.681396484375,Unknown
22:49:47.785136,2.14501953125,1.696044921875,0.26806640625,Unknown
22:49:47.813638,0.79931640625,2.69091796875,0.912353515625,Unknown
22:49:47.816134,0.2666015625,3.001220703125,0.794189453125,Unknown
22:49:47.821134,-0.22119140625,3.233642578125,1.162109375,Unknown
22:49:47.868636,-0.572509765625,3.417236328125,1.794921875,Unknown
22:49:47.869625,-0.941162109375,3.145751953125,2.026123046875,Unknown
22:49:47.871138,-1.199462890625,2.705322265625,1.776123046875,Unknown
22:49:47.903638,-1.227783203125,2.1416015625,1.36767578125,Unknown
22:49:47.904626,-1.087890625,1.709716796875,1.028564453125,Unknown
22:49:47.938630,-0.903564453125,1.380859375,0.794921875,Unknown
22:49:47.939632,-0.738037109375,1.175537109375,0.590576171875,Unknown
22:49:47.947139,-0.606201171875,0.93310546875,0.438232421875,Unknown
22:49:47.979639,-0.50390625,0.77685546875,0.353271484375,Unknown
22:49:47.981131,-0.41845703125,0.652587890625,0.3115234375,Unknown
22:49:48.013638,-0.347412109375,0.59619140625,0.330322265625,Unknown
22:49:48.014627,-0.325927734375,0.673828125,0.46826171875,Unknown
22:49:48.047140,-0.3408203125,0.74658203125,0.5341796875,Unknown
22:49:48.048634,-0.373779296875,0.904541015625,0.62060546875,Unknown
22:49:48.081138,-0.3740234375,1.0751953125,0.70849609375,Unknown
22:49:48.082128,-0.438720703125,1.248291015625,0.853759765625,Unknown
22:49:48.089628,-0.53369140625,1.4462890625,1.0517578125,Unknown
22:49:48.123639,-0.621826171875,1.619140625,1.153076171875,Unknown
22:49:48.124628,-0.729736328125,1.67333984375,1.117431640625,Unknown
22:49:48.157139,-0.869140625,1.750732421875,1.093505859375,Unknown
22:49:48.158634,-0.993896484375,1.95654296875,1.081787109375,Unknown
22:49:48.192139,-1.113525390625,2.188720703125,1.0986328125,Unknown
22:49:48.193635,-1.270751953125,2.398193359375,1.13037109375,Unknown
22:49:48.199641,-1.4775390625,2.49609375,1.182373046875,Unknown
22:49:48.232138,-1.6796875,2.68896484375,1.050048828125,Unknown
22:49:48.233634,-1.98876953125,3.064208984375,0.822509765625,Unknown
22:49:48.266138,-2.17724609375,3.89306640625,1.15185546875,Unknown
22:49:48.267125,-1.935546875,5.252197265625,2.115966796875,Unknown
22:49:48.299639,-1.150390625,6.56103515625,3.140380859375,Unknown
22:49:48.301131,-0.087646484375,7.12939453125,3.55615234375,Unknown
22:49:48.333637,1.287109375,7.217529296875,3.3193359375,Start
22:49:48.334635,2.997802734375,6.066650390625,2.6005859375,InProgress
22:49:48.342140,6.228515625,3.133544921875,1.419189453125,InProgress
22:49:48.376135,7.999755859375,0.749755859375,2.06982421875,InProgress
22:49:48.377135,7.999755859375,-1.78564453125,0.139892578125,InProgress
22:49:48.409636,7.953857421875,-2.992919921875,-1.35693359375,Finish
22:49:48.410633,6.486328125,-2.24267578125,-1.591552734375,Unknown
22:49:48.444629,4.64306640625,-0.51513671875,-1.512939453125,Unknown
22:49:48.446138,2.95263671875,1.155517578125,-0.85205078125,Unknown
22:49:48.452141,1.488525390625,2.3154296875,-0.059326171875,Unknown
22:49:48.508637,0.3515625,2.899658203125,0.614013671875,Unknown
22:49:48.509629,-0.452392578125,3.135009765625,1.281005859375,Unknown
22:49:48.511130,-0.63232421875,3.257080078125,1.82421875,Unknown
22:49:48.517139,-0.705322265625,3.087646484375,1.949462890625,Unknown
22:49:48.551138,-0.8779296875,2.56787109375,1.7158203125,Unknown
22:49:48.552129,-1.077392578125,2.041259765625,1.476318359375,Unknown
22:49:48.584639,-1.1259765625,1.662841796875,1.2255859375,Unknown
22:49:48.586133,-1.019287109375,1.4521484375,1.058837890625,Unknown
22:49:48.594629,-0.8994140625,1.365478515625,0.875732421875,Unknown
22:49:48.627136,-0.783447265625,1.3154296875,0.686767578125,Unknown
22:49:48.628636,-0.673583984375,1.264892578125,0.528564453125,Unknown
22:49:48.661135,-0.617431640625,1.236083984375,0.428955078125,Unknown
22:49:48.662136,-0.58251953125,1.181884765625,0.46826171875,Unknown
22:49:48.694628,-0.540771484375,1.133544921875,0.51318359375,Unknown
22:49:48.696138,-0.531005859375,1.097900390625,0.52294921875,Unknown
22:49:48.728628,-0.495849609375,1.0615234375,0.46044921875,Unknown
22:49:48.729628,-0.48486328125,1.109619140625,0.52734375,Unknown
22:49:48.737140,-0.504638671875,1.127685546875,0.589599609375,Unknown
22:49:48.769639,-0.52197265625,1.14501953125,0.69775390625,Unknown
22:49:48.771135,-0.5615234375,1.220458984375,0.7919921875,Unknown
22:49:48.804639,-0.623779296875,1.30908203125,0.882568359375,Unknown
22:49:48.806128,-0.706298828125,1.4033203125,0.946044921875,Unknown
22:49:48.838636,-0.79541015625,1.45166015625,0.971435546875,Unknown
22:49:48.839627,-0.95654296875,1.427734375,1.072998046875,Unknown
22:49:48.848636,-1.057373046875,1.38720703125,1.14501953125,Unknown
22:49:48.881137,-1.231201171875,1.43408203125,1.13818359375,Unknown
22:49:48.882130,-1.35400390625,1.407958984375,1.010009765625,Unknown
22:49:48.896137,-1.489013671875,1.340576171875,0.851318359375,Unknown
22:49:48.929639,-1.4365234375,1.950927734375,0.4130859375,Unknown
22:49:48.931138,-1.601318359375,3.4521484375,0.669189453125,Unknown
22:49:48.963636,-1.909423828125,4.72021484375,1.7373046875,Unknown
22:49:48.964627,-1.47021484375,6.8828125,3.080078125,Unknown
22:49:48.998636,-0.362548828125,7.9296875,3.28271484375,Unknown
22:49:48.999630,1.012451171875,7.76708984375,3.387939453125,Start
22:49:49.006137,2.35400390625,6.986083984375,3.20166015625,InProgress
22:49:49.038635,4.083251953125,5.778564453125,2.191162109375,InProgress
22:49:49.039627,6.89111328125,2.975830078125,1.684326171875,InProgress
22:49:49.073635,7.91796875,0.12890625,2.181396484375,InProgress
22:49:49.074626,7.999755859375,-2.962646484375,0.071044921875,InProgress
22:49:49.107141,7.768798828125,-4.261962890625,-1.57470703125,Finish
22:49:49.108635,6.76904296875,-3.861083984375,-2.012939453125,Unknown
22:49:49.148635,5.361328125,-2.0625,-1.440185546875,Unknown
22:49:49.149626,4.115234375,0.60791015625,-0.62158203125,Unknown
22:49:49.151133,2.65966796875,2.184326171875,-0.317626953125,Unknown
22:49:49.184639,1.753173828125,2.662109375,-0.15478515625,Unknown
22:49:49.186134,1.243408203125,3.224365234375,0.6083984375,Unknown
22:49:49.218635,0.873291015625,3.75830078125,1.425048828125,Unknown
22:49:49.219629,0.562744140625,3.711669921875,1.673583984375,Unknown
22:49:49.227136,0.31103515625,3.095703125,1.451416015625,Unknown
22:49:49.259639,-0.069091796875,2.6591796875,1.388671875,Unknown
22:49:49.261136,-0.3857421875,2.40087890625,1.430908203125,Unknown
22:49:49.293635,-0.60595703125,2.35302734375,1.35546875,Unknown
22:49:49.294637,-0.690673828125,2.3837890625,1.3056640625,Unknown
22:49:49.308637,-0.708740234375,2.3662109375,1.246826171875,Unknown
22:49:49.341136,-0.708251953125,2.20263671875,1.144775390625,Unknown
22:49:49.342132,-0.73583984375,1.896484375,0.951904296875,Unknown
22:49:49.376135,-0.73486328125,1.581787109375,0.82470703125,Unknown
22:49:49.377130,-0.716064453125,1.40966796875,0.78369140625,Unknown
22:49:49.409639,-0.7138671875,1.309814453125,0.76953125,Unknown
22:49:49.411137,-0.724853515625,1.274169921875,0.761962890625,Unknown
22:49:49.417140,-0.739501953125,1.34228515625,0.73681640625,Unknown
22:49:49.449639,-0.770263671875,1.4404296875,0.744384765625,Unknown
22:49:49.451132,-0.83642578125,1.5009765625,0.824462890625,Unknown
22:49:49.483636,-0.884033203125,1.60400390625,0.9375,Unknown
22:49:49.484631,-0.912841796875,1.748046875,1.02587890625,Unknown
22:49:49.518637,-0.900634765625,1.81689453125,0.89111328125,Unknown
22:49:49.521135,-0.848388671875,1.8984375,0.807373046875,Unknown
22:49:49.527136,-0.806396484375,1.984375,0.816650390625,Unknown
22:49:49.559639,-0.826416015625,2.043212890625,0.785400390625,Unknown
22:49:49.561136,-0.94384765625,2.086181640625,0.81982421875,Unknown
22:49:49.593635,-1.0478515625,2.08935546875,0.706787109375,Unknown
22:49:49.594630,-1.141845703125,2.203369140625,0.6025390625,Unknown
22:49:49.628628,-1.45166015625,2.8779296875,0.9599609375,Unknown
22:49:49.629635,-1.6640625,4.438720703125,2.085205078125,Unknown
22:49:49.662127,-1.44091796875,6.1650390625,3.218994140625,Unknown
22:49:49.663627,-0.681396484375,6.90234375,3.502197265625,Unknown
22:49:49.669641,0.425537109375,6.665283203125,3.537109375,Unknown
22:49:49.702634,1.8876953125,6.35302734375,3.730224609375,Start
22:49:49.703637,4.259521484375,5.1376953125,2.998779296875,InProgress
22:49:49.718634,7.121337890625,2.348876953125,1.8681640625,InProgress
22:49:49.751140,7.999755859375,-0.10986328125,2.3798828125,InProgress
22:49:49.752127,7.999755859375,-2.259765625,1.304443359375,InProgress
22:49:49.788639,6.630859375,-3.2783203125,-1.1533203125,Finish
22:49:49.789626,5.56005859375,-2.776611328125,-1.418212890625,Unknown
22:49:49.797134,4.388427734375,-1.055419921875,-0.44189453125,Unknown
22:49:49.829636,3.087158203125,0.729248046875,0.18017578125,Unknown
22:49:49.830628,2.115234375,1.830078125,0.287353515625,Unknown
22:49:49.864684,1.1689453125,2.59326171875,0.76171875,Unknown
22:49:49.865673,0.416015625,3.163818359375,1.275146484375,Unknown
22:49:49.898689,-0.115478515625,3.4306640625,1.462890625,Unknown
22:49:49.899676,-0.40283203125,3.330078125,1.535400390625,Unknown
22:49:49.907191,-0.454345703125,2.91015625,1.540283203125,Unknown
22:49:49.939234,-0.650634765625,2.417724609375,1.355712890625,Unknown
22:49:49.940249,-0.862548828125,1.950439453125,1.12060546875,Unknown
22:49:49.973309,-0.974853515625,1.70166015625,1.016357421875,Unknown
22:49:49.974804,-0.957763671875,1.689453125,1.06982421875,Unknown
22:49:50.007310,-0.890869140625,1.679931640625,1.059814453125,Unknown
22:49:50.008299,-0.84326171875,1.611328125,0.8994140625,Unknown
22:49:50.040811,-0.759033203125,1.498779296875,0.763916015625,Unknown
22:49:50.042309,-0.662841796875,1.435546875,0.722412109375,Unknown
22:49:50.049812,-0.618408203125,1.420654296875,0.62255859375,Unknown
22:49:50.082312,-0.625244140625,1.371826171875,0.619140625,Unknown
22:49:50.083299,-0.63623046875,1.372802734375,0.599609375,Unknown
22:49:50.117310,-0.65673828125,1.312744140625,0.56787109375,Unknown
22:49:50.118299,-0.7060546875,1.22900390625,0.514892578125,Unknown
22:49:50.132310,-0.693359375,1.2314453125,0.576904296875,Unknown
22:49:50.164802,-0.707275390625,1.296142578125,0.71044921875,Unknown
22:49:50.165800,-0.72265625,1.435302734375,0.83154296875,Unknown
22:49:50.198310,-0.732421875,1.690185546875,0.867919921875,Unknown
22:49:50.199802,-0.787109375,1.908447265625,0.987548828125,Unknown
22:49:50.207311,-0.863037109375,1.98681640625,1.073974609375,Unknown
22:49:50.240809,-0.890869140625,1.982177734375,0.97802734375,Unknown
22:49:50.242309,-0.907470703125,2.036376953125,0.833251953125,Unknown
22:49:50.274812,-0.9951171875,2.063232421875,0.690185546875,Unknown
22:49:50.275800,-1.190185546875,2.170654296875,0.7255859375,Unknown
22:49:50.309812,-1.440673828125,2.859130859375,1.027587890625,Unknown
22:49:50.310798,-1.7734375,4.017578125,1.76904296875,Unknown
22:49:50.317312,-1.5712890625,5.43994140625,2.66943359375,Unknown
22:49:50.349811,-0.833984375,5.90673828125,2.8740234375,Unknown
22:49:50.350801,0.07958984375,5.8779296875,2.820068359375,Unknown
22:49:50.383311,1.330810546875,6.238525390625,3.1611328125,Start
22:49:50.384802,3.4072265625,5.798828125,3.150146484375,InProgress
22:49:50.428309,7.0322265625,3.169921875,2.47509765625,InProgress
22:49:50.429808,7.462890625,0.29833984375,2.16845703125,InProgress
22:49:50.431307,7.999755859375,-1.694580078125,1.123046875,InProgress
22:49:50.463314,7.1044921875,-3.535400390625,-1.57080078125,Finish
22:49:50.464806,5.8623046875,-2.546630859375,-1.53076171875,Unknown
22:49:50.498805,4.255126953125,-0.3701171875,-0.439697265625,Unknown
22:49:50.499810,2.75048828125,0.966796875,-0.391845703125,Unknown
22:49:50.507313,1.659912109375,1.697021484375,-0.548828125,Unknown
22:49:50.540809,0.794677734375,2.39208984375,0.020263671875,Unknown
22:49:50.542306,0.187255859375,2.88671875,0.731689453125,Unknown
22:49:50.555810,-0.194091796875,3.14599609375,1.2333984375,Unknown
22:49:50.588310,-0.421142578125,3.05517578125,1.6123046875,Unknown
22:49:50.589810,-0.6181640625,2.700927734375,1.570068359375,Unknown
22:49:50.622312,-0.787109375,2.283935546875,1.33447265625,Unknown
22:49:50.623310,-0.837158203125,2.022705078125,1.22412109375,Unknown
22:49:50.655802,-0.83251953125,1.90673828125,1.233154296875,Unknown
22:49:50.657303,-0.82666015625,1.780517578125,1.1171875,Unknown
22:49:50.689810,-0.78369140625,1.630859375,0.949462890625,Unknown
22:49:50.690799,-0.70458984375,1.48193359375,0.774169921875,Unknown
22:49:50.697298,-0.633056640625,1.316162109375,0.6337890625,Unknown
22:49:50.731300,-0.571044921875,1.205810546875,0.501220703125,Unknown
22:49:50.732310,-0.541015625,1.073486328125,0.4169921875,Unknown
22:49:50.764810,-0.506591796875,0.9541015625,0.4208984375,Unknown
22:49:50.765799,-0.5,0.9111328125,0.43798828125,Unknown
22:49:50.799913,-0.51611328125,0.884521484375,0.461669921875,Unknown
22:49:50.800902,-0.546630859375,0.90966796875,0.49365234375,Unknown
22:49:50.808414,-0.593505859375,0.908935546875,0.493408203125,Unknown
22:49:50.840914,-0.635009765625,1.03759765625,0.6201171875,Unknown
22:49:50.842407,-0.62109375,1.34521484375,0.839599609375,Unknown
22:49:50.874901,-0.6708984375,1.624267578125,0.91357421875,Unknown
22:49:50.875913,-0.7216796875,1.8046875,0.90966796875,Unknown
22:49:50.910021,-0.843994140625,1.9052734375,0.9599609375,Unknown
22:49:50.911021,-0.98876953125,2.088134765625,0.99609375,Unknown
22:49:50.918522,-1.099365234375,2.27001953125,1.00439453125,Unknown
22:49:50.951021,-1.23583984375,2.487060546875,0.97119140625,Unknown
22:49:50.952010,-1.271484375,2.7607421875,0.928466796875,Unknown
22:49:50.966023,-1.270263671875,3.1357421875,0.965087890625,Unknown
22:49:50.998522,-1.414794921875,3.873291015625,1.201171875,Unknown
22:49:51.000016,-1.53173828125,4.946533203125,1.6201171875,Unknown
22:49:51.032519,-1.35693359375,6.26171875,2.606689453125,Unknown
22:49:51.033515,-0.292236328125,7.269775390625,3.570068359375,Unknown
22:49:51.068512,1.386474609375,7.524169921875,3.589111328125,Start
22:49:51.069513,3.6025390625,6.688720703125,2.416748046875,InProgress
22:49:51.076021,6.945068359375,3.76953125,1.353759765625,InProgress
22:49:51.109912,7.23095703125,0.66357421875,1.253662109375,InProgress
22:49:51.110900,7.999755859375,-1.444580078125,1.6845703125,InProgress
22:49:51.143413,7.5576171875,-3.298583984375,-1.170166015625,Finish
22:49:51.144899,6.398681640625,-3.302490234375,-1.551513671875,Unknown
22:49:51.178399,4.78271484375,-1.245849609375,-0.709228515625,Unknown
22:49:51.179904,3.375,0.088623046875,-0.31591796875,Unknown
22:49:51.187412,1.91650390625,1.74951171875,0.0830078125,Unknown
22:49:51.219912,0.93017578125,2.52587890625,0.225341796875,Unknown
22:49:51.220904,0.310546875,2.65771484375,0.25048828125,Unknown
22:49:51.253410,-0.06982421875,3.2392578125,0.951416015625,Unknown
22:49:51.254900,-0.3193359375,3.340576171875,1.3974609375,Unknown
22:49:51.287411,-0.517578125,2.837646484375,1.3828125,Unknown
22:49:51.288399,-0.689208984375,2.4912109375,1.377197265625,Unknown
22:49:51.320912,-0.85400390625,2.280517578125,1.305419921875,Unknown
22:49:51.322402,-0.929931640625,2.110595703125,1.0888671875,Unknown
22:49:51.329902,-0.819091796875,1.927490234375,0.836181640625,Unknown
22:49:51.363411,-0.688232421875,1.817138671875,0.64501953125,Unknown
22:49:51.364901,-0.599365234375,1.682373046875,0.499267578125,Unknown
22:49:51.378402,-0.540283203125,1.492919921875,0.409912109375,Unknown
22:49:51.410911,-0.495849609375,1.280029296875,0.35888671875,Unknown
22:49:51.412397,-0.464599609375,1.088623046875,0.297607421875,Unknown
22:49:51.444902,-0.40478515625,0.97412109375,0.284912109375,Unknown
22:49:51.445903,-0.366943359375,0.94677734375,0.312744140625,Unknown
22:49:51.478416,-0.348876953125,0.960693359375,0.352294921875,Unknown
22:49:51.479899,-0.37451171875,1.0322265625,0.497802734375,Unknown
22:49:51.487412,-0.433837890625,1.042236328125,0.6181640625,Unknown
22:49:51.520900,-0.518310546875,1.107177734375,0.720703125,Unknown
22:49:51.522401,-0.60302734375,1.24755859375,0.81201171875,Unknown
22:49:51.554912,-0.689208984375,1.45654296875,0.90087890625,Unknown
22:49:51.555898,-0.773681640625,1.773681640625,1.039306640625,Unknown
22:49:51.588911,-0.94775390625,2.01513671875,1.157958984375,Unknown
22:49:51.589900,-1.076904296875,2.039794921875,1.139892578125,Unknown
22:49:51.597412,-1.183349609375,2.222412109375,1.1103515625,Unknown
22:49:51.629987,-1.30126953125,2.61767578125,0.998779296875,Unknown
22:49:51.630897,-1.6015625,3.03271484375,0.820068359375,Unknown
22:49:51.664915,-1.88330078125,3.459228515625,0.984375,Unknown
22:49:51.665903,-1.989501953125,4.54150390625,1.57177734375,Unknown
22:49:51.708917,-1.70849609375,5.76513671875,2.287353515625,Unknown
22:49:51.709912,-0.831298828125,6.74658203125,2.997802734375,Unknown
22:49:51.710899,0.55126953125,7.248779296875,3.43017578125,Start
22:49:51.744916,2.29345703125,6.90478515625,3.39013671875,InProgress
22:49:51.745900,4.861328125,5.2734375,3.181396484375,InProgress
22:49:51.778903,7.999755859375,2.07861328125,3.12109375,InProgress
22:49:51.779896,7.999755859375,-0.81396484375,2.529541015625,InProgress
22:49:51.793914,7.999755859375,-3.384521484375,-0.594482421875,InProgress
22:49:51.826413,6.3525390625,-3.06884765625,-0.882568359375,Finish
22:49:51.827402,4.711181640625,-1.8134765625,-1.2333984375,Unknown
22:49:51.834903,3.251953125,-0.41943359375,-1.267822265625,Unknown
22:49:51.867413,1.943359375,1.075439453125,-0.713134765625,Unknown
22:49:51.868401,1.10107421875,1.936279296875,-0.19775390625,Unknown
22:49:51.901399,0.5400390625,2.29736328125,0.17236328125,Unknown
22:49:51.902401,0.116455078125,2.776611328125,0.828857421875,Unknown
22:49:51.936404,-0.238525390625,3.043212890625,1.572998046875,Unknown
22:49:51.937401,-0.758056640625,2.93310546875,2.021240234375,Unknown
22:49:51.969914,-1.23779296875,2.64990234375,1.96630859375,Unknown
22:49:51.970902,-1.43212890625,2.277587890625,1.65478515625,Unknown
22:49:51.977413,-1.275146484375,1.921875,1.314453125,Unknown
22:49:52.009911,-1.0927734375,1.66650390625,1.029541015625,Unknown
22:49:52.010903,-0.941162109375,1.40673828125,0.789794921875,Unknown
22:49:52.044910,-0.814208984375,1.15673828125,0.582275390625,Unknown
22:49:52.045906,-0.67626953125,0.931640625,0.4296875,Unknown
22:49:52.078715,-0.541015625,0.703857421875,0.33056640625,Unknown
22:49:52.079716,-0.384033203125,0.581787109375,0.287109375,Unknown
22:49:52.088714,-0.236083984375,0.465087890625,0.2802734375,Unknown
22:49:52.121219,-0.09033203125,0.445556640625,0.367431640625,Unknown
22:49:52.122217,-0.003173828125,0.5234375,0.4814453125,Unknown
22:49:52.154717,0.00830078125,0.585205078125,0.515380859375,Unknown
22:49:52.155717,-0.070556640625,0.72705078125,0.583984375,Unknown
22:49:52.189968,-0.187255859375,0.918701171875,0.688232421875,Unknown
22:49:52.190968,-0.255615234375,1.14892578125,0.843505859375,Unknown
22:49:52.204474,-0.380859375,1.43994140625,1.0048828125,Unknown
22:49:52.213468,-0.5234375,1.727294921875,1.154541015625,Unknown
22:49:52.245967,-0.680908203125,1.98193359375,1.207275390625,Unknown
22:49:52.246967,-0.81591796875,2.142822265625,1.14453125,Unknown
22:49:52.279821,-1.00048828125,2.331787109375,1.08154296875,Unknown
22:49:52.280815,-1.266845703125,2.6484375,1.02099609375,Unknown
22:49:52.313320,-1.635009765625,2.784912109375,0.809326171875,Unknown
22:49:52.314814,-1.897705078125,2.817138671875,0.595947265625,Unknown
22:49:52.348402,-2.08984375,2.986572265625,0.51904296875,Unknown
22:49:52.349815,-2.157470703125,3.8564453125,0.960693359375,Unknown
22:49:52.357324,-2.0966796875,5.2099609375,1.5712890625,Unknown
22:49:52.389909,-1.452880859375,6.37939453125,2.447265625,Unknown
22:49:52.390898,-0.12841796875,7.16455078125,3.112548828125,Unknown
22:49:52.424915,1.51513671875,7.10107421875,2.934814453125,Start
22:49:52.425899,3.210693359375,6.208740234375,2.69189453125,InProgress
22:49:52.458410,6.1767578125,3.84521484375,2.731689453125,InProgress
22:49:52.459899,7.628662109375,1.27001953125,2.3125,InProgress
22:49:52.467410,7.999755859375,-1.59423828125,0.819091796875,InProgress
22:49:52.499909,6.923828125,-2.852294921875,-0.626708984375,Finish
22:49:52.501909,5.9423828125,-2.406494140625,-1.26611328125,Unknown
22:49:52.535909,4.390380859375,-1.262939453125,-1.733642578125,Unknown
22:49:52.536902,3.180419921875,0.306884765625,-1.105224609375,Unknown
22:49:52.545911,2.068115234375,1.539306640625,-0.60107421875,Unknown
22:49:52.578410,1.12353515625,2.296875,-0.1591796875,Unknown
22:49:52.579900,0.433349609375,2.708251953125,0.50634765625,Unknown
22:49:52.612409,0.045166015625,3.078857421875,1.111083984375,Unknown
22:49:52.613402,-0.109619140625,3.18505859375,1.46142578125,Unknown
22:49:52.628409,-0.360595703125,2.87548828125,1.54248046875,Unknown
22:49:52.662409,-0.592041015625,2.484619140625,1.512939453125,Unknown
22:49:52.663400,-0.78564453125,2.18017578125,1.339111328125,Unknown
22:49:52.695917,-0.82763671875,1.909423828125,1.0986328125,Unknown
22:49:52.696908,-0.76904296875,1.774658203125,0.994384765625,Unknown
22:49:52.704909,-0.674560546875,1.849609375,0.92626953125,Unknown
22:49:52.737413,-0.621826171875,1.762939453125,0.720947265625,Unknown
22:49:52.738402,-0.588623046875,1.568115234375,0.5185546875,Unknown
22:49:52.770913,-0.504150390625,1.3388671875,0.40185546875,Unknown
22:49:52.771913,-0.43408203125,1.135009765625,0.358642578125,Unknown
22:49:52.804912,-0.369140625,1.0615234375,0.413330078125,Unknown
22:49:52.805902,-0.3154296875,1.04541015625,0.497314453125,Unknown
22:49:52.838413,-0.30419921875,1.045166015625,0.572509765625,Unknown
22:49:52.839909,-0.312255859375,1.03515625,0.506103515625,Unknown
22:49:52.847412,-0.372314453125,0.994140625,0.498779296875,Unknown
22:49:52.879913,-0.435302734375,1.050537109375,0.603759765625,Unknown
22:49:52.880905,-0.502197265625,1.162841796875,0.74560546875,Unknown
22:49:52.915903,-0.58642578125,1.41943359375,0.92724609375,Unknown
22:49:52.917413,-0.724609375,1.7802734375,1.170654296875,Unknown
22:49:52.924910,-0.914794921875,2.091552734375,1.22802734375,Unknown
22:49:52.957413,-1.076171875,2.228759765625,1.1904296875,Unknown
22:49:52.958905,-1.196533203125,2.3662109375,1.256103515625,Unknown
22:49:52.988416,-1.335205078125,2.44921875,1.330810546875,Unknown
22:49:52.989912,-1.33056640625,2.372802734375,1.273193359375,Unknown
22:49:53.022412,-1.224365234375,2.175048828125,1.006103515625,Unknown
22:49:53.023400,-1.11328125,2.01953125,0.80615234375,Unknown
22:49:53.037412,-1.181884765625,2.33056640625,0.864501953125,Unknown
22:49:53.069913,-1.424072265625,3.26025390625,1.259521484375,Unknown
22:49:53.070902,-1.581298828125,5.004150390625,2.267578125,Unknown
22:49:53.104913,-1.0263671875,6.459716796875,3.02880859375,Unknown
22:49:53.105905,0.02978515625,7.010009765625,3.010498046875,Unknown
22:49:53.138414,1.328857421875,6.751953125,2.8271484375,Start
22:49:53.139910,2.931396484375,5.72314453125,2.3525390625,InProgress
22:49:53.147411,5.65380859375,3.038330078125,1.911376953125,InProgress
22:49:53.179909,7.284912109375,0.309814453125,1.88037109375,InProgress
22:49:53.180910,7.999755859375,-1.82470703125,1.009765625,InProgress
22:49:53.213412,7.38818359375,-3.181640625,-0.480224609375,Finish
22:49:53.214901,6.198486328125,-2.480712890625,-0.861572265625,Unknown
22:49:53.247411,4.5869140625,-0.71533203125,-0.6337890625,Unknown
22:49:53.248401,3.118896484375,0.883544921875,-0.287353515625,Unknown
22:49:53.280912,1.956787109375,1.93994140625,0.13623046875,Unknown
22:49:53.282406,1.076416015625,2.6513671875,0.668212890625,Unknown
22:49:53.289913,0.38232421875,2.982666015625,1.14599609375,Unknown
22:49:53.323415,0.046142578125,3.235595703125,1.50048828125,Unknown
22:49:53.324903,-0.165283203125,3.2314453125,1.732666015625,Unknown
22:49:53.358398,-0.355224609375,2.857421875,1.70068359375,Unknown
22:49:53.359898,-0.594970703125,2.541748046875,1.61669921875,Unknown
22:49:53.392400,-0.664794921875,2.30126953125,1.47314453125,Unknown
22:49:53.393385,-0.684326171875,2.112060546875,1.209716796875,Unknown
22:49:53.399898,-0.677734375,1.846435546875,1.00390625,Unknown
22:49:53.432523,-0.64892578125,1.72802734375,0.99267578125,Unknown
22:49:53.433516,-0.613525390625,1.55908203125,0.851318359375,Unknown
22:49:53.447519,-0.614013671875,1.338623046875,0.646240234375,Unknown
22:49:53.481024,-0.555419921875,1.156982421875,0.512939453125,Unknown
22:49:53.482519,-0.523193359375,1.084228515625,0.47314453125,Unknown
22:49:53.495024,-0.45849609375,1.07373046875,0.560302734375,Unknown
22:49:53.528742,-0.4599609375,1.206787109375,0.630615234375,Unknown
22:49:53.529733,-0.53271484375,1.16650390625,0.652099609375,Unknown
22:49:53.562233,-0.593017578125,1.114013671875,0.67138671875,Unknown
22:49:53.563732,-0.65869140625,1.1240234375,0.718994140625,Unknown
22:49:53.597242,-0.724365234375,1.208984375,0.829345703125,Unknown
22:49:53.598731,-0.7275390625,1.486572265625,1.06201171875,Unknown
22:49:53.628742,-0.7373046875,1.7314453125,1.198974609375,Unknown
22:49:53.629734,-0.787109375,1.859130859375,1.323974609375,Unknown
22:49:53.637242,-0.85498046875,1.8818359375,1.350341796875,Unknown
22:49:53.669742,-0.962646484375,2.056396484375,1.423828125,Unknown
22:49:53.671231,-1.046142578125,2.199462890625,1.35986328125,Unknown
22:49:53.704743,-1.075439453125,2.169189453125,1.173095703125,Unknown
22:49:53.706231,-1.079345703125,2.086669921875,1.038330078125,Unknown
22:49:53.738742,-1.096435546875,2.1435546875,1.023681640625,Unknown
22:49:53.739733,-1.21484375,2.2314453125,1.046630859375,Unknown
22:49:53.747232,-1.428466796875,2.817626953125,1.475830078125,Unknown
22:49:53.781231,-1.640380859375,4.09912109375,2.47802734375,Unknown
22:49:53.782230,-1.333251953125,5.534423828125,3.52197265625,Unknown
22:49:53.814732,-0.49462890625,6.317626953125,3.8955078125,Unknown
22:49:53.816231,0.49169921875,6.68408203125,4.274169921875,Unknown
22:49:53.849742,1.858642578125,6.4287109375,4.4560546875,Start
22:49:53.851231,3.949951171875,4.87890625,3.273193359375,InProgress
22:49:53.864742,6.7509765625,1.605224609375,1.578369140625,InProgress
22:49:53.897234,7.999755859375,-0.079345703125,2.90380859375,InProgress
22:49:53.898730,7.633544921875,-2.29345703125,0.01171875,Finish
22:49:53.904742,7.286865234375,-3.142578125,-1.0869140625,Unknown
22:49:53.937233,5.540283203125,-2.13623046875,-0.65771484375,Unknown
22:49:53.938734,3.977783203125,-0.695068359375,-0.874267578125,Unknown
22:49:53.973745,2.459228515625,0.71728515625,-0.641845703125,Unknown
22:49:53.974733,1.40966796875,1.669921875,-0.14306640625,Unknown
22:49:54.007243,0.683349609375,2.34326171875,0.49462890625,Unknown
22:49:54.008733,0.128662109375,2.645751953125,0.968017578125,Unknown
22:49:54.016242,-0.197021484375,2.788818359375,1.272705078125,Unknown
22:49:54.048742,-0.24560546875,2.68310546875,1.516357421875,Unknown
22:49:54.049734,-0.290283203125,2.34423828125,1.495361328125,Unknown
22:49:54.082234,-0.42822265625,1.92724609375,1.343505859375,Unknown
22:49:54.083730,-0.50439453125,1.69287109375,1.24658203125,Unknown
22:49:54.116243,-0.54833984375,1.611083984375,1.0927734375,Unknown
22:49:54.117230,-0.541259765625,1.547119140625,0.95458984375,Unknown
22:49:54.149737,-0.48779296875,1.666259765625,0.8916015625,Unknown
22:49:54.151232,-0.417236328125,1.641845703125,0.944580078125,Unknown
22:49:54.158744,-0.4267578125,1.627685546875,0.891845703125,Unknown
22:49:54.191244,-0.42724609375,1.54345703125,0.763916015625,Unknown
22:49:54.192235,-0.462890625,1.396240234375,0.67919921875,Unknown
22:49:54.226244,-0.40966796875,1.30224609375,0.645751953125,Unknown
22:49:54.227234,-0.396240234375,1.2734375,0.6845703125,Unknown
22:49:54.268743,-0.345703125,1.309814453125,0.807373046875,Unknown
22:49:54.282231,-0.37158203125,1.386962890625,0.915283203125,Unknown
22:49:54.283744,-0.44482421875,1.49169921875,1.009765625,Unknown
22:49:54.284742,-0.534423828125,1.612548828125,1.1123046875,Unknown
22:49:54.317242,-0.656005859375,1.800048828125,1.231689453125,Unknown
22:49:54.318742,-0.836669921875,1.905029296875,1.3134765625,Unknown
22:49:54.352242,-0.99462890625,1.966552734375,1.3994140625,Unknown
22:49:54.353731,-1.079833984375,2.202880859375,1.406494140625,Unknown
22:49:54.386244,-1.047119140625,2.344482421875,1.282958984375,Unknown
22:49:54.387234,-1.065185546875,2.360595703125,1.05224609375,Unknown
22:49:54.396244,-1.156494140625,2.387939453125,0.8359375,Unknown
22:49:54.428744,-1.23828125,2.4892578125,0.652099609375,Unknown
22:49:54.429734,-1.21044921875,2.713623046875,0.683837890625,Unknown
22:49:54.462244,-1.211669921875,3.208740234375,1.03173828125,Unknown
22:49:54.463732,-1.202880859375,4.12255859375,1.541015625,Unknown
22:49:54.496244,-1.005615234375,5.581298828125,2.42138671875,Unknown
22:49:54.498734,-0.3408203125,7.13232421875,3.526611328125,Unknown
22:49:54.506246,1.097412109375,7.8330078125,3.991943359375,Start
22:49:54.538744,2.755126953125,7.370849609375,3.741455078125,InProgress
22:49:54.539734,4.676513671875,5.73291015625,2.69189453125,InProgress
22:49:54.572254,7.999755859375,2.66015625,2.05908203125,InProgress
22:49:54.573730,7.999755859375,0.009033203125,1.554931640625,InProgress
22:49:54.606239,7.999755859375,-2.961181640625,0.5927734375,InProgress
22:49:54.607234,6.6396484375,-3.46435546875,-0.975341796875,Finish
22:49:54.640239,5.595458984375,-3.472412109375,-2.1025390625,Unknown
22:49:54.640737,3.845947265625,-1.7177734375,-1.73486328125,Unknown
22:49:54.648732,2.931640625,0.348388671875,-0.198486328125,Unknown
22:49:54.680742,1.799560546875,2.103759765625,0.24609375,Unknown
22:49:54.682232,1.033447265625,2.5361328125,0.312744140625,Unknown
22:49:54.696235,0.76171875,2.92236328125,0.706298828125,Unknown
22:49:54.728744,0.45703125,3.753173828125,1.485595703125,Unknown
22:49:54.729734,-0.013916015625,3.807861328125,1.950439453125,Unknown
22:49:54.762242,-0.5029296875,3.239990234375,1.95166015625,Unknown
22:49:54.763236,-0.88232421875,2.438720703125,1.56201171875,Unknown
22:49:54.796240,-0.940185546875,1.85205078125,1.195068359375,Unknown
22:49:54.797233,-0.833984375,1.622802734375,1.053466796875,Unknown
22:49:54.829723,-0.725341796875,1.528076171875,0.954833984375,Unknown
22:49:54.830748,-0.66552734375,1.423828125,0.74560546875,Unknown
22:49:54.837157,-0.58251953125,1.37890625,0.630859375,Unknown
22:49:54.869657,-0.51025390625,1.25537109375,0.536865234375,Unknown
22:49:54.871146,-0.468994140625,1.136962890625,0.432861328125,Unknown
22:49:54.908646,-0.427734375,1.0107421875,0.388671875,Unknown
22:49:54.909650,-0.387939453125,0.999267578125,0.402587890625,Unknown
22:49:54.917150,-0.381103515625,1.010986328125,0.404052734375,Unknown
22:49:54.949651,-0.359130859375,1.056396484375,0.44482421875,Unknown
22:49:54.951145,-0.393310546875,1.09765625,0.447509765625,Unknown
22:49:54.983647,-0.36767578125,1.214111328125,0.4951171875,Unknown
22:49:54.984649,-0.347900390625,1.30224609375,0.57421875,Unknown
22:49:55.017157,-0.354736328125,1.39501953125,0.680908203125,Unknown
22:49:55.018650,-0.369384765625,1.5087890625,0.76806640625,Unknown
22:49:55.051146,-0.359619140625,1.543212890625,0.757080078125,Unknown
22:49:55.052154,-0.436279296875,1.563720703125,0.7724609375,Unknown
22:49:55.059659,-0.492919921875,1.5400390625,0.75537109375,Unknown
22:49:55.093646,-0.577880859375,1.53955078125,0.768310546875,Unknown
22:49:55.094649,-0.647216796875,1.616943359375,0.777099609375,Unknown
22:49:55.109659,-0.720703125,1.801513671875,0.656005859375,Unknown
22:49:55.142159,-0.817626953125,2.011962890625,0.65087890625,Unknown
22:49:55.143645,-0.942138671875,2.102294921875,0.52099609375,Unknown
22:49:55.176145,-1.164794921875,2.1015625,0.268798828125,Unknown
22:49:55.177148,-1.410400390625,2.253173828125,0.17138671875,Unknown
22:49:55.184657,-1.668212890625,2.712158203125,0.370849609375,Unknown
22:49:55.218645,-1.822509765625,3.78271484375,1.00146484375,Unknown
22:49:55.219657,-1.76123046875,5.164306640625,1.929443359375,Unknown
22:49:55.252157,-1.31640625,6.10205078125,2.92919921875,Unknown
22:49:55.253645,-0.376953125,6.607666015625,3.58056640625,Unknown
22:49:55.287159,0.9833984375,6.62646484375,3.94482421875,Start
22:49:55.288647,2.406982421875,6.429443359375,3.761474609375,InProgress
22:49:55.296145,4.3046875,5.467041015625,2.973876953125,InProgress
22:49:55.328458,6.916748046875,3.34326171875,2.87451171875,InProgress
22:49:55.329948,7.999755859375,0.701904296875,2.354248046875,InProgress
22:49:55.362459,7.999755859375,-2.026123046875,0.64453125,InProgress
22:49:55.363444,7.04638671875,-3.535888671875,-0.916748046875,Finish
22:49:55.395958,5.759765625,-3.258056640625,-1.592529296875,Unknown
22:49:55.397451,4.315673828125,-1.74951171875,-1.1708984375,Unknown
22:49:55.429958,3.182373046875,0.350830078125,-0.43994140625,Unknown
22:49:55.430945,2.2060546875,1.8876953125,0.222900390625,Unknown
22:49:55.438459,1.4072265625,2.910400390625,0.676025390625,Unknown
22:49:55.472459,0.727294921875,3.471923828125,0.894287109375,Unknown
22:49:55.473444,0.287109375,3.888427734375,1.140869140625,Unknown
22:49:55.485958,-0.000732421875,3.911865234375,1.427978515625,Unknown
22:49:55.519958,-0.244384765625,3.60546875,1.664306640625,Unknown
22:49:55.520945,-0.491455078125,3.0703125,1.53076171875,Unknown
22:49:55.549956,-0.703125,2.547119140625,1.2724609375,Unknown
22:49:55.550945,-0.759033203125,2.120849609375,1.00341796875,Unknown
22:49:55.584951,-0.76025390625,1.9921875,0.712646484375,Unknown
22:49:55.585944,-0.788818359375,1.8583984375,0.51318359375,Unknown
22:49:55.618458,-0.761962890625,1.711181640625,0.497802734375,Unknown
22:49:55.619948,-0.781494140625,1.593994140625,0.623779296875,Unknown
22:49:55.628458,-0.785400390625,1.4091796875,0.6396484375,Unknown
22:49:55.660958,-0.818603515625,1.314453125,0.560791015625,Unknown
22:49:55.662458,-0.826904296875,1.2646484375,0.422119140625,Unknown
22:49:55.694958,-0.837646484375,1.3251953125,0.44970703125,Unknown
22:49:55.695945,-0.922607421875,1.36572265625,0.58544921875,Unknown
22:49:55.728459,-1.0400390625,1.466064453125,0.656494140625,Unknown
22:49:55.729948,-1.11376953125,1.62255859375,0.7587890625,Unknown
22:49:55.762461,-1.113037109375,1.875,0.793701171875,Unknown
22:49:55.763451,-1.052978515625,2.12255859375,0.8671875,Unknown
22:49:55.769960,-0.987060546875,2.302001953125,0.9443359375,Unknown
22:49:55.802460,-0.919921875,2.333984375,0.928955078125,Unknown
22:49:55.803444,-0.852294921875,2.251708984375,0.7138671875,Unknown
22:49:55.837461,-0.8134765625,2.2119140625,0.4990234375,Unknown
22:49:55.838444,-0.838623046875,2.218994140625,0.420166015625,Unknown
22:49:55.870958,-0.908447265625,2.3359375,0.533935546875,Unknown
22:49:55.872447,-1.036865234375,2.508056640625,0.51513671875,Unknown
22:49:55.880959,-1.2763671875,2.706787109375,0.3896484375,Unknown
22:49:55.913460,-1.68505859375,3.019287109375,0.42822265625,Unknown
22:49:55.914945,-1.891357421875,4.182373046875,1.226318359375,Unknown
22:49:55.947460,-1.57373046875,5.96142578125,2.82421875,Unknown
22:49:55.948444,-0.449462890625,7.092041015625,4.163330078125,Unknown
22:49:55.962459,1.1103515625,6.5859375,3.53955078125,Start
22:49:55.994960,3.28955078125,3.82666015625,1.762939453125,InProgress
22:49:55.995945,7.999755859375,1.632568359375,1.442138671875,InProgress
22:49:56.029961,7.999755859375,-0.742919921875,3.51806640625,InProgress
22:49:56.030945,7.999755859375,-2.772216796875,1.842041015625,InProgress
22:49:56.063451,6.509765625,-4.536376953125,-0.7841796875,Finish
22:49:56.064953,4.845947265625,-3.113525390625,-0.899169921875,Unknown
22:49:56.069961,3.53173828125,-0.931884765625,0.058837890625,Unknown
22:49:56.102461,2.330322265625,1.24755859375,0.411376953125,Unknown
22:49:56.103445,1.521728515625,2.6865234375,0.227783203125,Unknown
22:49:56.135959,0.71533203125,3.272705078125,0.207763671875,Unknown
22:49:56.137448,0.18701171875,3.327880859375,0.0947265625,Unknown
22:49:56.188460,-0.228271484375,3.634765625,0.54296875,Unknown
22:49:56.189948,-0.462158203125,3.6279296875,1.085693359375,Unknown
22:49:56.190945,-0.76806640625,3.411376953125,1.1884765625,Unknown
22:49:56.197460,-0.9541015625,2.814697265625,0.913330078125,Unknown
22:49:56.229960,-0.966064453125,2.20556640625,0.57177734375,Unknown
22:49:56.230945,-0.871337890625,1.784912109375,0.380126953125,Unknown
22:49:56.263458,-0.743408203125,1.568115234375,0.369140625,Unknown
22:49:56.264948,-0.63916015625,1.394287109375,0.45068359375,Unknown
22:49:56.297460,-0.591064453125,1.22216796875,0.427001953125,Unknown
22:49:56.298445,-0.545166015625,1.01318359375,0.30615234375,Unknown
22:49:56.331447,-0.533447265625,0.86474609375,0.223876953125,Unknown
22:49:56.332447,-0.467041015625,0.83740234375,0.150390625,Unknown
22:49:56.339965,-0.443603515625,0.851318359375,0.182861328125,Unknown
22:49:56.372459,-0.441162109375,0.88623046875,0.302734375,Unknown
22:49:56.373449,-0.451904296875,0.943359375,0.468017578125,Unknown
22:49:56.387459,-0.543212890625,0.996337890625,0.5517578125,Unknown
22:49:56.419961,-0.593994140625,1.0615234375,0.515380859375,Unknown
22:49:56.420944,-0.634521484375,1.243896484375,0.557373046875,Unknown
22:49:56.453459,-0.634765625,1.510009765625,0.78369140625,Unknown
22:49:56.454958,-0.691650390625,1.7333984375,0.996337890625,Unknown
22:49:56.487469,-0.816650390625,1.88427734375,1.03759765625,Unknown
22:49:56.489947,-0.91015625,1.94580078125,1.0009765625,Unknown
22:49:56.497460,-1.0478515625,1.919677734375,0.943115234375,Unknown
22:49:56.529960,-1.19287109375,1.926513671875,0.8466796875,Unknown
22:49:56.530945,-1.331787109375,1.984375,0.825927734375,Unknown
22:49:56.563947,-1.46533203125,2.1005859375,0.70361328125,Unknown
22:49:56.564948,-1.514892578125,2.07666015625,0.6025390625,Unknown
22:49:56.598947,-1.57421875,2.215087890625,0.637939453125,Unknown
22:49:56.599949,-1.6865234375,2.9951171875,1.153076171875,Unknown
22:49:56.632459,-1.73095703125,4.18798828125,2.283447265625,Unknown
22:49:56.633446,-1.50048828125,5.386962890625,3.668701171875,Unknown
22:49:56.639960,-0.670654296875,6.254638671875,4.327880859375,Unknown
22:49:56.672459,0.565673828125,6.1865234375,4.234130859375,Start
22:49:56.673446,2.07666015625,5.75927734375,4.121337890625,InProgress
22:49:56.707450,5.1884765625,3.33154296875,3.06298828125,InProgress
22:49:56.708445,7.999755859375,0.40283203125,1.67236328125,InProgress
22:49:56.741447,7.999755859375,-2.07080078125,2.34765625,InProgress
22:49:56.742447,7.16162109375,-3.408203125,0.158935546875,Finish
22:49:56.749958,6.153076171875,-3.906494140625,-1.56005859375,Unknown
22:49:56.782459,4.648681640625,-2.475830078125,-1.298583984375,Unknown
22:49:56.783447,3.39794921875,-1.31787109375,0.240234375,Unknown
22:49:56.797461,2.6748046875,1.650634765625,1.021240234375,Unknown
22:49:56.828461,1.22021484375,2.810791015625,1.3876953125,Unknown
22:49:56.829948,0.645751953125,2.920166015625,1.24951171875,Unknown
22:49:56.862460,0.213623046875,3.054443359375,1.278076171875,Unknown
22:49:56.863452,-0.12939453125,2.810302734375,1.424560546875,Unknown
22:49:56.897459,-0.4736328125,2.64306640625,1.736572265625,Unknown
22:49:56.898445,-0.75732421875,2.329345703125,1.776123046875,Unknown
22:49:56.931460,-0.86376953125,2.142333984375,1.592529296875,Unknown
22:49:56.932444,-0.87548828125,1.968505859375,1.267333984375,Unknown
22:49:56.939959,-0.845458984375,1.69189453125,0.99462890625,Unknown
22:49:56.972450,-0.774169921875,1.552490234375,0.952880859375,Unknown
22:49:56.973451,-0.716064453125,1.505859375,1.01220703125,Unknown
22:49:57.006461,-0.6748046875,1.363525390625,0.91357421875,Unknown
22:49:57.007444,-0.623046875,1.2236328125,0.701171875,Unknown
22:49:57.041461,-0.551513671875,1.088134765625,0.526611328125,Unknown
22:49:57.042444,-0.4873046875,0.999755859375,0.44775390625,Unknown
22:49:57.049959,-0.43896484375,0.953857421875,0.48876953125,Unknown
22:49:57.084960,-0.416748046875,0.863525390625,0.49365234375,Unknown
22:49:57.085945,-0.425048828125,0.823974609375,0.52294921875,Unknown
22:49:57.118460,-0.40771484375,0.822998046875,0.56689453125,Unknown
22:49:57.119947,-0.43359375,0.88916015625,0.586181640625,Unknown
22:49:57.153459,-0.470703125,0.953125,0.64892578125,Unknown
22:49:57.155960,-0.501708984375,0.974609375,0.750732421875,Unknown
22:49:57.160961,-0.541259765625,1.05859375,0.81640625,Unknown
22:49:57.193460,-0.549072265625,1.212158203125,0.959716796875,Unknown
22:49:57.194956,-0.54638671875,1.4501953125,1.10205078125,Unknown
22:49:57.208459,-0.546630859375,1.59814453125,1.23388671875,Unknown
22:49:57.240959,-0.573974609375,1.637939453125,1.204345703125,Unknown
22:49:57.242448,-0.619140625,1.795166015625,1.215576171875,Unknown
22:49:57.275959,-0.687744140625,1.91650390625,1.16796875,Unknown
22:49:57.277449,-0.8798828125,2.015380859375,1.2138671875,Unknown
22:49:57.309961,-1.062255859375,2.14599609375,1.27197265625,Unknown
22:49:57.310944,-1.263427734375,2.283447265625,1.1640625,Unknown
22:49:57.319961,-1.45068359375,2.487548828125,1.031982421875,Unknown
22:49:57.352460,-1.652099609375,3.087158203125,1.298583984375,Unknown
22:49:57.353445,-1.8603515625,3.8974609375,1.985595703125,Unknown
22:49:57.385959,-1.5703125,5.219970703125,3.245849609375,Unknown
22:49:57.387461,-0.676513671875,5.648681640625,3.672607421875,Unknown
22:49:57.419959,0.35595703125,5.4150390625,3.30126953125,Unknown
22:49:57.420951,1.554443359375,5.492431640625,3.404052734375,Start
22:49:57.468457,3.519287109375,5.005126953125,3.671142578125,InProgress
22:49:57.469946,7.35107421875,2.739990234375,2.7509765625,InProgress
22:49:57.471453,7.7958984375,-0.244140625,1.876953125,InProgress
22:49:57.477459,7.42041015625,-2.141845703125,-0.433349609375,Finish
22:49:57.510961,6.496337890625,-2.7294921875,-1.564453125,Unknown
22:49:57.512448,5.2197265625,-1.53759765625,-1.240966796875,Unknown
22:49:57.548461,3.64111328125,0.099609375,-0.627685546875,Unknown
22:49:57.549949,2.385498046875,1.167236328125,-0.619140625,Unknown
22:49:57.557459,1.176513671875,1.76416015625,-0.21728515625,Unknown
22:49:57.589959,0.358154296875,2.09228515625,0.447998046875,Unknown
22:49:57.590959,-0.365966796875,2.488525390625,1.232666015625,Unknown
22:49:57.604959,-0.81640625,2.650634765625,1.649169921875,Unknown
22:49:57.638459,-0.936767578125,2.31005859375,1.6201171875,Unknown
22:49:57.639961,-0.801025390625,1.922607421875,1.47998046875,Unknown
22:49:57.672459,-0.836669921875,1.686279296875,1.43359375,Unknown
22:49:57.673459,-0.925537109375,1.557373046875,1.360595703125,Unknown
22:49:57.682460,-0.924072265625,1.528564453125,1.1611328125,Unknown
22:49:57.714959,-0.83447265625,1.460205078125,0.9765625,Unknown
22:49:57.715944,-0.765869140625,1.3935546875,0.8603515625,Unknown
22:49:57.748798,-0.73876953125,1.328369140625,0.69140625,Unknown
22:49:57.749820,-0.70947265625,1.266357421875,0.5302734375,Unknown
22:49:57.782152,-0.66796875,1.183837890625,0.42822265625,Unknown
22:49:57.783657,-0.6298828125,1.177734375,0.40966796875,Unknown
22:49:57.816153,-0.597412109375,1.183349609375,0.47607421875,Unknown
22:49:57.817140,-0.548828125,1.179443359375,0.5244140625,Unknown
22:49:57.824642,-0.55419921875,1.168212890625,0.53173828125,Unknown
22:49:57.857151,-0.521240234375,1.12255859375,0.519775390625,Unknown
22:49:57.858651,-0.461181640625,1.2294921875,0.550048828125,Unknown
22:49:57.892151,-0.400146484375,1.294921875,0.626220703125,Unknown
22:49:57.893639,-0.3662109375,1.38330078125,0.743408203125,Unknown
22:49:57.926153,-0.413330078125,1.513671875,0.882568359375,Unknown
22:49:57.927141,-0.480224609375,1.571044921875,0.917236328125,Unknown
22:49:57.936140,-0.576416015625,1.44189453125,0.7724609375,Unknown
22:49:57.968640,-0.641845703125,1.27880859375,0.584716796875,Unknown
22:49:57.969642,-0.701904296875,1.2744140625,0.58740234375,Unknown
22:49:58.002151,-0.81884765625,1.3623046875,0.637451171875,Unknown
22:49:58.003651,-0.9130859375,1.478759765625,0.63134765625,Unknown
22:49:58.017154,-1.061279296875,1.61181640625,0.54248046875,Unknown
22:49:58.049652,-1.241943359375,1.822509765625,0.44970703125,Unknown
22:49:58.051142,-1.48681640625,2.13720703125,0.52880859375,Unknown
22:49:58.108653,-1.8115234375,2.621337890625,0.80029296875,Unknown
22:49:58.109650,-2.23779296875,3.38818359375,1.12353515625,Unknown
22:49:58.111142,-2.464111328125,4.292236328125,1.6123046875,Unknown
22:49:58.112141,-2.073486328125,5.254638671875,2.285400390625,Unknown
22:49:58.147153,-1.2841796875,5.889892578125,3.025390625,Unknown
22:49:58.148651,-0.168701171875,5.84375,3.496826171875,Unknown
22:49:58.156154,1.23583984375,5.306884765625,3.156005859375,Start
22:49:58.188664,3.447265625,3.630859375,2.484375,InProgress
22:49:58.189645,7.3916015625,0.84033203125,1.1953125,InProgress
22:49:58.222643,7.947998046875,-1.5703125,2.044921875,InProgress
22:49:58.223651,7.14111328125,-2.59423828125,0.556396484375,Finish
22:49:58.256154,6.15625,-2.77001953125,-0.778076171875,Unknown
22:49:58.257643,4.906982421875,-1.703125,-0.811767578125,Unknown
22:49:58.290143,3.17919921875,-0.03564453125,-0.22119140625,Unknown
22:49:58.291153,2.06689453125,1.30322265625,0.23193359375,Unknown
22:49:58.298652,1.0634765625,2.16748046875,0.649658203125,Unknown
22:49:58.332640,0.275146484375,2.599609375,0.986572265625,Unknown
22:49:58.333642,-0.23193359375,2.830322265625,1.131103515625,Unknown
22:49:58.366153,-0.49267578125,2.882568359375,1.297607421875,Unknown
22:49:58.367149,-0.558349609375,2.624755859375,1.365234375,Unknown
22:49:58.401151,-0.643798828125,2.230712890625,1.3369140625,Unknown
22:49:58.402640,-0.823486328125,1.911376953125,1.314453125,Unknown
22:49:58.416154,-0.96337890625,1.743896484375,1.2880859375,Unknown
22:49:58.448654,-0.950439453125,1.69873046875,1.1357421875,Unknown
22:49:58.449644,-0.845947265625,1.647705078125,0.955078125,Unknown
22:49:58.456162,-0.764404296875,1.5458984375,0.6875,Unknown
22:49:58.489651,-0.664306640625,1.33154296875,0.48828125,Unknown
22:49:58.491143,-0.5703125,1.2919921875,0.410400390625,Unknown
22:49:58.523652,-0.52392578125,1.2626953125,0.45751953125,Unknown
22:49:58.529883,-0.474609375,1.177490234375,0.431396484375,Unknown
22:49:58.535930,-0.491455078125,1.08056640625,0.4306640625,Unknown
22:49:58.569936,-0.524169921875,0.985107421875,0.407958984375,Unknown
22:49:58.570928,-0.518798828125,0.93017578125,0.38330078125,Unknown
22:49:58.603931,-0.531005859375,0.926513671875,0.36328125,Unknown
22:49:58.604930,-0.538818359375,1.04736328125,0.4560546875,Unknown
22:49:58.638935,-0.57080078125,1.216796875,0.64697265625,Unknown
22:49:58.639929,-0.645751953125,1.478759765625,0.76416015625,Unknown
22:49:58.646431,-0.744384765625,1.715576171875,0.740478515625,Unknown
22:49:58.678940,-0.937255859375,1.93359375,0.765869140625,Unknown
22:49:58.679937,-1.2060546875,2.16845703125,0.845947265625,Unknown
22:49:58.713935,-1.564208984375,2.464111328125,0.990234375,Unknown
22:49:58.714934,-1.742919921875,2.690185546875,0.898193359375,Unknown
22:49:58.748940,-1.726318359375,2.851806640625,0.75439453125,Unknown
22:49:58.749938,-1.8359375,2.9345703125,0.656005859375,Unknown
22:49:58.757442,-2.01416015625,3.1103515625,0.53515625,Unknown
22:49:58.789937,-2.071044921875,3.651611328125,0.739990234375,Unknown
22:49:58.790937,-1.85205078125,4.718505859375,1.65087890625,Unknown
22:49:58.824937,-1.02685546875,5.8740234375,2.8076171875,Unknown
22:49:58.825931,0.2890625,6.3779296875,3.251953125,Unknown
22:49:58.839936,1.767333984375,5.861572265625,3.03759765625,Start
22:49:58.872438,3.30517578125,4.302490234375,2.571044921875,InProgress
22:49:58.873929,5.9951171875,1.610595703125,1.40625,InProgress
22:49:58.906435,7.8984375,-0.467041015625,2.561279296875,InProgress
22:49:58.907429,7.61767578125,-2.27783203125,1.27734375,Finish
22:49:58.914936,6.052490234375,-3.3037109375,-0.929931640625,Unknown
22:49:58.948936,5.083740234375,-2.761474609375,-1.31494140625,Unknown
22:49:58.949930,3.693603515625,-1.37646484375,-0.9853515625,Unknown
22:49:58.982441,2.850341796875,0.036865234375,-0.11376953125,Unknown
22:49:58.983935,1.738525390625,1.488037109375,0.26611328125,Unknown
22:49:59.017441,0.890380859375,2.192626953125,0.350341796875,Unknown
22:49:59.018435,0.3125,2.535400390625,0.4853515625,Unknown
22:49:59.026428,-0.072265625,2.95263671875,0.843994140625,Unknown
22:49:59.058941,-0.322509765625,3.095947265625,1.228759765625,Unknown
22:49:59.059928,-0.494140625,2.801025390625,1.338623046875,Unknown
22:49:59.093937,-0.6748046875,2.359375,1.254638671875,Unknown
22:49:59.094929,-0.789306640625,1.99169921875,1.09033203125,Unknown
22:49:59.127441,-0.852783203125,1.754638671875,0.927734375,Unknown
22:49:59.128932,-0.845947265625,1.65234375,0.793212890625,Unknown
22:49:59.135938,-0.771728515625,1.5615234375,0.71728515625,Unknown
22:49:59.168938,-0.693115234375,1.435302734375,0.581787109375,Unknown
22:49:59.169931,-0.639892578125,1.323974609375,0.392333984375,Unknown
22:49:59.203939,-0.57470703125,1.24853515625,0.316650390625,Unknown
22:49:59.204930,-0.483154296875,1.20263671875,0.25439453125,Unknown
22:49:59.237441,-0.411865234375,1.17041015625,0.246337890625,Unknown
22:49:59.238936,-0.341064453125,1.094482421875,0.225341796875,Unknown
22:49:59.253940,-0.303466796875,1.0634765625,0.212646484375,Unknown
22:49:59.286435,-0.245361328125,0.94970703125,0.177001953125,Unknown
22:49:59.287427,-0.18408203125,0.8984375,0.16162109375,Unknown
22:49:59.294940,-0.150146484375,0.923095703125,0.235595703125,Unknown
22:49:59.328939,-0.1181640625,0.925048828125,0.296630859375,Unknown
22:49:59.329940,-0.11669921875,0.94140625,0.350830078125,Unknown
22:49:59.362442,-0.10498046875,1.012939453125,0.397705078125,Unknown
22:49:59.363435,-0.077880859375,1.02734375,0.4638671875,Unknown
22:49:59.389940,-0.05859375,1.046875,0.404052734375,Unknown
22:49:59.391433,-0.05078125,1.0830078125,0.36474609375,Unknown
22:49:59.423940,-0.029052734375,1.06494140625,0.31201171875,Unknown
22:49:59.424930,-0.014892578125,1.069091796875,0.230712890625,Unknown
22:49:59.458440,0.000732421875,1.09375,0.248779296875,Unknown
22:49:59.459932,0.031494140625,1.087158203125,0.26123046875,Unknown
22:49:59.467438,0.060791015625,1.16455078125,0.25732421875,Unknown
22:49:59.501440,0.102294921875,1.1904296875,0.242431640625,Unknown
22:49:59.502437,0.161865234375,1.160888671875,0.158447265625,Unknown
22:49:59.534934,0.208740234375,1.14453125,0.0908203125,Unknown
22:49:59.535931,0.2666015625,1.128173828125,0.04638671875,Unknown
22:49:59.569929,0.328857421875,1.115478515625,-0.0107421875,Unknown
22:49:59.570928,0.41943359375,1.136474609375,-0.010009765625,Unknown
22:49:59.578441,0.49169921875,1.142822265625,-0.006591796875,Unknown
22:49:59.611440,0.524169921875,1.126708984375,-0.013916015625,Start
22:49:59.612440,0.5185546875,1.08984375,-0.041259765625,Finish
22:49:59.646440,0.476318359375,1.035400390625,-0.07080078125,Unknown
22:49:59.647429,0.426025390625,0.992431640625,-0.086669921875,Unknown
22:49:59.661440,0.369140625,0.972900390625,-0.0830078125,Unknown
22:49:59.695942,0.30517578125,0.93310546875,-0.090576171875,Unknown
22:49:59.697440,0.23876953125,0.947509765625,-0.07421875,Unknown
22:49:59.704937,0.20166015625,0.968994140625,-0.042724609375,Unknown
22:49:59.737440,0.160400390625,0.98486328125,-0.04248046875,Unknown
22:49:59.738440,0.1337890625,0.973876953125,-0.041748046875,Unknown
22:49:59.770940,0.10595703125,1.013671875,-0.070068359375,Unknown
22:49:59.772436,0.1171875,0.97900390625,-0.13671875,Unknown
22:49:59.804937,0.086181640625,1.015869140625,-0.143310546875,Unknown
22:49:59.805928,0.087890625,1.016845703125,-0.087646484375,Unknown
22:49:59.838443,0.090576171875,0.9677734375,-0.06982421875,Unknown
22:49:59.839936,0.078369140625,0.925537109375,-0.068359375,Unknown
22:49:59.847439,0.06982421875,0.915283203125,-0.032958984375,Unknown
22:49:59.880940,0.10986328125,0.91748046875,-0.011962890625,Unknown
22:49:59.882435,0.122314453125,0.93505859375,-0.023681640625,Unknown
22:49:59.914940,0.14208984375,0.93994140625,-0.021484375,Unknown
22:49:59.915940,0.18505859375,0.922119140625,-0.064697265625,Unknown
22:49:59.949940,0.20458984375,0.936279296875,-0.097412109375,Unknown
22:49:59.950940,0.22265625,1.0068359375,-0.072265625,Unknown
22:49:59.958440,0.28466796875,1.029541015625,0.029541015625,Unknown
22:49:59.990942,0.310302734375,1.109619140625,0.05322265625,Unknown
22:49:59.992437,0.33935546875,1.138671875,-0.02685546875,Unknown
22:50:00.028442,0.3212890625,1.15380859375,-0.115966796875,Unknown
22:50:00.029938,0.296630859375,1.171630859375,-0.17626953125,Unknown
22:50:00.037435,0.262451171875,1.09375,-0.248291015625,Unknown
22:50:00.070940,0.215087890625,1.013916015625,-0.343994140625,Unknown
22:50:00.072437,0.181640625,0.92333984375,-0.42578125,Unknown
22:50:00.087435,0.147216796875,0.831298828125,-0.485595703125,Unknown
22:50:00.119938,0.089111328125,0.768310546875,-0.53515625,Unknown
22:50:00.120937,0.0166015625,0.75732421875,-0.571533203125,Unknown
22:50:00.153438,-0.037109375,0.820068359375,-0.56201171875,Unknown
22:50:00.154936,-0.0625,0.8662109375,-0.55517578125,Unknown
22:50:00.187436,-0.089599609375,0.88671875,-0.570068359375,Unknown
22:50:00.188430,-0.11865234375,0.875244140625,-0.596923828125,Unknown
22:50:00.194938,-0.153564453125,0.91162109375,-0.59912109375,Unknown
22:50:00.227440,-0.19384765625,0.959716796875,-0.57421875,Unknown
22:50:00.228440,-0.219482421875,0.888916015625,-0.56201171875,Unknown
22:50:00.262440,-0.23681640625,0.71728515625,-0.614990234375,Unknown
22:50:00.263432,-0.265625,0.65771484375,-0.71923828125,Unknown
22:50:00.295943,-0.28076171875,0.732421875,-0.7734375,Unknown
22:50:00.297435,-0.253173828125,0.81494140625,-0.737548828125,Unknown
22:50:00.305942,-0.23974609375,0.838623046875,-0.67431640625,Unknown
22:50:00.338441,-0.278564453125,0.83740234375,-0.631103515625,Unknown
22:50:00.339935,-0.3037109375,0.85888671875,-0.6201171875,Unknown
22:50:00.372438,-0.256103515625,0.808349609375,-0.669921875,Unknown
22:50:00.373430,-0.21240234375,0.7529296875,-0.718505859375,Unknown
22:50:00.405942,-0.19775390625,0.81640625,-0.7353515625,Unknown
22:50:00.407435,-0.1416015625,0.919189453125,-0.69091796875,Unknown
22:50:00.439938,-0.114013671875,0.888427734375,-0.669189453125,Unknown
22:50:00.440934,-0.135986328125,0.857666015625,-0.66455078125,Unknown
22:50:00.447439,-0.15673828125,0.8828125,-0.65966796875,Unknown
22:50:00.480938,-0.158935546875,0.932373046875,-0.6162109375,Unknown
22:50:00.494937,-0.19970703125,0.973388671875,-0.558349609375,Unknown
22:50:00.495928,-0.268798828125,0.90380859375,-0.51123046875,Unknown
22:50:00.528442,-0.343505859375,0.8154296875,-0.501953125,Unknown
22:50:00.529935,-0.39697265625,0.802978515625,-0.453369140625,Unknown
22:50:00.563442,-0.45263671875,0.891845703125,-0.425537109375,Unknown
22:50:00.564933,-0.493896484375,1.00048828125,-0.441650390625,Unknown
22:50:00.597438,-0.4892578125,0.965576171875,-0.490478515625,Unknown
22:50:00.598437,-0.455322265625,0.934326171875,-0.489501953125,Unknown
22:50:00.605941,-0.4306640625,0.92529296875,-0.515869140625,Unknown
22:50:00.638441,-0.402099609375,1.001708984375,-0.557373046875,Unknown
22:50:00.639935,-0.31787109375,1.045654296875,-0.567626953125,Unknown
22:50:00.668932,-0.23291015625,0.98388671875,-0.556640625,Unknown
22:50:00.669931,-0.18115234375,0.913818359375,-0.574462890625,Unknown
22:50:00.702438,-0.111328125,0.940673828125,-0.59521484375,Unknown
22:50:00.703431,-0.03076171875,0.941650390625,-0.626708984375,Unknown
22:50:00.735944,0.05712890625,0.866943359375,-0.666259765625,Unknown
22:50:00.737439,0.0869140625,0.79443359375,-0.66455078125,Unknown
22:50:00.769937,0.122802734375,0.770263671875,-0.667236328125,Unknown
22:50:00.770929,0.162109375,0.7626953125,-0.655029296875,Unknown
22:50:00.803438,0.176025390625,0.647705078125,-0.6923828125,Unknown
22:50:00.804932,0.171875,0.578369140625,-0.693603515625,Unknown
22:50:00.810941,0.192626953125,0.608154296875,-0.702392578125,Unknown
22:50:00.843933,0.199462890625,0.60009765625,-0.6748046875,Unknown
22:50:00.844932,0.1767578125,0.511474609375,-0.712646484375,Unknown
22:50:00.878929,0.177978515625,0.424072265625,-0.76611328125,Unknown
22:50:00.879932,0.18310546875,0.421875,-0.772216796875,Unknown
22:50:00.893446,0.19287109375,0.430908203125,-0.76953125,Unknown
22:50:00.925941,0.186767578125,0.4951171875,-0.747314453125,Unknown
22:50:00.927433,0.177734375,0.47607421875,-0.777587890625,Unknown
22:50:00.959940,0.20263671875,0.458251953125,-0.794677734375,Unknown
22:50:00.960933,0.201171875,0.506103515625,-0.7568359375,Unknown
22:50:00.993937,0.193115234375,0.56787109375,-0.7744140625,Unknown
22:50:00.994932,0.22998046875,0.746337890625,-0.79638671875,Unknown
22:50:00.999944,0.224853515625,0.66796875,-0.86572265625,Unknown
22:50:01.032436,0.148681640625,0.655029296875,-0.849853515625,Unknown
22:50:01.033937,0.159912109375,0.609130859375,-0.91552734375,Unknown
22:50:01.067438,0.195068359375,0.6484375,-1.023681640625,Unknown
22:50:01.068432,0.123046875,0.690185546875,-0.969482421875,Unknown
22:50:01.101439,0.12744140625,0.714111328125,-0.80126953125,Unknown
22:50:01.102441,0.146240234375,0.514892578125,-0.751708984375,Unknown
22:50:01.111434,0.18505859375,0.4619140625,-0.782958984375,Unknown
22:50:01.143936,0.17919921875,0.47607421875,-0.8525390625,Unknown
22:50:01.144930,0.119384765625,0.40673828125,-0.903076171875,Unknown
22:50:01.177442,0.12646484375,0.42138671875,-0.868408203125,Unknown
22:50:01.178931,0.166259765625,0.40087890625,-0.85400390625,Unknown
22:50:01.211436,0.22216796875,0.388916015625,-0.845703125,Unknown
22:50:01.212428,0.251220703125,0.43408203125,-0.76025390625,Unknown
22:50:01.244943,0.24560546875,0.373779296875,-0.714599609375,Unknown
22:50:01.245929,0.18701171875,0.34521484375,-0.72021484375,Unknown
22:50:01.253939,0.2197265625,0.325439453125,-0.734619140625,Unknown
22:50:01.308936,0.23681640625,0.301513671875,-0.78271484375,Unknown
22:50:01.309930,0.243896484375,0.283447265625,-0.81640625,Unknown
22:50:01.323928,0.2275390625,0.236572265625,-0.88134765625,Unknown
22:50:01.324931,0.254638671875,0.13525390625,-1.078857421875,Unknown
22:50:01.332443,0.176513671875,0.468994140625,-1.113525390625,Unknown
22:50:01.364933,0.265869140625,0.512451171875,-1.09912109375,Unknown
22:50:01.365932,0.2060546875,0.305908203125,-1.053955078125,Unknown
22:50:01.398926,0.287841796875,0.2763671875,-0.962890625,Unknown
22:50:01.399932,0.280517578125,0.2568359375,-0.7705078125,Unknown
22:50:01.432432,0.24169921875,0.271484375,-0.683349609375,Unknown
22:50:01.433441,0.23681640625,0.44287109375,-0.775390625,Unknown
22:50:01.465934,0.1240234375,0.5341796875,-0.966552734375,Unknown
22:50:01.468931,0.105224609375,0.4755859375,-1.098388671875,Unknown
22:50:01.474926,0.11474609375,0.56787109375,-0.95263671875,Unknown
22:50:01.507428,0.138916015625,0.49267578125,-0.84521484375,Unknown
22:50:01.508428,0.15087890625,0.368896484375,-0.809814453125,Unknown
22:50:01.540940,0.18994140625,0.3642578125,-0.865478515625,Unknown
22:50:01.542440,0.146484375,0.402587890625,-1.01953125,Unknown
22:50:01.563441,0.136962890625,0.47607421875,-1.002197265625,Unknown
22:50:01.569941,0.143798828125,0.457275390625,-0.91015625,Unknown
22:50:01.602442,0.154296875,0.466064453125,-0.8271484375,Unknown
22:50:01.603426,0.170166015625,0.4482421875,-0.820068359375,Unknown
22:50:01.635941,0.2109375,0.4130859375,-0.868896484375,Unknown
22:50:01.637424,0.216796875,0.4482421875,-0.87451171875,Unknown
22:50:01.669941,0.213134765625,0.511474609375,-0.85107421875,Unknown
22:50:01.670926,0.220458984375,0.495849609375,-0.841796875,Unknown
22:50:01.703440,0.195068359375,0.495361328125,-0.86181640625,Unknown
22:50:01.704426,0.176025390625,0.49267578125,-0.876708984375,Unknown
22:50:01.718938,0.161376953125,0.499755859375,-0.864501953125,Unknown
22:50:01.727440,0.141845703125,0.5078125,-0.8984375,Unknown
22:50:01.759942,0.144775390625,0.517578125,-0.851806640625,Unknown
22:50:01.760940,0.165283203125,0.4912109375,-0.85546875,Unknown
22:50:01.793441,0.1845703125,0.459228515625,-0.88623046875,Unknown
22:50:01.794925,0.193603515625,0.4443359375,-0.847900390625,Unknown
22:50:01.827442,0.1962890625,0.43603515625,-0.843017578125,Unknown
22:50:01.829927,0.1953125,0.45263671875,-0.867431640625,Unknown
22:50:01.862431,0.196533203125,0.5087890625,-0.8544921875,Unknown
22:50:01.863442,0.19775390625,0.533935546875,-0.840087890625,Unknown
22:50:01.869931,0.20166015625,0.497802734375,-0.78466796875,Unknown
22:50:01.902431,0.180419921875,0.491943359375,-0.790771484375,Unknown
22:50:01.903442,0.18359375,0.519775390625,-0.82177734375,Unknown
22:50:01.948425,0.185791015625,0.531494140625,-0.8505859375,Unknown
22:50:01.949425,0.196044921875,0.549072265625,-0.857421875,Unknown
22:50:01.950944,0.19970703125,0.52978515625,-0.828857421875,Unknown
22:50:01.983941,0.185791015625,0.49267578125,-0.819091796875,Unknown
22:50:01.984431,0.180908203125,0.510009765625,-0.833740234375,Unknown
22:50:02.018442,0.179443359375,0.521484375,-0.845703125,Unknown
22:50:02.019941,0.1806640625,0.550048828125,-0.841064453125,Unknown
22:50:02.026928,0.16650390625,0.552001953125,-0.855224609375,Unknown
22:50:02.060941,0.1669921875,0.527099609375,-0.83935546875,Unknown
22:50:02.062440,0.170166015625,0.504150390625,-0.81982421875,Unknown
22:50:02.094932,0.185302734375,0.5,-0.8154296875,Unknown
22:50:02.095925,0.1884765625,0.53076171875,-0.82080078125,Unknown
22:50:02.109940,0.205322265625,0.551513671875,-0.832275390625,Unknown
22:50:02.142441,0.210693359375,0.56005859375,-0.82958984375,Unknown
22:50:02.143433,0.21435546875,0.560546875,-0.7958984375,Unknown
22:50:02.175931,0.20068359375,0.518310546875,-0.79443359375,Unknown
22:50:02.177436,0.165771484375,0.50537109375,-0.806640625,Unknown
22:50:02.185940,0.16943359375,0.5390625,-0.82421875,Unknown
22:50:02.219940,0.176513671875,0.560546875,-0.853515625,Unknown
22:50:02.222439,0.183837890625,0.569091796875,-0.82568359375,Unknown
22:50:02.255937,0.185302734375,0.57275390625,-0.796142578125,Unknown
22:50:02.258443,0.1787109375,0.53466796875,-0.792724609375,Unknown
22:50:02.264940,0.177490234375,0.5107421875,-0.806640625,Unknown
22:50:02.297441,0.178955078125,0.528564453125,-0.821044921875,Unknown
22:50:02.299941,0.178955078125,0.553466796875,-0.816650390625,Unknown
22:50:02.333441,0.181884765625,0.5439453125,-0.81689453125,Unknown
22:50:02.337431,0.166748046875,0.550537109375,-0.815185546875,Unknown
22:50:02.343441,0.16552734375,0.547607421875,-0.82470703125,Unknown
22:50:02.377437,0.17138671875,0.565673828125,-0.820556640625,Unknown
22:50:02.378432,0.182373046875,0.552001953125,-0.82958984375,Unknown
22:50:02.413441,0.1865234375,0.554443359375,-0.820068359375,Unknown
22:50:02.414931,0.176025390625,0.5498046875,-0.83349609375,Unknown
22:50:02.423441,0.16796875,0.551025390625,-0.820556640625,Unknown
22:50:02.455983,0.166015625,0.555419921875,-0.827392578125,Unknown
22:50:02.458441,0.15673828125,0.56005859375,-0.82177734375,Unknown
22:50:02.492283,0.1669921875,0.563232421875,-0.822998046875,Unknown
22:50:02.493779,0.163818359375,0.5537109375,-0.8232421875,Unknown
22:50:02.507291,0.166015625,0.535400390625,-0.81201171875,Unknown
22:50:02.539785,0.16943359375,0.534423828125,-0.802001953125,Unknown
22:50:02.542284,0.173095703125,0.53466796875,-0.816650390625,Unknown
22:50:02.549783,0.169189453125,0.557861328125,-0.8134765625,Unknown
22:50:02.588776,0.166259765625,0.552001953125,-0.8232421875,Unknown
22:50:02.589776,0.16650390625,0.554443359375,-0.833251953125,Unknown
22:50:02.597273,0.157958984375,0.549560546875,-0.8193359375,Unknown
22:50:02.631284,0.151123046875,0.551513671875,-0.81640625,Unknown
22:50:02.634783,0.152587890625,0.5498046875,-0.79443359375,Unknown
22:50:02.667283,0.164794921875,0.5458984375,-0.80419921875,Unknown
22:50:02.668273,0.166259765625,0.560302734375,-0.797119140625,Unknown
22:50:02.677283,0.1748046875,0.564453125,-0.796142578125,Unknown
22:50:02.709784,0.17236328125,0.555908203125,-0.814697265625,Unknown
22:50:02.711274,0.17041015625,0.551513671875,-0.818603515625,Unknown
22:50:02.743769,0.15576171875,0.567138671875,-0.806640625,Unknown
22:50:02.744771,0.135986328125,0.5546875,-0.829345703125,Unknown
22:50:02.777271,0.138671875,0.562255859375,-0.8203125,Unknown
22:50:02.778271,0.15087890625,0.570556640625,-0.815673828125,Unknown
