22:51:11.379125,0.4404296875,0.387451171875,-0.740966796875,Unknown
22:51:11.394638,0.433837890625,0.40966796875,-0.8486328125,Unknown
22:51:11.430795,0.48291015625,0.4404296875,-0.82958984375,Unknown
22:51:11.431796,0.468017578125,0.436279296875,-0.790283203125,Unknown
22:51:11.445279,0.46826171875,0.46142578125,-0.7744140625,Unknown
22:51:11.479295,0.460693359375,0.396728515625,-0.764404296875,Unknown
22:51:11.480797,0.459228515625,0.349365234375,-0.7919921875,Unknown
22:51:11.513295,0.460693359375,0.34326171875,-0.807861328125,Unknown
22:51:11.514297,0.468017578125,0.3935546875,-0.828369140625,Unknown
22:51:11.520797,0.4794921875,0.4130859375,-0.815673828125,Unknown
22:51:11.554295,0.489501953125,0.366455078125,-0.793212890625,Unknown
22:51:11.555797,0.486328125,0.337646484375,-0.770263671875,Unknown
22:51:11.588282,0.479248046875,0.38037109375,-0.810302734375,Unknown
22:51:11.589296,0.464599609375,0.405517578125,-0.783203125,Unknown
22:51:11.623293,0.463623046875,0.3955078125,-0.76953125,Unknown
22:51:11.624280,0.466064453125,0.412353515625,-0.783447265625,Unknown
22:51:11.631783,0.478271484375,0.422607421875,-0.772705078125,Unknown
22:51:11.664301,0.468505859375,0.384521484375,-0.802978515625,Unknown
22:51:11.665295,0.467041015625,0.396728515625,-0.79736328125,Unknown
22:51:11.709296,0.45703125,0.41357421875,-0.781494140625,Unknown
22:51:11.710798,0.459228515625,0.39794921875,-0.798828125,Unknown
22:51:11.711786,0.4716796875,0.384765625,-0.7880859375,Unknown
22:51:11.745779,0.47119140625,0.383056640625,-0.78173828125,Unknown
22:51:11.746780,0.471923828125,0.380859375,-0.7841796875,Unknown
22:51:11.779281,0.474609375,0.393310546875,-0.7900390625,Unknown
22:51:11.780295,0.474365234375,0.397216796875,-0.79248046875,Unknown
22:51:11.814297,0.471435546875,0.397216796875,-0.78125,Unknown
22:51:11.815797,0.47802734375,0.38818359375,-0.783447265625,Unknown
22:51:11.821796,0.474365234375,0.384033203125,-0.794189453125,Unknown
22:51:11.836795,0.4755859375,0.398193359375,-0.798095703125,Unknown
22:51:11.870779,0.470458984375,0.382568359375,-0.796630859375,Unknown
22:51:11.871796,0.47314453125,0.37841796875,-0.788330078125,Unknown
22:51:11.904296,0.474365234375,0.384765625,-0.79248046875,Unknown
22:51:11.905779,0.468017578125,0.393798828125,-0.786376953125,Unknown
22:51:11.939296,0.462646484375,0.383544921875,-0.800048828125,Unknown
22:51:11.940797,0.4677734375,0.391845703125,-0.795166015625,Unknown
22:51:11.947780,0.46630859375,0.392578125,-0.7880859375,Unknown
22:51:11.980797,0.47021484375,0.39306640625,-0.794677734375,Unknown
22:51:11.981780,0.47998046875,0.391357421875,-0.79443359375,Unknown
22:51:12.014296,0.47802734375,0.385498046875,-0.794921875,Unknown
22:51:12.015797,0.473876953125,0.39306640625,-0.791259765625,Unknown
22:51:12.047779,0.47412109375,0.39892578125,-0.794189453125,Unknown
22:51:12.049283,0.476806640625,0.392578125,-0.781005859375,Unknown
22:51:12.081795,0.47216796875,0.39013671875,-0.7861328125,Unknown
22:51:12.082779,0.469970703125,0.398193359375,-0.794921875,Unknown
22:51:12.090295,0.472900390625,0.388916015625,-0.78515625,Unknown
22:51:12.124295,0.4775390625,0.388916015625,-0.77880859375,Unknown
22:51:12.125281,0.481201171875,0.38818359375,-0.787841796875,Unknown
22:51:12.157780,0.475341796875,0.382568359375,-0.79833984375,Unknown
22:51:12.159279,0.4716796875,0.385009765625,-0.7939453125,Unknown
22:51:12.192779,0.490478515625,0.400634765625,-0.805419921875,Unknown
22:51:12.194279,0.52392578125,0.419189453125,-0.862548828125,Start
22:51:12.200779,0.56884765625,0.4052734375,-0.837646484375,InProgress
22:51:12.232780,0.571044921875,0.3359375,-0.88330078125,InProgress
22:51:12.234279,0.603271484375,0.39990234375,-0.8330078125,InProgress
22:51:12.248271,0.837158203125,0.385986328125,-0.8310546875,InProgress
22:51:12.280769,0.888427734375,0.503173828125,-0.8427734375,InProgress
22:51:12.281763,1.107666015625,0.834716796875,-0.762939453125,InProgress
22:51:12.315276,0.897705078125,0.80078125,-0.931396484375,Finish
22:51:12.316760,0.983154296875,0.998291015625,-0.875732421875,Unknown
22:51:12.349278,1.025146484375,1.05224609375,-0.88427734375,Unknown
22:51:12.350276,1.125,1.055419921875,-0.90185546875,Unknown
22:51:12.359260,1.1708984375,1.1259765625,-0.92529296875,Unknown
22:51:12.391776,1.199951171875,1.330322265625,-0.877685546875,Unknown
22:51:12.392765,1.1435546875,1.494384765625,-0.84375,Unknown
22:51:12.425776,1.077392578125,1.576171875,-0.85302734375,Unknown
22:51:12.426763,1.013916015625,1.59228515625,-0.69580078125,Unknown
22:51:12.459276,0.90478515625,1.541748046875,-0.559814453125,Unknown
22:51:12.460276,0.624267578125,1.366455078125,-0.704833984375,Unknown
22:51:12.493276,0.34326171875,1.43359375,-0.6953125,Unknown
22:51:12.494276,0.141845703125,1.71240234375,-0.52197265625,Unknown
22:51:12.500776,0.0322265625,1.6650390625,-0.369873046875,Unknown
22:51:12.533276,-0.045654296875,1.2412109375,-0.387451171875,Unknown
22:51:12.535276,-0.21435546875,0.8876953125,-0.411376953125,Unknown
22:51:12.568276,-0.35595703125,0.831787109375,-0.548828125,Unknown
22:51:12.569276,-0.388427734375,0.744873046875,-0.645263671875,Unknown
22:51:12.601776,-0.43408203125,0.698486328125,-0.694091796875,Unknown
22:51:12.602764,-0.431396484375,0.616943359375,-0.65869140625,Unknown
22:51:12.635776,-0.419677734375,0.51611328125,-0.649658203125,Unknown
22:51:12.636767,-0.43994140625,0.4482421875,-0.46533203125,Unknown
22:51:12.650770,-0.4462890625,0.531494140625,-0.2333984375,Unknown
22:51:12.659276,-0.408203125,0.392578125,-0.21875,Unknown
22:51:12.691778,-0.44140625,0.272705078125,-0.27099609375,Unknown
22:51:12.693265,-0.439697265625,0.31787109375,-0.221923828125,Unknown
22:51:12.725766,-0.390869140625,0.30859375,-0.174560546875,Unknown
22:51:12.726765,-0.34521484375,0.1640625,-0.203125,Unknown
22:51:12.759278,-0.29541015625,0.103271484375,-0.231689453125,Unknown
22:51:12.760767,-0.270751953125,0.06884765625,-0.15234375,Unknown
22:51:12.793265,-0.27880859375,-0.031982421875,-0.0732421875,Unknown
22:51:12.794276,-0.302978515625,-0.139892578125,-0.10546875,Unknown
22:51:12.801776,-0.304931640625,-0.09326171875,-0.105712890625,Unknown
22:51:12.834278,-0.329345703125,-0.09326171875,-0.11962890625,Unknown
22:51:12.835765,-0.36474609375,-0.099853515625,-0.1171875,Unknown
22:51:12.869276,-0.415771484375,-0.100341796875,-0.155517578125,Unknown
22:51:12.870765,-0.46630859375,-0.10009765625,-0.2509765625,Unknown
22:51:12.903264,-0.51318359375,-0.162109375,-0.324951171875,Unknown
22:51:12.904265,-0.52392578125,-0.203369140625,-0.333740234375,Unknown
22:51:12.911776,-0.595947265625,-0.20556640625,-0.287109375,Unknown
22:51:12.944277,-0.6435546875,-0.2373046875,-0.262451171875,Unknown
22:51:12.945276,-0.686279296875,-0.33935546875,-0.30859375,Unknown
22:51:12.989276,-0.720703125,-0.392578125,-0.322998046875,Unknown
22:51:12.990767,-0.73046875,-0.41015625,-0.342529296875,Unknown
22:51:12.991767,-0.776123046875,-0.4541015625,-0.38037109375,Unknown
22:51:13.024278,-0.82470703125,-0.493896484375,-0.3916015625,Unknown
22:51:13.025276,-0.88037109375,-0.48291015625,-0.37353515625,Unknown
22:51:13.039776,-0.918212890625,-0.450927734375,-0.381591796875,Unknown
22:51:13.071776,-0.943115234375,-0.410888671875,-0.39306640625,Unknown
22:51:13.073267,-0.947998046875,-0.39697265625,-0.36572265625,Unknown
22:51:13.105776,-0.947021484375,-0.330810546875,-0.303466796875,Unknown
22:51:13.106776,-0.94384765625,-0.313232421875,-0.3037109375,Unknown
22:51:13.139276,-0.97216796875,-0.325439453125,-0.3544921875,Unknown
22:51:13.140267,-0.977294921875,-0.28173828125,-0.319580078125,Unknown
22:51:13.173276,-1.011962890625,-0.232177734375,-0.259033203125,Unknown
22:51:13.174276,-1.01123046875,-0.20751953125,-0.223876953125,Unknown
22:51:13.180766,-1.042724609375,-0.217041015625,-0.220458984375,Unknown
22:51:13.213268,-1.0615234375,-0.2236328125,-0.20849609375,Unknown
22:51:13.214267,-1.04931640625,-0.22607421875,-0.17333984375,Unknown
22:51:13.248267,-1.009765625,-0.210693359375,-0.126953125,Unknown
22:51:13.249268,-0.969482421875,-0.238525390625,-0.1044921875,Unknown
22:51:13.281776,-0.952880859375,-0.2080078125,-0.089599609375,Unknown
22:51:13.283265,-0.95263671875,-0.187255859375,-0.072265625,Unknown
22:51:13.291777,-0.953369140625,-0.150390625,-0.041259765625,Unknown
22:51:13.324276,-0.958984375,-0.07958984375,-0.046875,Unknown
22:51:13.325776,-0.95556640625,-0.034423828125,-0.040771484375,Unknown
22:51:13.358278,-0.947998046875,0.01904296875,-0.0537109375,Unknown
22:51:13.359267,-0.957763671875,0.078857421875,-0.08251953125,Unknown
22:51:13.391777,-0.97705078125,0.14306640625,-0.10205078125,Unknown
22:51:13.393264,-0.982421875,0.140869140625,-0.076904296875,Unknown
22:51:13.425768,-0.97021484375,0.097412109375,-0.084228515625,Unknown
22:51:13.426776,-0.93359375,0.12548828125,-0.10400390625,Unknown
22:51:13.440768,-0.919189453125,0.13232421875,-0.096435546875,Unknown
22:51:13.473279,-0.892578125,0.046875,-0.118896484375,Unknown
22:51:13.474268,-0.89013671875,-0.053466796875,-0.209716796875,Unknown
22:51:13.480765,-0.884521484375,-0.048828125,-0.20263671875,Unknown
22:51:13.513278,-0.86962890625,-0.04833984375,-0.156982421875,Unknown
22:51:13.514264,-0.8544921875,-0.061767578125,-0.08447265625,Unknown
22:51:13.548263,-0.867431640625,-0.0224609375,-0.062255859375,Unknown
22:51:13.549265,-0.901123046875,-0.050537109375,-0.108642578125,Unknown
22:51:13.581764,-0.92626953125,-0.07373046875,-0.14794921875,Unknown
22:51:13.583265,-0.95263671875,-0.1240234375,-0.160888671875,Unknown
22:51:13.591778,-0.962890625,-0.125244140625,-0.1533203125,Unknown
22:51:13.629276,-0.98046875,-0.125244140625,-0.138671875,Unknown
22:51:13.630766,-1.013916015625,-0.130126953125,-0.120849609375,Unknown
22:51:13.663278,-1.034423828125,-0.1611328125,-0.161376953125,Unknown
22:51:13.664264,-1.0595703125,-0.162841796875,-0.212890625,Unknown
22:51:13.670778,-1.09130859375,-0.18310546875,-0.306640625,Unknown
22:51:13.703278,-1.11962890625,-0.197509765625,-0.361572265625,Unknown
22:51:13.704265,-1.13232421875,-0.24267578125,-0.411376953125,Unknown
22:51:13.738278,-1.1318359375,-0.203857421875,-0.395751953125,Unknown
22:51:13.739265,-1.151123046875,-0.202392578125,-0.37158203125,Unknown
22:51:13.771776,-1.13525390625,-0.279541015625,-0.3681640625,Unknown
22:51:13.773276,-1.12353515625,-0.306640625,-0.34130859375,Unknown
22:51:13.780763,-1.1025390625,-0.305908203125,-0.315673828125,Unknown
22:51:13.813278,-1.0869140625,-0.3291015625,-0.314208984375,Unknown
22:51:13.814263,-1.07080078125,-0.3349609375,-0.267822265625,Unknown
22:51:13.846779,-1.047607421875,-0.322265625,-0.205322265625,Unknown
22:51:13.848262,-0.99462890625,-0.33349609375,-0.232177734375,Unknown
22:51:13.861765,-0.954833984375,-0.337646484375,-0.24169921875,Unknown
22:51:13.894281,-0.918701171875,-0.30078125,-0.207275390625,Unknown
22:51:13.895776,-0.916015625,-0.239990234375,-0.177734375,Unknown
22:51:13.929277,-0.9267578125,-0.24365234375,-0.1962890625,Unknown
22:51:13.930776,-0.93359375,-0.28466796875,-0.283203125,Unknown
22:51:13.963278,-0.885498046875,-0.2060546875,-0.312255859375,Unknown
22:51:13.964266,-0.8642578125,-0.11279296875,-0.276123046875,Unknown
22:51:13.970767,-0.845703125,-0.048828125,-0.221923828125,Unknown
22:51:14.003278,-0.864501953125,-0.001220703125,-0.192626953125,Unknown
22:51:14.004268,-0.873779296875,0.015869140625,-0.198974609375,Unknown
22:51:14.036776,-0.90087890625,-0.0107421875,-0.21044921875,Unknown
22:51:14.038280,-0.918212890625,-0.06494140625,-0.2333984375,Unknown
22:51:14.070767,-0.91357421875,-0.086669921875,-0.203125,Unknown
22:51:14.071765,-0.908935546875,-0.135498046875,-0.165283203125,Unknown
22:51:14.104276,-0.8955078125,-0.189697265625,-0.142333984375,Unknown
22:51:14.105776,-0.884033203125,-0.242431640625,-0.15478515625,Unknown
22:51:14.113278,-0.885986328125,-0.272216796875,-0.155029296875,Unknown
22:51:14.145778,-0.880126953125,-0.28369140625,-0.166259765625,Unknown
22:51:14.147266,-0.898193359375,-0.296630859375,-0.180419921875,Unknown
22:51:14.181764,-0.910888671875,-0.28173828125,-0.17822265625,Unknown
22:51:14.183267,-0.925537109375,-0.242431640625,-0.17138671875,Unknown
22:51:14.215769,-0.92578125,-0.192138671875,-0.17529296875,Unknown
22:51:14.216776,-0.937744140625,-0.128173828125,-0.138916015625,Unknown
22:51:14.223279,-0.9541015625,-0.08935546875,-0.12939453125,Unknown
22:51:14.269768,-0.96533203125,-0.058837890625,-0.152587890625,Unknown
22:51:14.270766,-0.976806640625,-0.0224609375,-0.16845703125,Unknown
22:51:14.285778,-0.975341796875,0.0205078125,-0.14404296875,Unknown
22:51:14.286767,-0.989990234375,0.02880859375,-0.1513671875,Unknown
22:51:14.320778,-0.993408203125,0.00439453125,-0.139892578125,Unknown
22:51:14.321767,-0.998779296875,-0.030029296875,-0.156982421875,Unknown
22:51:14.354277,-1.002685546875,-0.060546875,-0.17431640625,Unknown
22:51:14.355776,-0.991943359375,-0.077392578125,-0.1796875,Unknown
22:51:14.388276,-1.013671875,-0.10302734375,-0.166015625,Unknown
22:51:14.389269,-1.0205078125,-0.13232421875,-0.17822265625,Unknown
22:51:14.422265,-1.02099609375,-0.137939453125,-0.188720703125,Unknown
22:51:14.422765,-1.01611328125,-0.14697265625,-0.21923828125,Unknown
22:51:14.429266,-1.019775390625,-0.16796875,-0.248046875,Unknown
22:51:14.462274,-1.013916015625,-0.149658203125,-0.219970703125,Unknown
22:51:14.463276,-1.016845703125,-0.139892578125,-0.22216796875,Unknown
22:51:14.497274,-1.014892578125,-0.15869140625,-0.243408203125,Unknown
22:51:14.498268,-1.002197265625,-0.175048828125,-0.240234375,Unknown
22:51:14.530778,-1.000244140625,-0.14697265625,-0.22265625,Unknown
22:51:14.533265,-0.990478515625,-0.119140625,-0.205078125,Unknown
22:51:14.539278,-0.9912109375,-0.135986328125,-0.19775390625,Unknown
22:51:14.572276,-0.983154296875,-0.139892578125,-0.220947265625,Unknown
22:51:14.573268,-0.982177734375,-0.111083984375,-0.185546875,Unknown
22:51:14.607265,-0.97998046875,-0.10205078125,-0.18603515625,Unknown
22:51:14.608272,-0.9677734375,-0.100341796875,-0.20654296875,Unknown
22:51:14.640776,-0.9658203125,-0.08642578125,-0.2001953125,Unknown
22:51:14.641766,-0.96728515625,-0.1142578125,-0.210205078125,Unknown
22:51:14.650777,-0.960693359375,-0.1318359375,-0.205078125,Unknown
22:51:14.683265,-0.953125,-0.135498046875,-0.185302734375,Unknown
22:51:14.684276,-0.955078125,-0.151611328125,-0.196533203125,Unknown
22:51:14.698274,-0.9638671875,-0.1591796875,-0.217041015625,Unknown
22:51:14.731776,-0.96923828125,-0.16552734375,-0.21337890625,Unknown
22:51:14.732770,-0.9638671875,-0.170166015625,-0.20654296875,Unknown
22:51:14.765776,-0.962158203125,-0.1767578125,-0.204833984375,Unknown
22:51:14.766776,-0.960693359375,-0.171630859375,-0.199951171875,Unknown
22:51:14.800765,-0.955322265625,-0.149169921875,-0.1845703125,Unknown
22:51:14.801773,-0.966796875,-0.13720703125,-0.184814453125,Unknown
22:51:14.809276,-0.97314453125,-0.149169921875,-0.2021484375,Unknown
22:51:14.841764,-0.977294921875,-0.1416015625,-0.19775390625,Unknown
22:51:14.842766,-0.9716796875,-0.13818359375,-0.1904296875,Unknown
22:51:14.875766,-0.968505859375,-0.147216796875,-0.197265625,Unknown
22:51:14.876776,-0.965087890625,-0.129150390625,-0.188720703125,Unknown
22:51:14.909277,-0.96923828125,-0.107666015625,-0.19140625,Unknown
22:51:14.910278,-0.971923828125,-0.113037109375,-0.2177734375,Unknown
22:51:14.943266,-0.971923828125,-0.132568359375,-0.218505859375,Unknown
22:51:14.944264,-0.960693359375,-0.132080078125,-0.2001953125,Unknown
22:51:14.950765,-0.9599609375,-0.132568359375,-0.191650390625,Unknown
22:51:14.984276,-0.95556640625,-0.134033203125,-0.198486328125,Unknown
22:51:14.985276,-0.95556640625,-0.152587890625,-0.20703125,Unknown
22:51:15.018265,-0.958984375,-0.160888671875,-0.21484375,Unknown
22:51:15.019268,-0.95166015625,-0.1533203125,-0.2109375,Unknown
22:51:15.053265,-0.95068359375,-0.152587890625,-0.219482421875,Unknown
22:51:15.054266,-0.95068359375,-0.144775390625,-0.228271484375,Unknown
22:51:15.060776,-0.965576171875,-0.133056640625,-0.219482421875,Unknown
22:51:15.093276,-0.968505859375,-0.12744140625,-0.21484375,Unknown
22:51:15.094264,-0.97314453125,-0.117919921875,-0.21435546875,Unknown
22:51:15.108276,-0.97607421875,-0.139404296875,-0.23046875,Unknown
22:51:15.140776,-0.977294921875,-0.138916015625,-0.2333984375,Unknown
22:51:15.141766,-0.99169921875,-0.133544921875,-0.20849609375,Unknown
22:51:15.175771,-0.996337890625,-0.13232421875,-0.22119140625,Unknown
22:51:15.176782,-0.978271484375,-0.1337890625,-0.21044921875,Unknown
22:51:15.209276,-0.96826171875,-0.126220703125,-0.200439453125,Unknown
22:51:15.210268,-0.966064453125,-0.12939453125,-0.1953125,Unknown
22:51:15.219276,-0.96142578125,-0.12548828125,-0.19189453125,Unknown
22:51:15.251777,-0.93310546875,-0.1142578125,-0.212158203125,Unknown
22:51:15.253265,-0.915771484375,-0.1123046875,-0.2255859375,Unknown
22:51:15.285765,-0.890380859375,-0.094482421875,-0.20361328125,Unknown
22:51:15.286765,-0.8857421875,-0.0537109375,-0.17822265625,Unknown
22:51:15.319277,-0.876220703125,-0.02880859375,-0.169189453125,Unknown
22:51:15.320766,-0.862060546875,-0.040283203125,-0.18505859375,Unknown
22:51:15.352991,-0.83203125,-0.052490234375,-0.19384765625,Unknown
22:51:15.354484,-0.7919921875,-0.028564453125,-0.1806640625,Unknown
22:51:15.361988,-0.745849609375,0.0048828125,-0.16796875,Unknown
22:51:15.394487,-0.72119140625,-0.001708984375,-0.151123046875,Unknown
22:51:15.395489,-0.70361328125,-0.00048828125,-0.14306640625,Unknown
22:51:15.429404,-0.6884765625,0.016845703125,-0.126220703125,Unknown
22:51:15.430420,-0.671142578125,0.022216796875,-0.117431640625,Unknown
22:51:15.463147,-0.640380859375,0.011474609375,-0.123291015625,Unknown
22:51:15.464146,-0.62255859375,0.01171875,-0.122314453125,Unknown
22:51:15.472146,-0.614990234375,0.04541015625,-0.09228515625,Unknown
22:51:15.504648,-0.6083984375,0.078369140625,-0.095458984375,Unknown
22:51:15.505642,-0.66796875,0.115478515625,-0.129638671875,Unknown
22:51:15.520643,-0.693115234375,0.236328125,-0.09716796875,Unknown
22:51:15.549156,-0.72509765625,0.352294921875,-0.111572265625,Unknown
22:51:15.555643,-0.83203125,0.368896484375,-0.135498046875,Unknown
22:51:15.588158,-1.001220703125,0.333251953125,-0.1328125,Unknown
22:51:15.589647,-1.259765625,0.24853515625,-0.134033203125,Unknown
22:51:15.621646,-1.623046875,-0.106201171875,-0.3642578125,Unknown
22:51:15.623143,-1.903564453125,-0.422607421875,-0.669921875,Unknown
22:51:15.630632,-2.15478515625,-0.674560546875,-0.94482421875,Unknown
22:51:15.664660,-2.379638671875,-1.018310546875,-1.318115234375,Unknown
22:51:15.665657,-2.404296875,-1.341552734375,-1.701904296875,Unknown
22:51:15.698167,-2.391845703125,-1.515869140625,-1.76806640625,Unknown
22:51:15.699657,-2.448974609375,-1.515625,-1.701904296875,Unknown
22:51:15.733100,-2.765869140625,-1.556396484375,-1.06982421875,Unknown
22:51:15.734615,-2.82861328125,-1.93212890625,-0.387939453125,Unknown
22:51:15.740624,-2.955810546875,-2.826171875,-0.254150390625,Unknown
22:51:15.774624,-2.881103515625,-3.150634765625,-0.35791015625,Unknown
22:51:15.775619,-2.476318359375,-2.892822265625,-0.208251953125,Unknown
22:51:15.808124,-1.628662109375,-2.533447265625,-0.1064453125,Unknown
22:51:15.809620,-0.050048828125,-2.2197265625,-0.072265625,Unknown
22:51:15.843257,2.779541015625,-1.49853515625,-0.478759765625,Start
22:51:15.844247,7.999755859375,0.4365234375,-3.44677734375,InProgress
22:51:15.851753,7.999755859375,4.550537109375,-4.515380859375,InProgress
22:51:15.884755,1.795654296875,4.991943359375,0.444580078125,Finish
22:51:15.885753,-3.0908203125,2.935791015625,2.7900390625,Unknown
22:51:15.918418,-1.061767578125,2.20556640625,0.7158203125,Unknown
22:51:15.919420,3.0791015625,0.727294921875,-2.359375,Unknown
22:51:15.940419,7.66015625,-0.29736328125,-1.51123046875,Unknown
22:51:15.966918,2.691650390625,0.1025390625,-0.41845703125,Unknown
22:51:15.967921,2.012939453125,0.543212890625,-0.343994140625,Unknown
22:51:16.000921,1.632080078125,0.371337890625,-1.058349609375,Unknown
22:51:16.001911,0.544921875,0.032470703125,-1.7861328125,Unknown
22:51:16.010927,-0.545654296875,-0.49365234375,-2.016357421875,Unknown
22:51:16.043421,-1.181884765625,-0.98876953125,-1.871337890625,Unknown
22:51:16.044415,-0.851318359375,-0.790771484375,-1.203369140625,Unknown
22:51:16.076922,-0.894287109375,-0.466796875,-0.59814453125,Unknown
22:51:16.077921,-1.14111328125,-0.513671875,-0.32080078125,Unknown
22:51:16.110919,-1.453369140625,-0.81005859375,-0.364990234375,Unknown
22:51:16.111921,-1.50048828125,-1.039794921875,-0.23193359375,Unknown
22:51:16.144421,-1.560546875,-1.11376953125,-0.042724609375,Unknown
22:51:16.145421,-1.646484375,-1.11669921875,0.10498046875,Unknown
22:51:16.153421,-1.57080078125,-1.158935546875,0.052490234375,Unknown
22:51:16.189408,-1.574951171875,-1.113525390625,-0.16796875,Unknown
22:51:16.190412,-1.552001953125,-0.960205078125,-0.12939453125,Unknown
22:51:16.198971,-1.53857421875,-0.861328125,0.03564453125,Unknown
22:51:16.232081,-1.557373046875,-0.580810546875,0.269775390625,Unknown
22:51:16.233080,-1.513916015625,-0.2978515625,0.075439453125,Unknown
22:51:16.265585,-1.313232421875,-0.224365234375,-0.7841796875,Unknown
22:51:16.267082,-1.17578125,-0.252685546875,-1.230712890625,Unknown
22:51:16.299580,-1.173095703125,0.02880859375,-0.8232421875,Unknown
22:51:16.300574,-1.421875,0.210205078125,-0.30078125,Unknown
22:51:16.333083,-1.6416015625,0.48681640625,0.069580078125,Unknown
22:51:16.334580,-1.802001953125,0.675537109375,-0.06201171875,Unknown
22:51:16.349579,-1.719970703125,0.509521484375,-0.341064453125,Unknown
22:51:16.382080,-1.5732421875,0.671630859375,-0.183837890625,Unknown
22:51:16.383079,-1.449462890625,0.846435546875,0.188720703125,Unknown
22:51:16.389585,-1.373779296875,0.73486328125,0.326171875,Unknown
22:51:16.422085,-1.16845703125,0.611572265625,0.30859375,Unknown
22:51:16.423079,-0.785400390625,0.56396484375,0.197509765625,Unknown
22:51:16.455584,-0.387451171875,0.549560546875,0.04443359375,Unknown
22:51:16.457074,-0.04736328125,0.70458984375,0.0751953125,Unknown
22:51:16.490583,0.24853515625,0.90234375,0.224853515625,Unknown
22:51:16.492072,0.380859375,0.987060546875,0.265625,Unknown
22:51:16.499582,0.32666015625,0.954345703125,0.1787109375,Unknown
22:51:16.537085,0.270263671875,0.908935546875,-0.029052734375,Unknown
22:51:16.538083,-0.150146484375,0.952880859375,-0.4052734375,Unknown
22:51:16.570583,-0.720703125,0.68310546875,-1.022705078125,Unknown
22:51:16.572074,-1.38330078125,0.5224609375,-1.6220703125,Unknown
22:51:16.579585,-2.216064453125,0.09130859375,-2.255126953125,Unknown
22:51:16.612085,-2.864501953125,-0.353515625,-2.6435546875,Unknown
22:51:16.613074,-3.23583984375,-0.596435546875,-2.6201171875,Unknown
22:51:16.647072,-3.323974609375,-1.007568359375,-2.30859375,Unknown
22:51:16.648081,-3.14404296875,-1.453125,-1.874755859375,Unknown
22:51:16.680585,-3.0419921875,-1.766845703125,-1.3623046875,Unknown
22:51:16.681074,-2.82568359375,-2.228759765625,-0.4296875,Unknown
22:51:16.689579,-2.494140625,-2.748291015625,0.71630859375,Unknown
22:51:16.722080,-1.872802734375,-2.614501953125,1.32080078125,Unknown
22:51:16.723066,-0.75,-2.835693359375,0.614013671875,Unknown
22:51:16.755565,0.71240234375,-2.42236328125,-0.607666015625,Start
22:51:16.757068,3.378662109375,-2.0576171875,0.072998046875,InProgress
22:51:16.770580,7.999755859375,-1.4013671875,-1.40869140625,InProgress
22:51:16.803143,7.999755859375,3.61572265625,-6.19775390625,InProgress
22:51:16.804134,1.060791015625,4.71630859375,2.21142578125,Finish
22:51:16.830645,-2.3857421875,3.543212890625,3.4091796875,Unknown
22:51:16.832140,-0.823974609375,2.254638671875,-1.98388671875,Unknown
22:51:16.864646,3.48095703125,-0.953857421875,-3.978515625,Unknown
22:51:16.865641,7.999755859375,0.864013671875,-0.576171875,Unknown
22:51:16.899723,2.765380859375,0.653076171875,0.4404296875,Unknown
22:51:16.900728,2.3212890625,0.052001953125,0.181884765625,Unknown
22:51:16.933230,1.494873046875,0.04296875,-0.6943359375,Unknown
22:51:16.934723,0.06787109375,-0.28662109375,-1.7177734375,Unknown
22:51:16.942229,-1.57177734375,-0.84912109375,-2.0244140625,Unknown
22:51:16.974232,-2.289794921875,-1.037353515625,-1.551513671875,Unknown
22:51:16.975725,-1.60107421875,-0.71630859375,-0.792724609375,Unknown
22:51:17.008324,-1.8037109375,-0.470947265625,-0.361572265625,Unknown
22:51:17.009320,-2.18505859375,-0.426513671875,-0.14990234375,Unknown
22:51:17.043325,-2.548095703125,-0.490478515625,-0.101806640625,Unknown
22:51:17.044320,-2.485107421875,-0.5546875,-0.119140625,Unknown
22:51:17.077327,-2.33349609375,-0.5849609375,-0.121826171875,Unknown
22:51:17.078319,-2.1103515625,-0.571533203125,-0.126953125,Unknown
22:51:17.084382,-1.967529296875,-0.476806640625,-0.27099609375,Unknown
22:51:17.116895,-1.87109375,-0.401611328125,-0.34619140625,Unknown
22:51:17.117889,-1.650390625,-0.514404296875,-0.513916015625,Unknown
22:51:17.151886,-1.521240234375,-0.57275390625,-0.848876953125,Unknown
22:51:17.152886,-1.45556640625,-0.350830078125,-0.931396484375,Unknown
22:51:17.166884,-1.3642578125,-0.081787109375,-0.83642578125,Unknown
22:51:17.200896,-1.307861328125,0.066162109375,-0.64892578125,Unknown
22:51:17.201893,-1.36181640625,0.24951171875,-0.384033203125,Unknown
22:51:17.234395,-1.41845703125,0.521484375,-0.19677734375,Unknown
22:51:17.235393,-1.408203125,0.70654296875,-0.185302734375,Unknown
22:51:17.242908,-1.349853515625,0.824462890625,-0.246826171875,Unknown
22:51:17.276909,-1.17138671875,0.813232421875,-0.306884765625,Unknown
22:51:17.277893,-1.021484375,0.9169921875,-0.228515625,Unknown
22:51:17.310517,-0.93896484375,0.96728515625,-0.103515625,Unknown
22:51:17.311508,-0.884765625,0.628662109375,-0.243408203125,Unknown
22:51:17.345518,-0.926513671875,0.56982421875,-0.477294921875,Unknown
22:51:17.347007,-1.381103515625,0.4384765625,-0.89990234375,Unknown
22:51:17.353018,-1.885009765625,0.073974609375,-1.232177734375,Unknown
22:51:17.385629,-2.438232421875,-0.24951171875,-1.439208984375,Unknown
22:51:17.388619,-2.876953125,-0.455810546875,-1.571044921875,Unknown
22:51:17.420629,-3.033935546875,-0.724853515625,-1.499755859375,Unknown
22:51:17.421615,-3.01171875,-1.4287109375,-1.12255859375,Unknown
22:51:17.469129,-3.115478515625,-2.9189453125,-0.415771484375,Unknown
22:51:17.470619,-3.046630859375,-3.24951171875,0.360595703125,Unknown
22:51:17.472130,-2.304443359375,-3.055908203125,0.51904296875,Unknown
22:51:17.479365,-0.56982421875,-3.284912109375,-0.816162109375,Unknown
22:51:17.511708,0.952880859375,-2.594970703125,-1.764892578125,Start
22:51:17.514721,5.705810546875,-0.92919921875,0.305908203125,InProgress
22:51:17.546721,7.999755859375,0.339111328125,-2.187255859375,InProgress
22:51:17.548221,7.576416015625,5.802490234375,-3.32958984375,Finish
22:51:17.564221,0.762939453125,4.427001953125,3.69287109375,Unknown
22:51:17.596722,-5.65478515625,2.88232421875,0.939697265625,Unknown
22:51:17.598221,2.478271484375,0.26220703125,-3.688232421875,Unknown
22:51:17.630723,7.999755859375,-0.658447265625,-2.696044921875,Unknown
22:51:17.631721,4.569091796875,0.52978515625,-0.122802734375,Unknown
22:51:17.638211,2.471923828125,0.0986328125,0.4501953125,Unknown
22:51:17.671722,2.130615234375,0.016357421875,0.2939453125,Unknown
22:51:17.673212,1.003662109375,-0.09521484375,-0.840576171875,Unknown
22:51:17.706721,-0.61962890625,-0.459716796875,-1.983154296875,Unknown
22:51:17.708213,-2.646240234375,-1.07763671875,-2.310546875,Unknown
22:51:17.740723,-1.675537109375,-1.395751953125,-1.74267578125,Unknown
22:51:17.741715,-1.38427734375,-0.581298828125,-1.07421875,Unknown
22:51:17.748223,-1.4794921875,-0.42529296875,-0.448974609375,Unknown
22:51:17.780723,-1.678955078125,-0.427490234375,-0.151123046875,Unknown
22:51:17.781712,-2.08837890625,-0.5771484375,-0.14892578125,Unknown
22:51:17.814221,-2.046630859375,-0.691162109375,-0.142333984375,Unknown
22:51:17.815721,-1.90283203125,-0.625244140625,-0.041259765625,Unknown
22:51:17.848223,-1.743408203125,-0.488037109375,-0.05712890625,Unknown
22:51:17.849217,-1.55859375,-0.387451171875,-0.076171875,Unknown
22:51:17.881721,-1.462158203125,-0.4736328125,-0.125732421875,Unknown
22:51:17.883221,-1.352294921875,-0.393310546875,-0.28955078125,Unknown
22:51:17.890723,-1.27001953125,-0.280029296875,-0.561767578125,Unknown
22:51:17.923305,-1.2939453125,-0.091552734375,-0.774169921875,Unknown
22:51:17.924300,-1.283447265625,0.09814453125,-0.853759765625,Unknown
22:51:17.958305,-1.318359375,0.290771484375,-0.929931640625,Unknown
22:51:17.959300,-1.42138671875,0.457275390625,-1.05517578125,Unknown
22:51:17.974307,-1.685791015625,0.73681640625,-0.9404296875,Unknown
22:51:18.006695,-2.000244140625,0.9365234375,-0.69091796875,Unknown
22:51:18.008195,-2.106689453125,1.044677734375,-0.658203125,Unknown
22:51:18.040696,-2.007080078125,0.912353515625,-0.85302734375,Unknown
22:51:18.041690,-1.855712890625,0.89990234375,-0.86669921875,Unknown
22:51:18.049695,-1.8359375,0.827880859375,-0.693603515625,Unknown
22:51:18.083199,-1.779052734375,0.779541015625,-0.585693359375,Unknown
22:51:18.084192,-1.7763671875,0.304443359375,-0.821533203125,Unknown
22:51:18.110891,-1.783203125,-0.1611328125,-0.946533203125,Unknown
22:51:18.111891,-1.97265625,-0.431396484375,-0.992431640625,Unknown
22:51:18.145891,-2.172119140625,-0.449462890625,-0.837890625,Unknown
22:51:18.146891,-2.264404296875,-0.736083984375,-0.723388671875,Unknown
22:51:18.179391,-2.49609375,-2.073974609375,-0.38623046875,Unknown
22:51:18.180383,-2.894775390625,-3.913818359375,0.4072265625,Unknown
22:51:18.214393,-3.069091796875,-3.8095703125,1.252197265625,Unknown
22:51:18.215390,-1.61962890625,-3.29248046875,1.0009765625,Unknown
22:51:18.221891,-0.07861328125,-2.710693359375,-1.25634765625,Unknown
22:51:18.254391,2.135498046875,-2.814208984375,-2.417724609375,Start
22:51:18.255386,7.999755859375,-0.567138671875,-1.400390625,InProgress
22:51:18.288391,7.999755859375,3.390625,-4.180419921875,InProgress
22:51:18.289385,2.3515625,5.913818359375,1.172607421875,Finish
22:51:18.321892,-0.90087890625,3.66455078125,2.56005859375,Unknown
22:51:18.322885,-3.843994140625,0.08251953125,-1.4658203125,Unknown
22:51:18.355891,2.94287109375,0.78076171875,-2.0927734375,Unknown
22:51:18.356891,7.999755859375,0.2587890625,-0.61181640625,Unknown
22:51:18.370888,2.878173828125,0.2216796875,-0.32080078125,Unknown
22:51:18.404391,2.072021484375,0.2451171875,0.0498046875,Unknown
22:51:18.405891,1.546142578125,0.525390625,-0.388916015625,Unknown
22:51:18.411892,0.384521484375,0.19287109375,-1.4267578125,Unknown
22:51:18.445889,-1.2685546875,-0.470703125,-2.09814453125,Unknown
22:51:18.446891,-2.163818359375,-0.876953125,-2.06005859375,Unknown
22:51:18.479392,-1.54443359375,-0.7041015625,-1.540283203125,Unknown
22:51:18.483390,-1.398193359375,-0.416259765625,-1.02197265625,Unknown
22:51:18.490888,-1.42041015625,-0.44873046875,-0.651611328125,Unknown
22:51:18.525886,-1.798583984375,-0.568603515625,-0.697998046875,Unknown
22:51:18.526889,-1.928955078125,-0.630126953125,-0.719970703125,Unknown
22:51:18.559392,-1.919189453125,-0.741943359375,-0.62353515625,Unknown
22:51:18.560882,-1.792724609375,-0.69580078125,-0.462890625,Unknown
22:51:18.593391,-1.650146484375,-0.530029296875,-0.278076171875,Unknown
22:51:18.594389,-1.61474609375,-0.34130859375,-0.14111328125,Unknown
22:51:18.601891,-1.593994140625,-0.18359375,-0.0419921875,Unknown
22:51:18.636891,-1.604248046875,-0.127197265625,-0.1884765625,Unknown
22:51:18.638389,-1.50634765625,-0.081298828125,-0.599609375,Unknown
22:51:18.673389,-1.412109375,0.033203125,-0.85009765625,Unknown
22:51:18.674390,-1.432373046875,0.21728515625,-0.850830078125,Unknown
22:51:18.680892,-1.423583984375,0.445556640625,-0.603759765625,Unknown
22:51:18.713391,-1.35791015625,0.545654296875,-0.292236328125,Unknown
22:51:18.714386,-1.40380859375,0.731201171875,-0.212890625,Unknown
22:51:18.749391,-1.579833984375,0.86474609375,-0.390869140625,Unknown
22:51:18.750891,-1.682861328125,0.874267578125,-0.690673828125,Unknown
22:51:18.764392,-1.70068359375,0.927978515625,-0.82470703125,Unknown
22:51:18.796892,-1.7197265625,0.977783203125,-0.730224609375,Unknown
22:51:18.798383,-1.685546875,0.91943359375,-0.682861328125,Unknown
22:51:18.806894,-1.828125,0.864501953125,-0.6962890625,Unknown
22:51:18.839393,-2,0.491455078125,-1.04052734375,Unknown
22:51:18.840891,-2.3095703125,0.199462890625,-1.3662109375,Unknown
22:51:18.873392,-2.48876953125,-0.118896484375,-1.338623046875,Unknown
22:51:18.874391,-2.572021484375,-0.664306640625,-1.236572265625,Unknown
22:51:18.906891,-2.4892578125,-1.27685546875,-0.911376953125,Unknown
22:51:18.908382,-2.59423828125,-1.7236328125,-0.632568359375,Unknown
22:51:18.940893,-2.919677734375,-2.18310546875,-0.141357421875,Unknown
22:51:18.941891,-2.806640625,-2.52978515625,0.717041015625,Unknown
22:51:18.949393,-1.75390625,-2.54541015625,1.54833984375,Unknown
22:51:18.981892,-0.2470703125,-2.405029296875,-1.024658203125,Unknown
22:51:18.983382,1.802978515625,-2.43310546875,-3.69482421875,Start
22:51:19.016891,7.999755859375,-0.3095703125,-0.882568359375,InProgress
22:51:19.018385,7.999755859375,0.968017578125,-2.531005859375,InProgress
22:51:19.050882,5.7451171875,6.939697265625,-0.667724609375,Finish
22:51:19.051879,-1.223388671875,4.261474609375,3.203125,Unknown
22:51:19.060890,-5.767578125,1.84765625,0.1796875,Unknown
22:51:19.093392,1.90478515625,-0.014892578125,-3.579345703125,Unknown
22:51:19.094389,7.999755859375,-0.665771484375,-2.296630859375,Unknown
22:51:19.126892,4.64501953125,0.219482421875,0.067626953125,Unknown
22:51:19.128392,2.0888671875,0.033447265625,0.307373046875,Unknown
22:51:19.161894,1.748291015625,0.50048828125,0.094482421875,Unknown
22:51:19.163382,1.020751953125,0.596435546875,-1.03955078125,Unknown
22:51:19.176892,-0.330078125,0.14208984375,-1.832275390625,Unknown
22:51:19.186893,-2.220947265625,-0.549560546875,-2.35595703125,Unknown
22:51:19.219391,-1.880126953125,-0.820068359375,-1.93994140625,Unknown
22:51:19.220382,-1.165283203125,-0.303955078125,-1.232421875,Unknown
22:51:19.253389,-1.2177734375,-0.128173828125,-0.636474609375,Unknown
22:51:19.254382,-1.2724609375,-0.17431640625,-0.347412109375,Unknown
22:51:19.289391,-1.552490234375,-0.3193359375,-0.31640625,Unknown
22:51:19.290391,-1.6826171875,-0.39306640625,-0.322998046875,Unknown
22:51:19.296894,-1.82763671875,-0.4345703125,-0.26953125,Unknown
22:51:19.330893,-1.81689453125,-0.3642578125,-0.3203125,Unknown
22:51:19.331884,-1.728515625,-0.265625,-0.443359375,Unknown
22:51:19.389394,-1.6640625,-0.157958984375,-0.534423828125,Unknown
22:51:19.390390,-1.636474609375,-0.126220703125,-0.43505859375,Unknown
22:51:19.391880,-1.620361328125,-0.00048828125,-0.236083984375,Unknown
22:51:19.393394,-1.595458984375,0.269287109375,-0.2138671875,Unknown
22:51:19.425391,-1.5380859375,0.316162109375,-0.59228515625,Unknown
22:51:19.426885,-1.4580078125,0.34326171875,-0.97314453125,Unknown
22:51:19.460383,-1.355712890625,0.45166015625,-1.012451171875,Unknown
22:51:19.461888,-1.325439453125,0.65771484375,-0.83544921875,Unknown
22:51:19.494746,-1.24560546875,0.68212890625,-0.55126953125,Unknown
22:51:19.495743,-1.368896484375,0.789794921875,-0.4921875,Unknown
22:51:19.503241,-1.51025390625,0.919921875,-0.710693359375,Unknown
22:51:19.535738,-1.6181640625,1.034423828125,-0.989013671875,Unknown
22:51:19.536740,-1.57666015625,1.040771484375,-1.06396484375,Unknown
22:51:19.569237,-1.571533203125,0.850341796875,-0.992431640625,Unknown
22:51:19.570736,-1.47900390625,0.610107421875,-0.866455078125,Unknown
22:51:19.584247,-1.349609375,0.626953125,-0.815673828125,Unknown
22:51:19.617008,-1.412109375,0.235107421875,-0.95166015625,Unknown
22:51:19.618000,-1.548095703125,-0.15380859375,-1.174560546875,Unknown
22:51:19.652003,-1.766357421875,-0.306396484375,-1.34765625,Unknown
22:51:19.654497,-2.06201171875,-0.49853515625,-1.401611328125,Unknown
22:51:19.660507,-2.313720703125,-0.806396484375,-1.3486328125,Unknown
22:51:19.693008,-2.414306640625,-1.430419921875,-0.90673828125,Unknown
22:51:19.694507,-2.369384765625,-2.51123046875,-0.225830078125,Unknown
22:51:19.727002,-2.0595703125,-3.244140625,0.528564453125,Unknown
22:51:19.728000,-1.446044921875,-2.8173828125,0.657958984375,Unknown
22:51:19.760496,-0.283447265625,-3.0849609375,0.58447265625,Unknown
22:51:19.761998,1.494384765625,-2.505126953125,-1.768798828125,Start
22:51:19.794507,4.7373046875,-1.23876953125,-2.60693359375,InProgress
22:51:19.795507,7.999755859375,2.6611328125,-0.071533203125,InProgress
22:51:19.803008,7.999755859375,3.658935546875,-4.193115234375,InProgress
22:51:19.837000,0.548583984375,4.439453125,3.24560546875,Finish
22:51:19.838007,-7.74658203125,5.1357421875,2.047607421875,Unknown
22:51:19.870499,1.441162109375,-0.404541015625,-3.49267578125,Unknown
22:51:19.872001,5.74951171875,-0.783935546875,-2.9853515625,Unknown
22:51:19.905508,7.023681640625,0.413818359375,-0.653564453125,Unknown
22:51:19.907008,2.406982421875,0.200927734375,0.07177734375,Unknown
22:51:19.913008,1.809326171875,0.079345703125,0.32763671875,Unknown
22:51:19.945508,1.05517578125,0.3203125,-0.006103515625,Unknown
22:51:19.946999,-0.0556640625,0.204345703125,-0.80126953125,Unknown
22:51:19.979509,-1.687255859375,-0.0947265625,-1.658447265625,Unknown
22:51:19.980505,-2.457763671875,-0.7197265625,-2.01318359375,Unknown
22:51:19.994508,-1.651123046875,-1.0673828125,-1.679931640625,Unknown
22:51:20.029510,-1.48876953125,-0.529296875,-1.16259765625,Unknown
22:51:20.030500,-1.63330078125,-0.15478515625,-0.69189453125,Unknown
22:51:20.062996,-1.8212890625,-0.072998046875,-0.5830078125,Unknown
22:51:20.064508,-1.79248046875,-0.023681640625,-0.6826171875,Unknown
22:51:20.072003,-1.653076171875,-0.125,-0.793701171875,Unknown
22:51:20.104497,-1.571044921875,-0.138427734375,-0.7275390625,Unknown
22:51:20.105508,-1.478759765625,0.041259765625,-0.5703125,Unknown
22:51:20.138009,-1.383544921875,0.23828125,-0.509765625,Unknown
22:51:20.139507,-1.284912109375,0.445556640625,-0.364990234375,Unknown
22:51:20.172008,-1.2646484375,0.546142578125,-0.4287109375,Unknown
22:51:20.173005,-1.18115234375,0.592041015625,-0.6416015625,Unknown
22:51:20.205508,-1.12109375,0.6826171875,-1.017578125,Unknown
22:51:20.207008,-1.10546875,0.822998046875,-0.980712890625,Unknown
22:51:20.214509,-1.091064453125,0.931640625,-0.857666015625,Unknown
22:51:20.247009,-1.120849609375,0.942138671875,-0.65380859375,Unknown
22:51:20.249510,-1.050048828125,0.937255859375,-0.595703125,Unknown
22:51:20.283011,-1.22265625,1.0009765625,-0.68798828125,Unknown
22:51:20.284507,-1.49609375,1.044189453125,-0.92041015625,Unknown
22:51:20.317010,-1.607177734375,1.123291015625,-1.24072265625,Unknown
22:51:20.318008,-1.581787109375,1.064208984375,-1.321533203125,Unknown
22:51:20.325508,-1.500732421875,0.89208984375,-1.133544921875,Unknown
22:51:20.358008,-1.40625,1.043701171875,-0.932373046875,Unknown
22:51:20.359508,-1.52685546875,0.72509765625,-0.994873046875,Unknown
22:51:20.392012,-1.73779296875,0.3203125,-1.242919921875,Unknown
22:51:20.393010,-1.96337890625,0.06591796875,-1.447021484375,Unknown
22:51:20.407003,-2.119873046875,-0.05859375,-1.525390625,Unknown
22:51:20.439510,-2.223876953125,-0.261962890625,-1.46142578125,Unknown
22:51:20.440506,-2.297607421875,-0.6201171875,-1.2939453125,Unknown
22:51:20.474510,-2.34130859375,-1.10205078125,-0.87646484375,Unknown
22:51:20.477010,-2.4521484375,-2.140380859375,-0.19775390625,Unknown
22:51:20.482009,-2.228759765625,-3.192138671875,0.77783203125,Unknown
22:51:20.514510,-1.37646484375,-2.885009765625,1.2109375,Unknown
22:51:20.515504,0.2802734375,-3.075439453125,-0.0322265625,Unknown
22:51:20.548008,1.473876953125,-2.608642578125,-3.469970703125,Start
22:51:20.549502,5.336181640625,0.043701171875,-2.1142578125,InProgress
22:51:20.582008,7.999755859375,2.43896484375,2.170654296875,InProgress
22:51:20.583003,7.999755859375,4.194580078125,-2.515625,InProgress
22:51:20.615998,1.4033203125,4.846435546875,2.579345703125,Finish
22:51:20.617008,-4.927001953125,5.319580078125,0.45849609375,Unknown
22:51:20.624509,0.95263671875,-1.3056640625,-3.610107421875,Unknown
22:51:20.669500,3.59375,-0.85791015625,-3.764892578125,Unknown
22:51:20.670501,7.640869140625,0.799560546875,-1.2744140625,Unknown
22:51:20.672001,2.80859375,0.9169921875,0.41552734375,Unknown
22:51:20.704508,2.566650390625,0.445068359375,0.651123046875,Unknown
22:51:20.705508,1.827880859375,0.144775390625,-0.078857421875,Unknown
22:51:20.737999,0.726318359375,-0.041748046875,-1.27783203125,Unknown
22:51:20.739508,-0.49755859375,-0.1796875,-2.006103515625,Unknown
22:51:20.772005,-1.595947265625,-0.438720703125,-2.25439453125,Unknown
22:51:20.772998,-1.64453125,-1.13623046875,-2.06201171875,Unknown
22:51:20.807009,-1.321533203125,-0.85546875,-1.561279296875,Unknown
22:51:20.808005,-1.435546875,-0.3037109375,-1.05322265625,Unknown
22:51:20.822009,-1.60888671875,-0.183837890625,-0.72802734375,Unknown
22:51:20.830508,-1.927734375,-0.283203125,-0.625,Unknown
22:51:20.863000,-1.974365234375,-0.427978515625,-0.650390625,Unknown
22:51:20.864497,-1.87841796875,-0.454833984375,-0.787841796875,Unknown
22:51:20.897008,-1.7109375,-0.197265625,-0.782470703125,Unknown
22:51:20.897996,-1.638916015625,-0.033935546875,-0.65283203125,Unknown
22:51:20.931007,-1.59814453125,-0.0380859375,-0.717529296875,Unknown
22:51:20.932001,-1.462890625,0.13037109375,-0.7373046875,Unknown
22:51:20.964511,-1.36767578125,0.222900390625,-0.76025390625,Unknown
22:51:20.965499,-1.190185546875,0.21435546875,-0.888427734375,Unknown
22:51:20.972008,-1.067138671875,0.343994140625,-0.921630859375,Unknown
22:51:21.004499,-0.984375,0.5400390625,-0.935302734375,Unknown
22:51:21.005501,-0.77197265625,0.704345703125,-0.761474609375,Unknown
22:51:21.039509,-0.667236328125,0.76708984375,-0.577392578125,Unknown
22:51:21.040499,-0.807373046875,0.92626953125,-0.324462890625,Unknown
22:51:21.073514,-1.088134765625,1.13427734375,-0.281982421875,Unknown
22:51:21.074509,-1.27490234375,1.11669921875,-0.5068359375,Unknown
22:51:21.083513,-1.199951171875,1.007080078125,-0.811279296875,Unknown
22:51:21.116008,-1.193115234375,0.939453125,-0.890625,Unknown
22:51:21.117003,-1.223876953125,1.185302734375,-0.73388671875,Unknown
22:51:21.149508,-1.2626953125,1.423095703125,-0.615966796875,Unknown
22:51:21.150508,-1.293212890625,1.4931640625,-0.819091796875,Unknown
22:51:21.183508,-1.36279296875,1.325927734375,-1.1259765625,Unknown
22:51:21.184508,-1.633544921875,1.137939453125,-1.437744140625,Unknown
22:51:21.217009,-1.88916015625,0.91943359375,-1.783935546875,Unknown
22:51:21.218005,-1.981201171875,0.63720703125,-2.146240234375,Unknown
22:51:21.232008,-2.106689453125,0.235595703125,-2.245849609375,Unknown
22:51:21.264508,-2.205078125,-0.200439453125,-1.769287109375,Unknown
22:51:21.265508,-2.25146484375,-1.218017578125,-0.96044921875,Unknown
22:51:21.273514,-2.22021484375,-2.82275390625,0.00341796875,Unknown
22:51:21.309508,-1.77880859375,-3.426025390625,0.908447265625,Unknown
22:51:21.310507,-0.8935546875,-3.104736328125,1.028076171875,Unknown
22:51:21.343506,0.117919921875,-2.937744140625,0.343017578125,Unknown
22:51:21.344508,1.639404296875,-2.2353515625,-2.0380859375,Start
22:51:21.352011,4.801025390625,-1.259033203125,-1.708984375,InProgress
22:51:21.384508,7.999755859375,2.60986328125,0.915771484375,InProgress
22:51:21.386003,7.999755859375,1.940673828125,-5.95703125,InProgress
22:51:21.421006,1.475830078125,4.16455078125,4.409423828125,Finish
22:51:21.422000,-5.576416015625,5.321044921875,3.2861328125,Unknown
22:51:21.454510,1.202392578125,1.049072265625,-3.67236328125,Unknown
22:51:21.455502,4.237060546875,-1.354736328125,-3.96826171875,Unknown
22:51:21.463001,7.999755859375,0.418701171875,-1.351806640625,Unknown
22:51:21.496008,2.147705078125,0.818115234375,0.039306640625,Unknown
22:51:21.497008,1.70947265625,0.477783203125,0.52197265625,Unknown
22:51:21.533008,1.084716796875,0.38427734375,0.016357421875,Unknown
22:51:21.534499,0.063720703125,0.344482421875,-1.04248046875,Unknown
22:51:21.542009,-1.503173828125,0.1318359375,-2.00732421875,Unknown
22:51:21.574508,-2.583740234375,-0.683837890625,-2.36181640625,Unknown
22:51:21.576008,-1.58203125,-0.9345703125,-1.851318359375,Unknown
22:51:21.609509,-1.453125,-0.16748046875,-1.24462890625,Unknown
22:51:21.611008,-1.66162109375,0.16259765625,-0.677490234375,Unknown
22:51:21.624509,-1.894287109375,0.315185546875,-0.36279296875,Unknown
22:51:21.659508,-2.111328125,0.39208984375,-0.4169921875,Unknown
22:51:21.660499,-1.999267578125,0.365966796875,-0.5673828125,Unknown
22:51:21.668009,-1.845458984375,0.323974609375,-0.760498046875,Unknown
22:51:21.701005,-1.578857421875,0.36376953125,-0.789306640625,Unknown
22:51:21.702007,-1.4169921875,0.513916015625,-0.727783203125,Unknown
22:51:21.736006,-1.3212890625,0.69970703125,-0.454833984375,Unknown
22:51:21.737003,-1.35693359375,0.728515625,-0.329833984375,Unknown
22:51:21.769508,-1.348388671875,0.721923828125,-0.422607421875,Unknown
22:51:21.770501,-1.267578125,0.781982421875,-0.66357421875,Unknown
22:51:21.778008,-1.18505859375,0.76318359375,-1.042236328125,Unknown
22:51:21.811008,-1.063232421875,0.9150390625,-1.1259765625,Unknown
22:51:21.812005,-0.903076171875,0.851318359375,-0.95361328125,Unknown
22:51:21.846005,-0.8359375,0.74853515625,-0.571044921875,Unknown
22:51:21.847006,-0.945068359375,0.818359375,-0.29931640625,Unknown
22:51:21.879510,-1.190185546875,0.932373046875,-0.29052734375,Unknown
22:51:21.880508,-1.320556640625,0.967041015625,-0.51220703125,Unknown
22:51:21.889499,-1.286376953125,0.755859375,-0.786865234375,Unknown
22:51:21.922003,-1.23486328125,0.646728515625,-0.73193359375,Unknown
22:51:21.923005,-1.154052734375,0.88330078125,-0.491943359375,Unknown
22:51:21.950508,-1.061767578125,0.920166015625,-0.38232421875,Unknown
22:51:21.952008,-1.05419921875,0.85107421875,-0.408935546875,Unknown
22:51:21.984509,-1.093994140625,0.7763671875,-0.596435546875,Unknown
22:51:21.985499,-1.242919921875,0.69970703125,-0.755859375,Unknown
22:51:22.018392,-1.443603515625,0.61767578125,-0.87841796875,Unknown
22:51:22.019390,-1.51123046875,0.41943359375,-0.89892578125,Unknown
22:51:22.051896,-1.6865234375,0.206787109375,-0.970703125,Unknown
22:51:22.052884,-2.028564453125,-0.187744140625,-1.355712890625,Unknown
22:51:22.085893,-2.2958984375,-0.389404296875,-1.832275390625,Unknown
22:51:22.086893,-2.281494140625,-0.93017578125,-1.858154296875,Unknown
22:51:22.094394,-2.345947265625,-1.545654296875,-1.285888671875,Unknown
22:51:22.126893,-2.59619140625,-2.620361328125,-0.488525390625,Unknown
22:51:22.128384,-2.19091796875,-3.25390625,0.46435546875,Unknown
22:51:22.161894,-0.74560546875,-3.36474609375,0.179443359375,Unknown
22:51:22.162881,0.722412109375,-2.822998046875,-2.822265625,Start
22:51:22.195893,2.236572265625,-0.611083984375,-1.967529296875,InProgress
22:51:22.196890,5.840576171875,-0.55126953125,1.3662109375,InProgress
22:51:22.205883,7.999755859375,0.980712890625,1.014892578125,InProgress
22:51:22.238392,7.999755859375,4.6337890625,-5.986328125,InProgress
22:51:22.239381,-0.6240234375,4.066162109375,4.114990234375,Unknown
22:51:22.271890,-4.045166015625,4.4765625,1.54052734375,Unknown
22:51:22.272881,0.76513671875,-0.1923828125,-3.190185546875,InProgress
22:51:22.305388,5.26416015625,-0.258544921875,-3.40869140625,InProgress
22:51:22.306884,7.330322265625,0.626708984375,-0.277099609375,InProgress
22:51:22.339388,2.113525390625,0.564697265625,0.397705078125,Finish
22:51:22.340389,2.017578125,0.186279296875,0.534423828125,Unknown
22:51:22.348393,1.258056640625,0.1376953125,0.164794921875,Unknown
22:51:22.380893,0.269287109375,0.143310546875,-0.689208984375,Unknown
22:51:22.381893,-1.06689453125,0,-1.5859375,Unknown
22:51:22.415893,-2.271240234375,-0.464111328125,-2.09130859375,Unknown
22:51:22.416893,-1.72216796875,-1.040771484375,-1.802490234375,Unknown
22:51:22.449393,-1.457275390625,-0.535400390625,-1.25439453125,Unknown
22:51:22.450385,-1.76318359375,-0.0322265625,-0.720703125,Unknown
22:51:22.458393,-1.974365234375,0.16064453125,-0.43701171875,Unknown
22:51:22.490899,-2.001220703125,0.323486328125,-0.487548828125,Unknown
22:51:22.491893,-2.045654296875,0.234130859375,-0.779541015625,Unknown
22:51:22.526893,-1.817626953125,0.27392578125,-0.861572265625,Unknown
22:51:22.528384,-1.6494140625,0.561767578125,-0.91259765625,Unknown
22:51:22.560884,-1.602294921875,0.66845703125,-0.8994140625,Unknown
22:51:22.562384,-1.49169921875,0.787109375,-0.78759765625,Unknown
22:51:22.589382,-1.309326171875,1.017822265625,-0.66796875,Unknown
22:51:22.590385,-1.193359375,0.937744140625,-0.680908203125,Unknown
22:51:22.623391,-1.044189453125,0.922607421875,-0.93115234375,Unknown
22:51:22.624383,-0.935302734375,0.877197265625,-1.06787109375,Unknown
22:51:22.631893,-0.778076171875,0.69482421875,-1.012451171875,Unknown
22:51:22.665884,-0.656005859375,0.63720703125,-0.845458984375,Unknown
22:51:22.666886,-0.701904296875,0.702392578125,-0.62646484375,Unknown
22:51:22.699393,-0.899169921875,0.802978515625,-0.653076171875,Unknown
22:51:22.700384,-1.005859375,0.809814453125,-0.780029296875,Unknown
22:51:22.733393,-0.949951171875,0.646484375,-0.8076171875,Unknown
22:51:22.734393,-0.870361328125,0.551513671875,-0.677978515625,Unknown
22:51:22.766893,-0.779296875,0.701416015625,-0.41162109375,Unknown
22:51:22.768384,-0.668701171875,0.84765625,-0.33642578125,Unknown
22:51:22.774393,-0.63330078125,0.816162109375,-0.347412109375,Unknown
22:51:22.806895,-0.605224609375,0.7666015625,-0.424072265625,Unknown
22:51:22.808384,-0.60400390625,0.7353515625,-0.55517578125,Unknown
22:51:22.841894,-0.652587890625,0.85888671875,-0.634521484375,Unknown
22:51:22.843384,-0.748291015625,1.09521484375,-0.79345703125,Unknown
22:51:22.875893,-1.055419921875,1.122314453125,-1.30908203125,Unknown
22:51:22.876891,-1.59716796875,1.103515625,-2.013916015625,Unknown
22:51:22.885893,-2.03125,0.72705078125,-2.53857421875,Unknown
22:51:22.918393,-2.31494140625,0.526611328125,-2.837158203125,Unknown
22:51:22.919386,-2.469482421875,0.2529296875,-2.89892578125,Unknown
22:51:22.951893,-2.60498046875,-0.255859375,-2.418701171875,Unknown
22:51:22.953393,-2.734375,-1.4521484375,-1.47021484375,Unknown
22:51:22.986893,-2.82568359375,-2.390380859375,-0.473876953125,Unknown
22:51:22.988390,-2.519287109375,-2.6875,0.12109375,Unknown
22:51:22.995893,-0.88671875,-3.481201171875,0.955810546875,Unknown
22:51:23.029393,0.567626953125,-2.805419921875,-0.326416015625,Start
22:51:23.030380,1.29638671875,-2.215576171875,-2.11376953125,InProgress
22:51:23.063395,5.4521484375,-1.22900390625,1.15478515625,InProgress
22:51:23.064391,7.999755859375,3.619873046875,0.1591796875,InProgress
22:51:23.098395,7.999755859375,2.019775390625,-3.831787109375,InProgress
22:51:23.099393,1.7587890625,5.454345703125,4.144287109375,Finish
22:51:23.106893,-5.079345703125,3.217041015625,0.5712890625,Unknown
22:51:23.139393,0.757568359375,-0.951904296875,-3.498291015625,Unknown
22:51:23.140887,3.855224609375,-0.0419921875,-2.76806640625,Unknown
22:51:23.174397,7.738037109375,0.7529296875,-0.12841796875,Unknown
22:51:23.175885,2.140625,0.15673828125,0.503662109375,Unknown
22:51:23.229395,1.81298828125,0.028076171875,0.47509765625,Unknown
22:51:23.230887,1.359130859375,0.217041015625,0.30810546875,Unknown
22:51:23.231893,0.5166015625,0.168701171875,-0.515625,Unknown
22:51:23.233385,-0.501220703125,0.06689453125,-1.16064453125,Unknown
22:51:23.265885,-1.744384765625,-0.021484375,-1.58056640625,Unknown
22:51:23.266885,-1.860107421875,-0.181396484375,-1.484130859375,Unknown
22:51:23.299393,-1.42529296875,0.15283203125,-0.97412109375,Unknown
22:51:23.300893,-1.64404296875,0.61181640625,-0.47802734375,Unknown
22:51:23.333395,-1.856689453125,0.684326171875,-0.21630859375,Unknown
22:51:23.334387,-1.90283203125,0.59716796875,-0.34033203125,Unknown
22:51:23.366884,-1.768310546875,0.508544921875,-0.639892578125,Unknown
22:51:23.368393,-1.5322265625,0.5078125,-0.76806640625,Unknown
22:51:23.375893,-1.471923828125,0.447265625,-0.806396484375,Unknown
22:51:23.409384,-1.318359375,0.731689453125,-0.61328125,Unknown
22:51:23.410889,-1.2626953125,0.842041015625,-0.582275390625,Unknown
22:51:23.444395,-1.212646484375,0.748046875,-0.999267578125,Unknown
22:51:23.445889,-1.068359375,0.797119140625,-1.29931640625,Unknown
22:51:23.454393,-0.917724609375,0.946533203125,-1.302734375,Unknown
22:51:23.486894,-0.82568359375,1.078369140625,-1.032470703125,Unknown
22:51:23.488381,-0.761474609375,1.149658203125,-0.729736328125,Unknown
22:51:23.523395,-0.84716796875,1.16796875,-0.572998046875,Unknown
22:51:23.524393,-1.115966796875,1.3447265625,-0.730224609375,Unknown
22:51:23.556896,-1.460693359375,1.364501953125,-1.104248046875,Unknown
22:51:23.558384,-1.63330078125,1.233154296875,-1.24853515625,Unknown
22:51:23.565888,-1.92333984375,1.397216796875,-1.105712890625,Unknown
22:51:23.598384,-2.053466796875,1.50390625,-0.979736328125,Unknown
22:51:23.599387,-2.021240234375,1.414306640625,-1.112060546875,Unknown
22:51:23.631893,-1.8740234375,1.123779296875,-1.195068359375,Unknown
22:51:23.633384,-1.71923828125,0.885986328125,-1.103271484375,Unknown
22:51:23.665896,-1.52099609375,0.671630859375,-0.983154296875,Unknown
22:51:23.666890,-1.420166015625,0.06298828125,-1.017822265625,Unknown
22:51:23.699394,-1.404296875,-0.240478515625,-1.103515625,Unknown
22:51:23.700893,-1.619873046875,-0.666259765625,-1.5498046875,Unknown
22:51:23.708395,-2.14013671875,-1.450439453125,-1.783447265625,Unknown
22:51:23.740894,-3.03173828125,-2.935546875,-1.16650390625,Unknown
22:51:23.741890,-2.807861328125,-2.666015625,-0.090087890625,Unknown
22:51:23.775895,-1.538330078125,-2.660888671875,0.857421875,Unknown
22:51:23.776884,-0.443359375,-2.64599609375,0.727294921875,Unknown
22:51:23.809393,1.14453125,-1.85400390625,-0.303466796875,Start
22:51:23.810886,3.6220703125,-1.052734375,-2.10498046875,InProgress
22:51:23.818395,7.999755859375,-0.140869140625,1.318359375,InProgress
22:51:23.869384,7.999755859375,0.857666015625,-6.010986328125,InProgress
22:51:23.870893,3.91796875,6.45654296875,0.68359375,Finish
22:51:23.871893,-7.984375,4.006103515625,2.236572265625,Unknown
22:51:23.880895,0.035400390625,2.30078125,-0.1826171875,Unknown
22:51:23.913395,4.095703125,2.178466796875,-2.772216796875,Unknown
22:51:23.914393,7.999755859375,-1.12060546875,-1.5302734375,Unknown
22:51:23.947388,2.40673828125,-0.015625,-1.494873046875,Unknown
22:51:23.948384,1.881591796875,0.14697265625,-0.364501953125,Unknown
22:51:23.981893,0.888427734375,-0.1162109375,-0.03369140625,Unknown
22:51:23.983403,0.03369140625,-0.133544921875,-0.145263671875,Unknown
22:51:24.015895,-1.423095703125,-0.0771484375,-0.65673828125,Unknown
22:51:24.016893,-2.20166015625,-0.302978515625,-1.234130859375,Unknown
22:51:24.023391,-1.689453125,-0.62353515625,-1.403564453125,Unknown
22:51:24.055893,-1.6005859375,-0.408935546875,-1.155517578125,Unknown
22:51:24.056881,-1.742431640625,-0.163330078125,-0.77783203125,Unknown
22:51:24.090893,-1.821533203125,0.225830078125,-0.561767578125,Unknown
22:51:24.091888,-1.982666015625,0.3681640625,-0.6962890625,Unknown
22:51:24.124593,-1.85009765625,0.351806640625,-0.810546875,Unknown
22:51:24.125589,-1.703369140625,0.48095703125,-0.77294921875,Unknown
22:51:24.134593,-1.66455078125,0.508544921875,-0.754638671875,Unknown
22:51:24.167085,-1.4189453125,0.85400390625,-0.67236328125,Unknown
22:51:24.168085,-1.343017578125,1.08251953125,-0.60693359375,Unknown
22:51:24.201093,-1.256103515625,1.084228515625,-0.676513671875,Unknown
22:51:24.202090,-1.143798828125,1.083251953125,-0.76416015625,Unknown
22:51:24.236093,-1.010986328125,1.036865234375,-0.859619140625,Unknown
22:51:24.237083,-1.001953125,0.9638671875,-1.097900390625,Unknown
22:51:24.244593,-0.935302734375,1.087158203125,-0.878662109375,Unknown
22:51:24.278094,-0.85498046875,1.2109375,-0.715576171875,Unknown
22:51:24.279591,-1.00244140625,1.199462890625,-0.62939453125,Unknown
22:51:24.312093,-1.32080078125,1.294189453125,-0.73681640625,Unknown
22:51:24.313087,-1.52392578125,1.34814453125,-1.027099609375,Unknown
22:51:24.347093,-1.583984375,1.2177734375,-1.285400390625,Unknown
22:51:24.348093,-1.614501953125,1.078125,-1.336669921875,Unknown
22:51:24.355593,-1.539306640625,1.200439453125,-1.14306640625,Unknown
22:51:24.388093,-1.468505859375,1.0947265625,-0.90625,Unknown
22:51:24.389582,-1.26318359375,0.879638671875,-0.791015625,Unknown
22:51:24.422082,-1.250244140625,0.411865234375,-0.95751953125,Unknown
22:51:24.423086,-1.402587890625,-0.04833984375,-1.13818359375,Unknown
22:51:24.456083,-1.751708984375,-0.4287109375,-1.449462890625,Unknown
22:51:24.457083,-2.150634765625,-0.81787109375,-1.786376953125,Unknown
22:51:24.466086,-2.801513671875,-0.972412109375,-1.73779296875,Unknown
22:51:24.509593,-3.35986328125,-1.481689453125,-0.875,Unknown
22:51:24.512082,-3.39404296875,-2.57275390625,0.571533203125,Unknown
22:51:24.513593,-2.6396484375,-2.500244140625,1.621826171875,Unknown
22:51:24.545593,-1.337646484375,-2.900390625,1.776611328125,Unknown
22:51:24.546584,0.663330078125,-2.707275390625,0.170166015625,Start
22:51:24.580593,2.448974609375,-2.26904296875,-4.1025390625,InProgress
22:51:24.582091,7.999755859375,-0.767578125,1.66748046875,InProgress
22:51:24.614590,7.999755859375,1.064208984375,-5.32177734375,InProgress
22:51:24.615591,4.154541015625,5.28076171875,0.21484375,Finish
22:51:24.624587,-4.3505859375,4.57763671875,4.747314453125,Unknown
22:51:24.657091,-0.29248046875,3.05322265625,0.4296875,Unknown
22:51:24.658084,5.7041015625,-0.68115234375,-4.56103515625,Unknown
22:51:24.691088,7.839599609375,-1.334228515625,-2.23486328125,Unknown
22:51:24.691585,1.65869140625,0.5107421875,-0.432373046875,Unknown
22:51:24.724591,1.417236328125,0.88232421875,0.70361328125,Unknown
22:51:24.725585,0.818603515625,1.07958984375,0.56689453125,Unknown
22:51:24.758080,-0.1669921875,1.090087890625,-0.799560546875,Unknown
22:51:24.759586,-1.3662109375,0.84619140625,-2.18115234375,Unknown
22:51:24.765585,-2.486572265625,0.0615234375,-2.5048828125,Unknown
22:51:24.798093,-1.845703125,-0.432861328125,-2.054931640625,Unknown
22:51:24.799593,-1.49072265625,0.232666015625,-1.40283203125,Unknown
22:51:24.833093,-1.8056640625,0.80712890625,-1.020263671875,Unknown
22:51:24.834593,-1.902099609375,1.04150390625,-0.928466796875,Unknown
22:51:24.867093,-1.86181640625,0.961181640625,-0.942138671875,Unknown
22:51:24.868093,-1.786376953125,0.63671875,-1.03515625,Unknown
22:51:24.877093,-1.647705078125,0.6796875,-0.869873046875,Unknown
22:51:24.909595,-1.5517578125,0.855712890625,-0.759033203125,Unknown
22:51:24.910593,-1.45068359375,0.83642578125,-0.770263671875,Unknown
22:51:24.943093,-1.27001953125,0.7314453125,-0.923583984375,Unknown
22:51:24.944590,-1.213134765625,0.6201171875,-1.010986328125,Unknown
22:51:24.977091,-1.07421875,0.6943359375,-1.135009765625,Unknown
22:51:24.978093,-0.89111328125,0.90478515625,-1.225830078125,Unknown
22:51:25.010593,-0.675537109375,1.147705078125,-1.163330078125,Unknown
22:51:25.012090,-0.460693359375,1.177734375,-1.010009765625,Unknown
22:51:25.019593,-0.31396484375,1.160400390625,-0.770263671875,Unknown
22:51:25.052090,-0.331787109375,1.10791015625,-0.58984375,Unknown
22:51:25.053091,-0.63720703125,1.308349609375,-0.64794921875,Unknown
22:51:25.087098,-1.042236328125,1.49609375,-0.914306640625,Unknown
22:51:25.088093,-1.362060546875,1.318359375,-1.28564453125,Unknown
22:51:25.121087,-1.584716796875,1.099365234375,-1.45849609375,Unknown
22:51:25.122093,-1.6328125,1.0078125,-1.256591796875,Unknown
22:51:25.149595,-1.53955078125,0.96533203125,-1.061767578125,Unknown
22:51:25.150590,-1.499755859375,0.713623046875,-0.968505859375,Unknown
22:51:25.183093,-1.5205078125,0.394775390625,-0.927734375,Unknown
22:51:25.184595,-1.570068359375,-0.037841796875,-0.989990234375,Unknown
22:51:25.193093,-1.69677734375,-0.26123046875,-1.058349609375,Unknown
22:51:25.225582,-2.026123046875,-0.65771484375,-1.373779296875,Unknown
22:51:25.227091,-2.447509765625,-0.99658203125,-1.3955078125,Unknown
22:51:25.259595,-3.115234375,-2.038330078125,-0.68505859375,Unknown
22:51:25.260591,-3.2490234375,-2.8125,0.4873046875,Unknown
22:51:25.293094,-2.224365234375,-2.09814453125,0.87451171875,Unknown
22:51:25.294593,-1.35595703125,-2.447509765625,0.83154296875,Unknown
22:51:25.327095,0.057861328125,-2.30712890625,0.13916015625,Unknown
22:51:25.328088,1.899658203125,-1.78271484375,-1.889404296875,Start
22:51:25.335593,7.245849609375,0.5234375,-2.444580078125,InProgress
22:51:25.368085,7.999755859375,0.475341796875,-2.606689453125,InProgress
22:51:25.369586,7.999755859375,4.45166015625,-2.411865234375,InProgress
22:51:25.403094,-0.443359375,4.601806640625,4.060302734375,Unknown
22:51:25.404586,-3.68603515625,4.017333984375,4.181884765625,Unknown
22:51:25.437095,2.77294921875,2.6982421875,-2.030029296875,InProgress
22:51:25.438093,7.999755859375,-2.195556640625,-3.678955078125,InProgress
22:51:25.445594,2.78662109375,-1.244384765625,-2.8759765625,Finish
22:51:25.478093,1.78173828125,0.484375,-0.27294921875,Unknown
22:51:25.479593,1.102294921875,0.44384765625,0.361328125,Unknown
22:51:25.514595,0.19775390625,0.876708984375,-0.017822265625,Unknown
22:51:25.515593,-1.482421875,1.303466796875,-1.518798828125,Unknown
22:51:25.548093,-2.426513671875,1.034423828125,-2.769775390625,Unknown
22:51:25.549593,-2.4189453125,0.105224609375,-2.669189453125,Unknown
22:51:25.557093,-1.804443359375,-0.120849609375,-1.841064453125,Unknown
22:51:25.589595,-1.817626953125,0.53759765625,-0.9404296875,Unknown
22:51:25.590588,-2.03173828125,0.84765625,-0.353759765625,Unknown
22:51:25.623094,-2.03857421875,1.065673828125,-0.35986328125,Unknown
22:51:25.624583,-1.88525390625,0.832763671875,-0.91162109375,Unknown
22:51:25.657087,-1.6572265625,0.48486328125,-1.154052734375,Unknown
22:51:25.658087,-1.4716796875,0.50830078125,-1.0576171875,Unknown
22:51:25.690593,-1.329345703125,0.54541015625,-0.888671875,Unknown
22:51:25.692082,-1.139404296875,0.679443359375,-0.713623046875,Unknown
22:51:25.699595,-1.013916015625,0.70166015625,-0.665283203125,Unknown
22:51:25.732095,-0.915771484375,0.65771484375,-0.749267578125,Unknown
22:51:25.733087,-0.7998046875,0.614990234375,-1.00244140625,Unknown
22:51:25.789593,-0.62451171875,0.611083984375,-0.971923828125,Unknown
22:51:25.790593,-0.460205078125,0.648193359375,-0.81494140625,Unknown
22:51:25.792083,-0.39453125,0.772705078125,-0.67919921875,Unknown
22:51:25.793093,-0.378662109375,0.85791015625,-0.55810546875,Unknown
22:51:25.827095,-0.603759765625,0.834228515625,-0.57666015625,Unknown
22:51:25.828090,-0.873779296875,1.034423828125,-0.718994140625,Unknown
22:51:25.861090,-1.07666015625,1.211181640625,-0.88330078125,Unknown
22:51:25.862087,-1.302001953125,1.255615234375,-1.041259765625,Unknown
22:51:25.895595,-1.41845703125,1.485595703125,-1.111083984375,Unknown
22:51:25.897093,-1.5029296875,1.5556640625,-1.119384765625,Unknown
22:51:25.904598,-1.553955078125,1.67626953125,-1.095458984375,Unknown
22:51:25.937095,-1.54931640625,1.35009765625,-1.142333984375,Unknown
22:51:25.938093,-1.528564453125,0.89892578125,-1.415771484375,Unknown
22:51:25.973599,-1.5517578125,0.410888671875,-1.542236328125,Unknown
22:51:25.987095,-1.520263671875,0.018310546875,-1.457763671875,Unknown
22:51:25.988089,-1.657470703125,-0.384521484375,-1.365478515625,Unknown
22:51:26.022097,-2.045654296875,-1.032958984375,-1.36572265625,Unknown
22:51:26.023090,-2.608642578125,-1.81103515625,-1.166015625,Unknown
22:51:26.030595,-3.2509765625,-2.998291015625,-0.57568359375,Unknown
22:51:26.063591,-2.51904296875,-2.30224609375,0.184814453125,Unknown
22:51:26.064585,-1.500244140625,-1.847412109375,0.529541015625,Unknown
22:51:26.098591,-0.37939453125,-2.168701171875,0.542724609375,Unknown
22:51:26.099588,1.60498046875,-1.7177734375,-0.199951171875,Start
22:51:26.132093,4.2802734375,-0.204345703125,-2.972900390625,InProgress
22:51:26.133083,7.999755859375,0.650634765625,-1.326416015625,InProgress
22:51:26.166089,7.999755859375,2.06982421875,-3.406005859375,InProgress
22:51:26.167087,0.840087890625,5.42138671875,4.244873046875,Finish
22:51:26.173585,-5.580810546875,4.753662109375,6.19921875,Unknown
22:51:26.207093,1.519775390625,3.776611328125,-1.073486328125,Unknown
22:51:26.208086,7.999755859375,-2.943359375,-5.881591796875,Unknown
22:51:26.240595,5.685302734375,-2.0205078125,-2.809326171875,Unknown
22:51:26.242091,1.881591796875,1.197265625,0.069580078125,Unknown
22:51:26.276090,1.283935546875,1.229248046875,0.810791015625,Unknown
22:51:26.277093,0.272705078125,1.587890625,0.102294921875,Unknown
22:51:26.284593,-0.88623046875,1.831298828125,-2.02490234375,Unknown
22:51:26.317093,-2.200439453125,1.079345703125,-3.461181640625,Unknown
22:51:26.318083,-2.39453125,-0.377197265625,-3.13427734375,Unknown
22:51:26.350593,-1.5859375,-0.01416015625,-1.940673828125,Unknown
22:51:26.352084,-1.76904296875,0.718994140625,-0.984619140625,Unknown
22:51:26.384595,-1.85400390625,0.788330078125,-0.555419921875,Unknown
22:51:26.385593,-1.9248046875,0.641357421875,-0.76123046875,Unknown
22:51:26.399595,-1.797607421875,0.2236328125,-0.97314453125,Unknown
22:51:26.429594,-1.609375,0.12744140625,-0.8759765625,Unknown
22:51:26.430584,-1.56689453125,0.23046875,-0.7333984375,Unknown
22:51:26.464593,-1.455322265625,0.381103515625,-0.7265625,Unknown
22:51:26.465584,-1.24267578125,0.60400390625,-0.740478515625,Unknown
22:51:26.473592,-1.264404296875,0.625732421875,-0.8271484375,Unknown
22:51:26.508591,-1.199462890625,0.636474609375,-1.094482421875,Unknown
22:51:26.509584,-1.010498046875,0.914306640625,-1.11669921875,Unknown
22:51:26.542090,-0.86181640625,1.10107421875,-1.111328125,Unknown
22:51:26.543085,-0.63818359375,1.024169921875,-1.037841796875,Unknown
22:51:26.577093,-0.482421875,0.978271484375,-0.84033203125,Unknown
22:51:26.578085,-0.412841796875,0.887939453125,-0.565185546875,Unknown
22:51:26.584593,-0.47998046875,0.913330078125,-0.34619140625,Unknown
22:51:26.617094,-0.599853515625,1.008056640625,-0.34228515625,Unknown
22:51:26.618084,-0.67919921875,0.930908203125,-0.60546875,Unknown
22:51:26.652093,-0.74853515625,0.678466796875,-0.849609375,Unknown
22:51:26.653086,-0.84814453125,0.441162109375,-0.998779296875,Unknown
22:51:26.685593,-0.986572265625,0.41796875,-1.28564453125,Unknown
22:51:26.687082,-1.077880859375,0.4658203125,-1.470703125,Unknown
22:51:26.719591,-1.110107421875,0.587158203125,-1.31005859375,Unknown
22:51:26.720588,-1.3154296875,0.57421875,-1.026611328125,Unknown
22:51:26.727083,-1.60791015625,0.804931640625,-0.903564453125,Unknown
22:51:26.762093,-2.02490234375,1.1123046875,-1.054931640625,Unknown
22:51:26.763090,-2.4873046875,1.175048828125,-1.490966796875,Unknown
22:51:26.795593,-2.78076171875,0.85009765625,-1.937744140625,Unknown
22:51:26.797082,-2.88916015625,0.543212890625,-2.1484375,Unknown
22:51:26.810593,-2.976806640625,0.408935546875,-1.97509765625,Unknown
22:51:26.843093,-3.042724609375,-0.27197265625,-1.156494140625,Unknown
22:51:26.844584,-2.802001953125,-1.92431640625,0.1259765625,Unknown
22:51:26.878093,-2.359130859375,-1.8037109375,0.765625,Unknown
22:51:26.879585,-1.76953125,-2.638427734375,0.603759765625,Unknown
22:51:26.885595,0.124267578125,-3.251220703125,0.237548828125,Unknown
22:51:26.918093,2.561767578125,-2.33447265625,-2.380126953125,Start
22:51:26.919584,7.01123046875,1.531005859375,-3.023681640625,InProgress
22:51:26.953097,7.999755859375,1.494873046875,-1.988525390625,InProgress
22:51:26.954593,7.37060546875,3.220947265625,-0.81201171875,Finish
22:51:26.987093,-0.322998046875,4.229248046875,3.065185546875,Unknown
22:51:26.988093,-4.144775390625,1.980712890625,2.933349609375,Unknown
22:51:26.995594,2.67236328125,0.4814453125,-3.196533203125,Unknown
22:51:27.028093,7.999755859375,-3.46044921875,-3.650634765625,Unknown
22:51:27.029593,3.42578125,0.788330078125,-0.14892578125,Unknown
22:51:27.069594,1.785888671875,0.90283203125,0.837646484375,Unknown
22:51:27.070591,1.180908203125,-0.096923828125,0.5400390625,Unknown
22:51:27.074593,0.133056640625,0.189453125,-0.011962890625,Unknown
22:51:27.107093,-0.959228515625,0.57861328125,-0.9794921875,Unknown
22:51:27.108088,-1.611083984375,0.506103515625,-1.84228515625,Unknown
22:51:27.142093,-1.3935546875,0.04345703125,-1.850830078125,Unknown
22:51:27.143084,-1.177734375,0.219482421875,-1.32763671875,Unknown
22:51:27.175593,-1.251708984375,0.565185546875,-0.809814453125,Unknown
22:51:27.177091,-1.43896484375,0.96484375,-0.6396484375,Unknown
22:51:27.184590,-1.505859375,1.147705078125,-0.8896484375,Unknown
22:51:27.217091,-1.586669921875,1.02783203125,-1.11376953125,Unknown
22:51:27.218091,-1.548095703125,0.92578125,-1.111328125,Unknown
22:51:27.233093,-1.477783203125,0.959228515625,-0.951904296875,Unknown
22:51:27.267093,-1.44287109375,1.13623046875,-0.91552734375,Unknown
22:51:27.268092,-1.380126953125,1.199462890625,-1.061279296875,Unknown
22:51:27.300593,-1.358642578125,1.221435546875,-1.1201171875,Unknown
22:51:27.302093,-1.27099609375,1.216796875,-1.12060546875,Unknown
22:51:27.335594,-1.162109375,1.090087890625,-1.197021484375,Unknown
22:51:27.337084,-0.9892578125,1.085205078125,-1.2666015625,Unknown
22:51:27.343083,-0.85595703125,1.042724609375,-1.257080078125,Unknown
22:51:27.375593,-0.85791015625,1.094482421875,-1.098388671875,Unknown
22:51:27.377088,-0.849609375,1.021484375,-0.984130859375,Unknown
22:51:27.409594,-0.919921875,0.956298828125,-1,Unknown
22:51:27.410590,-0.9765625,0.97705078125,-1.060791015625,Unknown
22:51:27.443088,-1.009033203125,1.008056640625,-1.206298828125,Unknown
22:51:27.444588,-1.03271484375,1.04345703125,-1.333984375,Unknown
22:51:27.477093,-0.986083984375,1.2431640625,-1.20166015625,Unknown
22:51:27.478093,-1.00048828125,1.00830078125,-1.16650390625,Unknown
22:51:27.485595,-1.05029296875,0.6865234375,-1.27392578125,Unknown
22:51:27.518095,-1.203369140625,0.317626953125,-1.3505859375,Unknown
22:51:27.519593,-1.380126953125,0.241943359375,-1.371337890625,Unknown
22:51:27.552095,-1.695556640625,0.037109375,-1.490478515625,Unknown
22:51:27.553093,-1.9853515625,-0.16796875,-1.82177734375,Unknown
22:51:27.585613,-2.26220703125,-0.59814453125,-2.381103515625,Unknown
22:51:27.587113,-2.50244140625,-0.799072265625,-2.364990234375,Unknown
22:51:27.619615,-2.576416015625,-1.190673828125,-1.182373046875,Unknown
22:51:27.620604,-2.6123046875,-2.556884765625,0.478271484375,Unknown
22:51:27.635615,-1.9560546875,-2.56494140625,2.169677734375,Unknown
22:51:27.643108,-0.68505859375,-2.71875,1.903076171875,Unknown
22:51:27.675982,0.568603515625,-2.07421875,-1.94873046875,Start
22:51:27.677160,3.7705078125,-0.7890625,-2.8486328125,InProgress
22:51:27.709666,7.999755859375,0.552978515625,1.2802734375,InProgress
22:51:27.710661,7.999755859375,1.198486328125,-4.052734375,InProgress
22:51:27.743164,4.02392578125,5.078857421875,-1.535400390625,Finish
22:51:27.744659,-2.951171875,2.948974609375,3.646484375,Unknown
22:51:27.777168,-1.4150390625,2.486572265625,1.76806640625,Unknown
22:51:27.778159,4.2490234375,0.29638671875,-3.29931640625,Unknown
22:51:27.785668,7.999755859375,-2.404541015625,-2.42138671875,Unknown
22:51:27.819668,2.0107421875,0.08837890625,-1.3203125,Unknown
22:51:27.820658,1.40625,0.656494140625,0.136474609375,Unknown
22:51:27.853170,0.6806640625,0.6650390625,0.601318359375,Unknown
22:51:27.854656,-0.17138671875,0.84423828125,0.070068359375,Unknown
22:51:27.888169,-1.347900390625,0.829833984375,-1.13134765625,Unknown
22:51:27.889657,-1.995849609375,0.402099609375,-1.98193359375,Unknown
22:51:27.897168,-1.750244140625,-0.195556640625,-1.802978515625,Unknown
22:51:27.929670,-1.479248046875,-0.035400390625,-1.246337890625,Unknown
22:51:27.930660,-1.703369140625,0.552734375,-0.836669921875,Unknown
22:51:27.963170,-1.9521484375,0.65771484375,-0.574951171875,Unknown
22:51:27.964659,-1.944091796875,0.76318359375,-0.629150390625,Unknown
22:51:27.997168,-1.933349609375,0.748291015625,-0.894775390625,Unknown
22:51:27.998160,-1.862548828125,0.5732421875,-1.136474609375,Unknown
22:51:28.030668,-1.55078125,0.733154296875,-1.122314453125,Unknown
22:51:28.032157,-1.435302734375,0.859130859375,-1.07177734375,Unknown
22:51:28.047168,-1.349609375,0.94482421875,-0.9697265625,Unknown
22:51:28.054670,-1.2451171875,1.043212890625,-0.89404296875,Unknown
22:51:28.087169,-1.13330078125,0.99755859375,-0.908935546875,Unknown
22:51:28.088160,-0.9580078125,0.840576171875,-1.065673828125,Unknown
22:51:28.120668,-0.837158203125,0.724609375,-1.277587890625,Unknown
22:51:28.122157,-0.656982421875,0.661865234375,-1.221435546875,Unknown
22:51:28.154670,-0.50341796875,0.6845703125,-1.00537109375,Unknown
22:51:28.155660,-0.461669921875,0.715576171875,-0.703369140625,Unknown
22:51:28.188169,-0.4140625,0.696533203125,-0.521484375,Unknown
22:51:28.189657,-0.4453125,0.63427734375,-0.50390625,Unknown
22:51:28.197170,-0.49658203125,0.4794921875,-0.622802734375,Unknown
22:51:28.229670,-0.589111328125,0.368896484375,-0.784423828125,Unknown
22:51:28.230660,-0.66845703125,0.525390625,-0.95703125,Unknown
22:51:28.264670,-0.609375,0.7998046875,-1.08251953125,Unknown
22:51:28.265660,-0.60400390625,1.08642578125,-0.99853515625,Unknown
22:51:28.298170,-0.67822265625,1.408447265625,-0.9599609375,Unknown
22:51:28.299657,-0.86865234375,1.660400390625,-1.166015625,Unknown
22:51:28.308168,-1.205078125,1.710205078125,-1.796875,Unknown
22:51:28.349670,-1.464111328125,1.59521484375,-2.2763671875,Unknown
22:51:28.350655,-1.605224609375,1.176513671875,-2.14453125,Unknown
22:51:28.356168,-1.64453125,0.548828125,-1.884765625,Unknown
22:51:28.391163,-1.74658203125,0.16015625,-1.7705078125,Unknown
22:51:28.392160,-1.975830078125,-0.19873046875,-1.710693359375,Unknown
22:51:28.424670,-2.238037109375,-0.6708984375,-1.530029296875,Unknown
22:51:28.425660,-2.544921875,-1.412109375,-0.92431640625,Unknown
22:51:28.439670,-2.9873046875,-2.501708984375,-0.071533203125,Unknown
22:51:28.472170,-2.6826171875,-2.671630859375,0.51220703125,Unknown
22:51:28.473159,-1.422607421875,-2.42919921875,0.835205078125,Unknown
22:51:28.481166,0.1455078125,-2.356201171875,0.352294921875,Unknown
22:51:28.513168,1.605712890625,-1.559326171875,-1.475341796875,Start
22:51:28.514658,3.5107421875,0.10400390625,-1.6396484375,InProgress
22:51:28.547170,7.999755859375,1.718994140625,1.20263671875,InProgress
22:51:28.548160,7.999755859375,-1.3447265625,-4.736328125,InProgress
22:51:28.581162,4.814453125,6.86669921875,-0.938720703125,Finish
22:51:28.582160,-3.175048828125,3.275146484375,3.406005859375,Unknown
22:51:28.614670,-3.894287109375,2.767578125,0.347900390625,Unknown
22:51:28.615661,2.0068359375,0.4248046875,-3.069091796875,Unknown
22:51:28.623172,5.15966796875,-0.766357421875,-2.73974609375,Unknown
22:51:28.655668,7.229736328125,-0.081298828125,-1.1943359375,Unknown
22:51:28.657158,2.076904296875,1.090576171875,0.014892578125,Unknown
22:51:28.692170,2.148193359375,0.61669921875,0.578857421875,Unknown
22:51:28.693159,1.610107421875,0.03076171875,0.634521484375,Unknown
22:51:28.726166,0.822509765625,-0.184326171875,0.251953125,Unknown
22:51:28.727159,-0.16845703125,-0.1728515625,-0.431884765625,Unknown
22:51:28.734669,-1.7880859375,-0.147705078125,-1.200439453125,Unknown
22:51:28.767170,-2.323486328125,-0.22705078125,-1.469482421875,Unknown
22:51:28.768162,-1.27734375,-0.22900390625,-1.35986328125,Unknown
22:51:28.800668,-1.090576171875,-0.00439453125,-1.255126953125,Unknown
22:51:28.801661,-1.466796875,0.3271484375,-1.262939453125,Unknown
22:51:28.836165,-1.647216796875,0.617919921875,-1.072265625,Unknown
22:51:28.837160,-1.781494140625,0.755859375,-0.953369140625,Unknown
22:51:28.851166,-1.645751953125,0.9638671875,-0.9130859375,Unknown
22:51:28.861165,-1.528076171875,0.989501953125,-0.903564453125,Unknown
22:51:28.894666,-1.49560546875,1.054931640625,-1.0908203125,Unknown
22:51:28.896161,-1.33935546875,1.16748046875,-1.1201171875,Unknown
22:51:28.928666,-1.304931640625,1.283935546875,-0.995849609375,Unknown
22:51:28.929659,-1.279052734375,1.275634765625,-1.055908203125,Unknown
22:51:28.963665,-1.251708984375,1.19775390625,-1.203125,Unknown
22:51:28.964659,-1.07958984375,1.173828125,-1.221923828125,Unknown
22:51:28.991170,-0.913818359375,1.15283203125,-1.34765625,Unknown
22:51:28.992159,-0.89794921875,1.171875,-1.29833984375,Unknown
22:51:29.026170,-0.876708984375,1.27392578125,-1.126953125,Unknown
22:51:29.027166,-0.90673828125,1.298828125,-0.900390625,Unknown
22:51:29.034666,-0.94091796875,1.34716796875,-0.856689453125,Unknown
22:51:29.068667,-1.077880859375,1.249755859375,-1.1025390625,Unknown
22:51:29.069659,-1.184814453125,1.068115234375,-1.30078125,Unknown
22:51:29.102169,-1.190673828125,1.0908203125,-1.3818359375,Unknown
22:51:29.103159,-1.10205078125,1.17919921875,-1.159423828125,Unknown
22:51:29.113665,-1.012451171875,1.223876953125,-1.006591796875,Unknown
22:51:29.145669,-1.030517578125,0.961669921875,-0.97265625,Unknown
22:51:29.147157,-1.07861328125,0.673095703125,-1.0751953125,Unknown
22:51:29.179675,-1.25439453125,0.1396484375,-1.185791015625,Unknown
22:51:29.180665,-1.68701171875,-0.160400390625,-1.390869140625,Unknown
22:51:29.214668,-2.1630859375,-0.508544921875,-1.714111328125,Unknown
22:51:29.215660,-2.59716796875,-0.6533203125,-1.57470703125,Unknown
22:51:29.248667,-2.97509765625,-0.850830078125,-0.998046875,Unknown
22:51:29.249659,-3.17333984375,-1.428466796875,-0.099853515625,Unknown
22:51:29.263669,-2.78173828125,-2.254150390625,0.930419921875,Unknown
22:51:29.295658,-1.4384765625,-2.166259765625,1.440673828125,Unknown
22:51:29.297157,-0.106201171875,-1.614501953125,0.505615234375,Unknown
22:51:29.303665,1.009033203125,-0.757080078125,-2.1689453125,Start
22:51:29.337168,5.918701171875,-0.11328125,-3.469482421875,InProgress
22:51:29.338160,7.999755859375,0.181884765625,0.1513671875,InProgress
22:51:29.370668,7.999755859375,1.824951171875,-2.901123046875,InProgress
22:51:29.372157,0.039794921875,5.634033203125,5.330078125,Unknown
22:51:29.404669,-5.563720703125,1.9033203125,2.068115234375,Unknown
22:51:29.405660,0.97607421875,0.169677734375,-2.9912109375,InProgress
22:51:29.438169,7.201171875,-0.262451171875,-2.614990234375,InProgress
22:51:29.439658,6.177978515625,-0.693603515625,-0.795654296875,Finish
22:51:29.445665,1.330322265625,0.6318359375,0.225341796875,Unknown
22:51:29.478166,1.087646484375,0.67578125,0.827880859375,Unknown
22:51:29.480655,0.559814453125,0.653564453125,0.25927734375,Unknown
22:51:29.513168,-0.234619140625,0.662353515625,-0.7392578125,Unknown
22:51:29.514160,-1.16015625,0.583984375,-1.573486328125,Unknown
22:51:29.547166,-1.96875,0.395263671875,-1.626220703125,Unknown
22:51:29.548160,-1.4658203125,0.218994140625,-1.257080078125,Unknown
22:51:29.580671,-1.2236328125,0.53759765625,-0.846923828125,Unknown
22:51:29.582157,-1.364990234375,1.26904296875,-0.59130859375,Unknown
22:51:29.588169,-1.603515625,1.462158203125,-0.509033203125,Unknown
22:51:29.629669,-1.67626953125,1.561279296875,-0.775146484375,Unknown
22:51:29.630660,-1.471923828125,1.5361328125,-0.771484375,Unknown
22:51:29.637169,-1.410888671875,1.589111328125,-0.683837890625,Unknown
22:51:29.669669,-1.34912109375,1.568603515625,-0.605712890625,Unknown
22:51:29.670660,-1.297607421875,1.475341796875,-0.669189453125,Unknown
22:51:29.703318,-1.263427734375,1.30029296875,-0.70166015625,Unknown
22:51:29.704307,-1.225341796875,1.142578125,-0.734619140625,Unknown
22:51:29.737313,-1.2021484375,1.0712890625,-0.814697265625,Unknown
22:51:29.738314,-1.069091796875,1.0361328125,-0.954345703125,Unknown
22:51:29.745806,-0.875732421875,0.861572265625,-1.2568359375,Unknown
22:51:29.778314,-0.7978515625,0.77587890625,-1.41455078125,Unknown
22:51:29.779308,-0.705322265625,0.934814453125,-1.3056640625,Unknown
22:51:29.813307,-0.668701171875,1.1357421875,-0.978759765625,Unknown
22:51:29.814307,-0.611083984375,1.25634765625,-0.69873046875,Unknown
22:51:29.847315,-0.653076171875,1.4296875,-0.642822265625,Unknown
22:51:29.848305,-0.6875,1.56591796875,-0.845703125,Unknown
22:51:29.856815,-0.705322265625,1.520751953125,-1.0615234375,Unknown
22:51:29.889436,-0.7841796875,1.35693359375,-1.018310546875,Unknown
22:51:29.890928,-0.823486328125,1.373046875,-0.942626953125,Unknown
22:51:29.923433,-0.8984375,1.16064453125,-1.007568359375,Unknown
22:51:29.924428,-1.017822265625,1.052978515625,-1.27099609375,Unknown
22:51:29.956936,-1.12841796875,0.873046875,-1.40283203125,Unknown
22:51:29.962424,-1.365478515625,0.48583984375,-1.540283203125,Unknown
22:51:29.990933,-1.7021484375,0.2783203125,-1.66748046875,Unknown
22:51:29.991934,-1.97509765625,0.030517578125,-1.899169921875,Unknown
22:51:29.998434,-2.23828125,-0.368408203125,-2.04443359375,Unknown
22:51:30.030934,-2.712158203125,-0.89599609375,-1.8642578125,Unknown
22:51:30.031934,-3.17724609375,-1.199951171875,-1.036865234375,Unknown
22:51:30.065934,-3.1416015625,-2.100830078125,0.16748046875,Unknown
22:51:30.066924,-2.41015625,-2.15087890625,1.2158203125,Unknown
22:51:30.080931,-0.9990234375,-2.16796875,1.26513671875,Unknown
22:51:30.113423,0.682861328125,-1.888427734375,-0.373779296875,Start
22:51:30.114426,2.49365234375,-1.23779296875,-2.8544921875,InProgress
22:51:30.146934,7.999755859375,1.1259765625,-2.816650390625,InProgress
22:51:30.148431,7.999755859375,-0.17431640625,-0.83837890625,InProgress
22:51:30.180934,7.999755859375,4.63671875,-0.0322265625,InProgress
22:51:30.181934,-0.030029296875,4.276123046875,3.026611328125,Unknown
22:51:30.189434,-4.59716796875,2.63134765625,2.653076171875,Unknown
22:51:30.221934,1.069580078125,3.001953125,-1.92919921875,InProgress
22:51:30.223431,6.651611328125,-0.591796875,-3.61279296875,InProgress
22:51:30.269435,6.75,-1.19091796875,-1.58203125,InProgress
22:51:30.270930,1.437255859375,0.886962890625,-0.595947265625,Finish
22:51:30.271924,1.1904296875,0.8408203125,0.20654296875,Unknown
22:51:30.304435,0.634521484375,0.462890625,0.12353515625,Unknown
22:51:30.305929,-0.2763671875,0.38720703125,-0.636474609375,Unknown
22:51:30.338434,-1.279541015625,0.200927734375,-1.544921875,Unknown
22:51:30.339424,-2.148681640625,-0.330322265625,-1.86572265625,Unknown
22:51:30.346934,-1.820068359375,-0.583740234375,-1.6953125,Unknown
22:51:30.380934,-1.32421875,-0.16162109375,-1.218017578125,Unknown
22:51:30.381934,-1.486328125,0.054443359375,-0.848876953125,Unknown
22:51:30.414434,-1.735107421875,0.13525390625,-0.658203125,Unknown
22:51:30.415923,-1.73583984375,0.11572265625,-0.77099609375,Unknown
22:51:30.449436,-1.73486328125,0.249267578125,-0.8642578125,Unknown
22:51:30.450924,-1.7265625,0.33935546875,-0.767333984375,Unknown
22:51:30.458433,-1.598388671875,0.609619140625,-0.755615234375,Unknown
22:51:30.473433,-1.412841796875,0.7421875,-0.799072265625,Unknown
22:51:30.505933,-1.2607421875,0.83544921875,-0.806396484375,Unknown
22:51:30.506924,-1.160400390625,1.05517578125,-0.930419921875,Unknown
22:51:30.539435,-1.089111328125,1.11572265625,-1.032470703125,Unknown
22:51:30.540930,-0.968505859375,1.08935546875,-1.2353515625,Unknown
22:51:30.573434,-0.85693359375,0.866455078125,-1.536376953125,Unknown
22:51:30.574425,-0.83056640625,0.784423828125,-1.5869140625,Unknown
22:51:30.606936,-0.713623046875,0.904296875,-1.275390625,Unknown
22:51:30.608429,-0.61865234375,1.02099609375,-0.836181640625,Unknown
22:51:30.615932,-0.70556640625,1.052490234375,-0.596923828125,Unknown
22:51:30.648433,-0.9130859375,1.158203125,-0.751708984375,Unknown
22:51:30.649425,-1.09765625,1.127197265625,-1.049072265625,Unknown
22:51:30.683433,-1.082763671875,0.958251953125,-1.22314453125,Unknown
22:51:30.684425,-1.039306640625,0.8837890625,-1.129150390625,Unknown
22:51:30.716936,-0.9189453125,0.744140625,-0.855712890625,Unknown
22:51:30.718429,-0.7919921875,0.635498046875,-0.5302734375,Unknown
22:51:30.725933,-0.688232421875,0.44189453125,-0.268310546875,Unknown
22:51:30.758433,-0.612060546875,0.2666015625,-0.131103515625,Unknown
22:51:30.759421,-0.566162109375,0.1767578125,-0.06494140625,Unknown
22:51:30.792426,-0.546875,0.1015625,-0.05078125,Unknown
22:51:30.793423,-0.53955078125,0.09326171875,-0.0234375,Unknown
22:51:30.826940,-0.432861328125,0.307373046875,0.0556640625,Unknown
22:51:30.828424,-0.26123046875,0.519775390625,0.088623046875,Unknown
22:51:30.860932,-0.151611328125,0.667236328125,0.038818359375,Unknown
22:51:30.861923,-0.134033203125,0.656005859375,-0.0556640625,Unknown
22:51:30.875932,-0.0703125,0.994384765625,-0.2275390625,Unknown
22:51:30.909440,0.082275390625,1.191162109375,-0.310302734375,Unknown
22:51:30.910932,0.284912109375,1.338623046875,-0.448974609375,Unknown
22:51:30.916934,0.45703125,1.47802734375,-0.398681640625,Unknown
22:51:30.949435,0.5673828125,1.343505859375,-0.396484375,Start
22:51:30.950928,0.592041015625,1.112548828125,-0.388671875,InProgress
22:51:30.983432,0.527099609375,0.88623046875,-0.50341796875,Finish
22:51:30.984426,0.4384765625,0.610107421875,-0.72119140625,Unknown
22:51:31.018432,0.34814453125,0.395263671875,-0.9287109375,Unknown
22:51:31.019434,0.293701171875,0.23046875,-1.044921875,Unknown
22:51:31.026934,0.271240234375,0.095947265625,-1.078857421875,Unknown
22:51:31.060931,0.263916015625,-0.02587890625,-1.036865234375,Unknown
22:51:31.061921,0.2451171875,-0.107177734375,-0.977294921875,Unknown
22:51:31.094436,0.204833984375,-0.172607421875,-0.931396484375,Unknown
22:51:31.095925,0.1591796875,-0.180908203125,-0.886962890625,Unknown
22:51:31.105930,0.1005859375,-0.18310546875,-0.83544921875,Unknown
22:51:31.138431,0.049560546875,-0.131591796875,-0.8115234375,Unknown
22:51:31.139426,0.005859375,-0.063720703125,-0.761962890625,Unknown
22:51:31.172431,-0.027099609375,0.059326171875,-0.777587890625,Unknown
22:51:31.173432,-0.09716796875,0.131103515625,-0.84716796875,Unknown
22:51:31.205932,-0.160400390625,0.173583984375,-0.93505859375,Unknown
22:51:31.206924,-0.183349609375,0.2880859375,-0.987548828125,Unknown
22:51:31.239435,-0.178955078125,0.439697265625,-0.99755859375,Unknown
22:51:31.240926,-0.155029296875,0.446533203125,-1.038818359375,Unknown
22:51:31.248423,-0.063232421875,0.37255859375,-1.06884765625,Unknown
22:51:31.280933,0.01025390625,0.500732421875,-0.9775390625,Unknown
22:51:31.281921,0.0771484375,0.736572265625,-0.885009765625,Unknown
22:51:31.295931,0.251708984375,0.81103515625,-0.78955078125,Unknown
22:51:31.328424,0.341796875,0.747802734375,-0.793701171875,Unknown
22:51:31.329425,0.4267578125,0.833984375,-0.9140625,Unknown
22:51:31.362427,0.642578125,1.09716796875,-0.843505859375,Start
22:51:31.363424,0.800048828125,1.25537109375,-0.6982421875,InProgress
22:51:31.397430,0.760498046875,1.16748046875,-0.629638671875,Finish
22:51:31.398426,0.638427734375,1.158203125,-0.565673828125,Unknown
22:51:31.405934,0.638671875,1.0654296875,-0.58740234375,Unknown
22:51:31.440932,0.632080078125,0.859375,-0.672607421875,Unknown
22:51:31.441927,0.64892578125,0.68701171875,-0.6884765625,Unknown
22:51:31.474930,0.648681640625,0.573974609375,-0.739013671875,Unknown
22:51:31.477430,0.685302734375,0.607666015625,-0.776123046875,Unknown
22:51:31.509930,0.74169921875,0.674072265625,-0.7294921875,Unknown
22:51:31.510926,0.772216796875,0.719970703125,-0.626708984375,Unknown
22:51:31.516937,0.76904296875,0.691650390625,-0.57763671875,Unknown
22:51:31.549923,0.748779296875,0.52001953125,-0.647705078125,Unknown
22:51:31.550928,0.73291015625,0.50146484375,-0.6728515625,Unknown
22:51:31.583433,0.728759765625,0.531982421875,-0.71435546875,Unknown
22:51:31.584425,0.7294921875,0.562255859375,-0.743408203125,Unknown
22:51:31.618430,0.7158203125,0.52490234375,-0.76171875,Unknown
22:51:31.619424,0.681884765625,0.4814453125,-0.748291015625,Unknown
22:51:31.651934,0.653564453125,0.4970703125,-0.761962890625,Unknown
22:51:31.653432,0.64453125,0.537109375,-0.79443359375,Unknown
22:51:31.659930,0.6416015625,0.51123046875,-0.80810546875,Unknown
22:51:31.691925,0.65771484375,0.3603515625,-0.8486328125,Unknown
22:51:31.693427,0.625,0.40576171875,-0.821044921875,Unknown
22:51:31.706935,0.633544921875,0.47021484375,-0.810302734375,Unknown
22:51:31.740927,0.6171875,0.49169921875,-0.814697265625,Unknown
22:51:31.741934,0.60107421875,0.45458984375,-0.848876953125,Unknown
22:51:31.774436,0.571044921875,0.4560546875,-0.847900390625,Unknown
22:51:31.775936,0.561279296875,0.466064453125,-0.816162109375,Unknown
22:51:31.809435,0.531005859375,0.431396484375,-0.763427734375,Unknown
22:51:31.810928,0.49609375,0.36572265625,-0.772216796875,Unknown
22:51:31.816936,0.48974609375,0.332763671875,-0.783203125,Unknown
22:51:31.849434,0.441650390625,0.349365234375,-0.7412109375,Unknown
22:51:31.850423,0.445068359375,0.343505859375,-0.75341796875,Unknown
22:51:31.883434,0.500244140625,0.2626953125,-0.857177734375,Unknown
22:51:31.884423,0.54931640625,0.322265625,-0.804443359375,Unknown
22:51:31.916934,0.553955078125,0.366943359375,-0.737548828125,Unknown
22:51:31.918429,0.568359375,0.431884765625,-0.680419921875,Unknown
22:51:31.950931,0.580078125,0.44921875,-0.698486328125,Unknown
22:51:31.951935,0.5927734375,0.43115234375,-0.717529296875,Unknown
22:51:31.959434,0.5439453125,0.440673828125,-0.6630859375,Unknown
22:51:31.993434,0.555908203125,0.320556640625,-0.73486328125,Unknown
22:51:31.994434,0.519775390625,0.407958984375,-0.78076171875,Unknown
22:51:32.026935,0.56005859375,0.490966796875,-0.76611328125,Unknown
22:51:32.028433,0.594482421875,0.501953125,-0.670166015625,Unknown
22:51:32.061925,0.603271484375,0.49267578125,-0.568115234375,Unknown
22:51:32.063427,0.594970703125,0.360107421875,-0.654052734375,Unknown
22:51:32.070936,0.52734375,0.45263671875,-0.764404296875,Unknown
22:51:32.103434,0.598876953125,0.623046875,-0.799072265625,Unknown
22:51:32.104434,0.656982421875,0.578125,-0.862060546875,Unknown
22:51:32.119434,0.594970703125,0.54736328125,-0.865234375,Unknown
22:51:32.151925,0.53564453125,0.533203125,-0.779541015625,Unknown
22:51:32.153425,0.54541015625,0.439453125,-0.676025390625,Unknown
22:51:32.189435,0.566162109375,0.3134765625,-0.666259765625,Unknown
22:51:32.190926,0.578125,0.33935546875,-0.653564453125,Unknown
22:51:32.196931,0.625,0.4619140625,-0.64892578125,Unknown
22:51:32.229420,0.62646484375,0.43310546875,-0.6767578125,Unknown
22:51:32.230427,0.618408203125,0.387451171875,-0.6220703125,Unknown
22:51:32.263436,0.594970703125,0.4677734375,-0.61865234375,Unknown
22:51:32.264436,0.56689453125,0.529296875,-0.710693359375,Unknown
22:51:32.296920,0.548095703125,0.531005859375,-0.717041015625,Unknown
22:51:32.298435,0.532470703125,0.517578125,-0.70361328125,Unknown
22:51:32.330435,0.552734375,0.542236328125,-0.69189453125,Unknown
22:51:32.331935,0.583251953125,0.509033203125,-0.658935546875,Unknown
22:51:32.338434,0.58935546875,0.503662109375,-0.605712890625,Unknown
22:51:32.371934,0.581787109375,0.5078125,-0.58251953125,Unknown
22:51:32.373434,0.583740234375,0.510986328125,-0.59912109375,Unknown
22:51:32.405935,0.583251953125,0.480224609375,-0.6123046875,Unknown
22:51:32.406935,0.573974609375,0.47607421875,-0.62548828125,Unknown
22:51:32.440934,0.565673828125,0.475830078125,-0.634765625,Unknown
22:51:32.441932,0.55224609375,0.520263671875,-0.650634765625,Unknown
22:51:32.449435,0.53271484375,0.553955078125,-0.672119140625,Unknown
22:51:32.484436,0.525146484375,0.564453125,-0.66162109375,Unknown
22:51:32.485434,0.52685546875,0.554443359375,-0.635498046875,Unknown
22:51:32.518434,0.5341796875,0.5615234375,-0.638916015625,Unknown
22:51:32.519434,0.541748046875,0.554931640625,-0.636474609375,Unknown
22:51:32.533433,0.552001953125,0.508544921875,-0.645751953125,Unknown
22:51:32.565934,0.570556640625,0.5419921875,-0.654052734375,Unknown
22:51:32.566935,0.557861328125,0.532958984375,-0.673828125,Unknown
22:51:32.599435,0.5546875,0.55810546875,-0.65380859375,Unknown
22:51:32.600935,0.555419921875,0.53564453125,-0.6416015625,Unknown
22:51:32.608433,0.55859375,0.50634765625,-0.61181640625,Unknown
22:51:32.640935,0.554931640625,0.492919921875,-0.617431640625,Unknown
22:51:32.641932,0.553955078125,0.525146484375,-0.65478515625,Unknown
22:51:32.675418,0.556396484375,0.54541015625,-0.67529296875,Unknown
22:51:32.676937,0.5634765625,0.5537109375,-0.650634765625,Unknown
22:51:32.709436,0.574951171875,0.525634765625,-0.62646484375,Unknown
22:51:32.710921,0.5732421875,0.5,-0.62451171875,Unknown
22:51:32.718434,0.56640625,0.49462890625,-0.625732421875,Unknown
22:51:32.750934,0.5615234375,0.504150390625,-0.646484375,Unknown
22:51:32.751934,0.562744140625,0.529052734375,-0.655029296875,Unknown
22:51:32.784435,0.5595703125,0.542724609375,-0.63232421875,Unknown
22:51:32.785934,0.5576171875,0.52685546875,-0.63232421875,Unknown
22:51:32.829418,0.549560546875,0.505859375,-0.643310546875,Unknown
22:51:32.830419,0.5458984375,0.52294921875,-0.635498046875,Unknown
22:51:32.831936,0.54833984375,0.529296875,-0.642333984375,Unknown
22:51:32.865933,0.549072265625,0.533447265625,-0.63818359375,Unknown
22:51:32.866919,0.556884765625,0.53369140625,-0.6376953125,Unknown
22:51:32.899435,0.553955078125,0.517822265625,-0.6171875,Unknown
22:51:32.900933,0.552490234375,0.52294921875,-0.6298828125,Unknown
22:51:32.908432,0.555908203125,0.530029296875,-0.64306640625,Unknown
22:51:32.940933,0.559814453125,0.53564453125,-0.647705078125,Unknown
22:51:32.941934,0.56103515625,0.537109375,-0.647705078125,Unknown
22:51:32.974434,0.55712890625,0.515380859375,-0.64208984375,Unknown
22:51:32.975933,0.5546875,0.51806640625,-0.64501953125,Unknown
22:51:33.008432,0.546142578125,0.522705078125,-0.64599609375,Unknown
22:51:33.009435,0.549072265625,0.546142578125,-0.643310546875,Unknown
22:51:33.041934,0.55078125,0.5361328125,-0.656982421875,Unknown
22:51:33.043432,0.553955078125,0.528564453125,-0.64990234375,Unknown
22:51:33.049436,0.55517578125,0.520751953125,-0.659912109375,Unknown
22:51:33.082419,0.547607421875,0.536865234375,-0.6416015625,Unknown
22:51:33.083431,0.540283203125,0.52001953125,-0.653564453125,Unknown
22:51:33.116935,0.54345703125,0.533203125,-0.6552734375,Unknown
22:51:33.118431,0.5546875,0.53076171875,-0.650146484375,Unknown
22:51:33.150932,0.565673828125,0.52685546875,-0.645751953125,Unknown
22:51:33.151935,0.566162109375,0.511474609375,-0.626220703125,Unknown
22:51:33.160932,0.5615234375,0.517822265625,-0.6396484375,Unknown
22:51:33.193433,0.563232421875,0.525634765625,-0.658203125,Unknown
22:51:33.194419,0.559326171875,0.537109375,-0.657470703125,Unknown
22:51:33.226932,0.561767578125,0.53125,-0.654296875,Unknown
22:51:33.228430,0.555908203125,0.520263671875,-0.642333984375,Unknown
22:51:33.260936,0.5419921875,0.509521484375,-0.646728515625,Unknown
22:51:33.261935,0.54296875,0.52490234375,-0.644287109375,Unknown
22:51:33.294933,0.5478515625,0.521728515625,-0.638916015625,Unknown
22:51:33.295932,0.54931640625,0.525390625,-0.63916015625,Unknown
22:51:33.303437,0.55078125,0.525634765625,-0.633056640625,Unknown
22:51:33.335931,0.552734375,0.510009765625,-0.65673828125,Unknown
22:51:33.336919,0.55810546875,0.523193359375,-0.635986328125,Unknown
22:51:33.370920,0.55322265625,0.501708984375,-0.6357421875,Unknown
22:51:33.371936,0.55419921875,0.502685546875,-0.647216796875,Unknown
22:51:33.404928,0.5615234375,0.52392578125,-0.64990234375,Unknown
22:51:33.405919,0.56591796875,0.533447265625,-0.65576171875,Unknown
22:51:33.413426,0.557861328125,0.529296875,-0.639404296875,Unknown
22:51:33.469436,0.549072265625,0.51806640625,-0.640869140625,Unknown
22:51:33.470930,0.54931640625,0.50927734375,-0.64453125,Unknown
22:51:33.473438,0.55419921875,0.518798828125,-0.65283203125,Unknown
22:51:33.478434,0.5546875,0.512451171875,-0.6611328125,Unknown
22:51:33.510920,0.5595703125,0.523193359375,-0.649658203125,Unknown
22:51:33.511936,0.557861328125,0.5107421875,-0.6494140625,Unknown
22:51:33.545935,0.555419921875,0.51025390625,-0.651611328125,Unknown
22:51:33.546919,0.5546875,0.515380859375,-0.653076171875,Unknown
22:51:33.579436,0.5556640625,0.515625,-0.65087890625,Unknown
22:51:33.580919,0.5576171875,0.5166015625,-0.650146484375,Unknown
22:51:33.588438,0.5498046875,0.517822265625,-0.65185546875,Unknown
22:51:33.620921,0.551025390625,0.5185546875,-0.6484375,Unknown
22:51:33.621939,0.554443359375,0.51220703125,-0.64892578125,Unknown
22:51:33.654435,0.5595703125,0.509521484375,-0.661865234375,Unknown
22:51:33.655937,0.549560546875,0.510009765625,-0.647216796875,Unknown
22:51:33.688435,0.548583984375,0.516845703125,-0.64892578125,Unknown
22:51:33.689435,0.558349609375,0.51171875,-0.659423828125,Unknown
22:51:33.722436,0.556396484375,0.510498046875,-0.660888671875,Unknown
22:51:33.723436,0.555908203125,0.513427734375,-0.651611328125,Unknown
22:51:33.737430,0.553955078125,0.510009765625,-0.641357421875,Unknown
22:51:33.769436,0.55859375,0.51416015625,-0.646484375,Unknown
22:51:33.770935,0.55224609375,0.513916015625,-0.649658203125,Unknown
22:51:33.777937,0.551025390625,0.506103515625,-0.65283203125,Unknown
22:51:33.810920,0.5537109375,0.509033203125,-0.648681640625,Unknown
22:51:33.812430,0.5615234375,0.513671875,-0.648193359375,Unknown
22:51:33.844437,0.55810546875,0.50537109375,-0.66162109375,Unknown
22:51:33.845937,0.548095703125,0.5166015625,-0.65673828125,Unknown
22:51:33.878435,0.550048828125,0.51416015625,-0.681396484375,Unknown
22:51:33.879435,0.55517578125,0.522705078125,-0.65234375,Unknown
22:51:33.912423,0.5595703125,0.513427734375,-0.64892578125,Unknown
22:51:33.913423,0.55859375,0.504150390625,-0.649658203125,Unknown
22:51:33.920920,0.5556640625,0.4990234375,-0.656494140625,Unknown
22:51:33.953431,0.545654296875,0.535400390625,-0.611572265625,Unknown
22:51:33.954435,0.54541015625,0.51806640625,-0.64892578125,Unknown
22:51:33.988431,0.541748046875,0.52490234375,-0.64208984375,Unknown
22:51:33.989436,0.545166015625,0.51318359375,-0.640380859375,Unknown
22:51:34.022434,0.54150390625,0.512451171875,-0.6298828125,Unknown
22:51:34.022928,0.545654296875,0.50439453125,-0.646484375,Unknown
22:51:34.030923,0.55224609375,0.5087890625,-0.666748046875,Unknown
22:51:34.062922,0.5576171875,0.51220703125,-0.66796875,Unknown
22:51:34.064419,0.5625,0.517333984375,-0.672607421875,Unknown
