22:49:03.783998,0.4560546875,0.399658203125,-0.79833984375,Unknown
22:49:03.798013,0.463134765625,0.390869140625,-0.789794921875,Unknown
22:49:03.814014,0.4599609375,0.3896484375,-0.7841796875,Unknown
22:49:03.846998,0.44970703125,0.390625,-0.796630859375,Unknown
22:49:03.847997,0.445068359375,0.401123046875,-0.8115234375,Unknown
22:49:03.880497,0.458251953125,0.40087890625,-0.82421875,Unknown
22:49:03.885515,0.4658203125,0.397216796875,-0.803466796875,Unknown
22:49:03.893014,0.462646484375,0.392822265625,-0.8017578125,Unknown
22:49:03.925514,0.45654296875,0.379150390625,-0.80517578125,Unknown
22:49:03.926498,0.453125,0.371337890625,-0.805908203125,Unknown
22:49:03.941497,0.462890625,0.381591796875,-0.81982421875,Unknown
22:49:03.974013,0.4716796875,0.38916015625,-0.818603515625,Unknown
22:49:03.975514,0.478759765625,0.381103515625,-0.805908203125,Unknown
22:49:04.008014,0.47265625,0.364013671875,-0.791015625,Unknown
22:49:04.008998,0.470703125,0.359375,-0.782958984375,Unknown
22:49:04.041497,0.46142578125,0.3671875,-0.793212890625,Unknown
22:49:04.043014,0.464111328125,0.38623046875,-0.802490234375,Unknown
22:49:04.050513,0.466552734375,0.384033203125,-0.79345703125,Unknown
22:49:04.084013,0.46875,0.3701171875,-0.789794921875,Unknown
22:49:04.085513,0.471923828125,0.36328125,-0.78759765625,Unknown
22:49:04.118014,0.474609375,0.365966796875,-0.78955078125,Unknown
22:49:04.119016,0.481201171875,0.37548828125,-0.7880859375,Unknown
22:49:04.153014,0.48583984375,0.36865234375,-0.79296875,Unknown
22:49:04.154015,0.48486328125,0.363525390625,-0.793212890625,Unknown
22:49:04.161513,0.47607421875,0.366455078125,-0.79150390625,Unknown
22:49:04.194013,0.47802734375,0.374267578125,-0.781494140625,Unknown
22:49:04.195515,0.48876953125,0.37744140625,-0.798828125,Unknown
22:49:04.228001,0.488525390625,0.377685546875,-0.7939453125,Unknown
22:49:04.229000,0.4931640625,0.3671875,-0.797119140625,Unknown
22:49:04.261852,0.486083984375,0.371826171875,-0.784423828125,Unknown
22:49:04.262842,0.48828125,0.373779296875,-0.780517578125,Unknown
22:49:04.295356,0.48193359375,0.370849609375,-0.796142578125,Unknown
22:49:04.296841,0.472412109375,0.37646484375,-0.7822265625,Unknown
22:49:04.304356,0.478271484375,0.37353515625,-0.786376953125,Unknown
22:49:04.347839,0.484619140625,0.375244140625,-0.791015625,Unknown
22:49:04.349338,0.48291015625,0.38134765625,-0.785888671875,Unknown
22:49:04.350342,0.479736328125,0.368408203125,-0.8251953125,Unknown
22:49:04.382842,0.50634765625,0.3740234375,-0.78564453125,Start
22:49:04.384338,0.498291015625,0.352783203125,-0.773193359375,Unknown
22:49:04.416854,0.518798828125,0.3759765625,-0.780517578125,InProgress
22:49:04.417851,0.520263671875,0.421630859375,-0.7861328125,InProgress
22:49:04.450843,0.566650390625,0.4150390625,-0.809814453125,InProgress
22:49:04.451841,1.097412109375,0.296142578125,-0.770263671875,InProgress
22:49:04.484355,0.74755859375,0.427978515625,-0.6689453125,Finish
22:49:04.485340,0.817138671875,0.3310546875,-0.77099609375,Unknown
22:49:04.492839,0.89990234375,0.429931640625,-0.826904296875,Unknown
22:49:04.526852,0.81689453125,0.626708984375,-0.7685546875,Unknown
22:49:04.527841,0.975341796875,0.660888671875,-0.8525390625,Unknown
22:49:04.560342,1.0166015625,0.81640625,-0.81640625,Unknown
22:49:04.561842,1.088623046875,0.841552734375,-0.80712890625,Unknown
22:49:04.595354,1.1220703125,0.774169921875,-0.82275390625,Unknown
22:49:04.596842,1.1689453125,0.7509765625,-0.83154296875,Unknown
22:49:04.604351,1.150390625,0.789306640625,-0.86962890625,Unknown
22:49:04.639356,1.10302734375,0.927978515625,-0.8203125,Unknown
22:49:04.640350,1.05615234375,1.0615234375,-0.79296875,Unknown
22:49:04.672839,0.950439453125,1.046142578125,-0.797119140625,Unknown
22:49:04.674356,0.800537109375,0.9736328125,-0.8662109375,Unknown
22:49:04.682857,0.68310546875,1.08349609375,-0.6748046875,Unknown
22:49:04.715355,0.50341796875,1.216796875,-0.553955078125,Unknown
22:49:04.716857,0.34423828125,1.139892578125,-0.6376953125,Unknown
22:49:04.749355,0.185791015625,1.192626953125,-0.644287109375,Unknown
22:49:04.750354,0.058837890625,1.3662109375,-0.51171875,Unknown
22:49:04.782855,0.017578125,1.316650390625,-0.4287109375,Unknown
22:49:04.784356,-0.109375,1.20166015625,-0.58349609375,Unknown
22:49:04.797856,-0.2197265625,0.98193359375,-0.67041015625,Unknown
22:49:04.831854,-0.350341796875,0.99755859375,-0.700927734375,Unknown
22:49:04.832855,-0.416748046875,0.885498046875,-0.68603515625,Unknown
22:49:04.840338,-0.4814453125,0.82275390625,-0.64306640625,Unknown
22:49:04.872856,-0.502197265625,0.72412109375,-0.580322265625,Unknown
22:49:04.874356,-0.574951171875,0.57568359375,-0.522705078125,Unknown
22:49:04.906838,-0.616943359375,0.5361328125,-0.439208984375,Unknown
22:49:04.907854,-0.587890625,0.577880859375,-0.3818359375,Unknown
22:49:04.940338,-0.594482421875,0.53955078125,-0.360595703125,Unknown
22:49:04.941856,-0.627685546875,0.5302734375,-0.2841796875,Unknown
22:49:04.987856,-0.6044921875,0.501953125,-0.218017578125,Unknown
22:49:04.989354,-0.5859375,0.422119140625,-0.239013671875,Unknown
22:49:04.990339,-0.5751953125,0.380859375,-0.209228515625,Unknown
22:49:04.999354,-0.59375,0.29248046875,-0.175048828125,Unknown
22:49:05.031837,-0.5947265625,0.187744140625,-0.155517578125,Unknown
22:49:05.032855,-0.548828125,0.123779296875,-0.200439453125,Unknown
22:49:05.065854,-0.54296875,0.126220703125,-0.209228515625,Unknown
22:49:05.066856,-0.58203125,0.08447265625,-0.23291015625,Unknown
22:49:05.099354,-0.59326171875,0.0703125,-0.220947265625,Unknown
22:49:05.100354,-0.623046875,0.060302734375,-0.205810546875,Unknown
22:49:05.133354,-0.64404296875,0.081787109375,-0.19384765625,Unknown
22:49:05.134354,-0.65234375,0.207763671875,-0.22021484375,Unknown
22:49:05.140339,-0.639892578125,0.27294921875,-0.22802734375,Unknown
22:49:05.172855,-0.659912109375,0.302734375,-0.213134765625,Unknown
22:49:05.174356,-0.67431640625,0.2734375,-0.271484375,Unknown
22:49:05.208359,-0.699951171875,0.266845703125,-0.28369140625,Unknown
22:49:05.209355,-0.74951171875,0.265869140625,-0.241455078125,Unknown
22:49:05.222854,-0.782958984375,0.195556640625,-0.196044921875,Unknown
22:49:05.255851,-0.774658203125,0.0849609375,-0.28662109375,Unknown
22:49:05.256851,-0.794677734375,0.0029296875,-0.293701171875,Unknown
22:49:05.289355,-0.7587890625,-0.080078125,-0.219970703125,Unknown
22:49:05.290339,-0.73681640625,-0.23193359375,-0.24072265625,Unknown
22:49:05.322854,-0.711669921875,-0.315673828125,-0.3056640625,Unknown
22:49:05.324356,-0.688232421875,-0.34423828125,-0.318359375,Unknown
22:49:05.330337,-0.697509765625,-0.357666015625,-0.324951171875,Unknown
22:49:05.363339,-0.712890625,-0.33349609375,-0.283447265625,Unknown
22:49:05.364355,-0.748046875,-0.268798828125,-0.300048828125,Unknown
22:49:05.398117,-0.767822265625,-0.1533203125,-0.2822265625,Unknown
22:49:05.398858,-0.797607421875,-0.021484375,-0.253173828125,Unknown
22:49:05.431761,-0.82958984375,0.1181640625,-0.23193359375,Unknown
22:49:05.433249,-0.87255859375,0.246337890625,-0.241943359375,Unknown
22:49:05.441751,-0.887939453125,0.354248046875,-0.19091796875,Unknown
22:49:05.474260,-0.931884765625,0.326416015625,-0.1455078125,Unknown
22:49:05.475747,-0.93212890625,0.256591796875,-0.12939453125,Unknown
22:49:05.508248,-0.93017578125,0.1650390625,-0.107666015625,Unknown
22:49:05.509252,-0.9248046875,0.010498046875,-0.16015625,Unknown
22:49:05.543254,-0.8984375,-0.11279296875,-0.2275390625,Unknown
22:49:05.544252,-0.87060546875,-0.183837890625,-0.264404296875,Unknown
22:49:05.551752,-0.852783203125,-0.234130859375,-0.256591796875,Unknown
22:49:05.585765,-0.86669921875,-0.30029296875,-0.231201171875,Unknown
22:49:05.586760,-0.866455078125,-0.2421875,-0.205078125,Unknown
22:49:05.628262,-0.880126953125,-0.28173828125,-0.2646484375,Unknown
22:49:05.643262,-0.88232421875,-0.247802734375,-0.281982421875,Unknown
22:49:05.644251,-0.951904296875,-0.16943359375,-0.226806640625,Unknown
22:49:05.645753,-0.97314453125,-0.0771484375,-0.135986328125,Unknown
22:49:05.678261,-1.028076171875,-0.010498046875,-0.0986328125,Unknown
22:49:05.679253,-1.046142578125,0.02783203125,-0.155029296875,Unknown
22:49:05.711760,-1.0810546875,0.123291015625,-0.132568359375,Unknown
22:49:05.713248,-1.08447265625,0.162353515625,-0.095703125,Unknown
22:49:05.745762,-1.077880859375,0.122802734375,-0.087890625,Unknown
22:49:05.746752,-1.050537109375,0.057861328125,-0.105712890625,Unknown
22:49:05.780763,-1.02880859375,-0.0146484375,-0.14453125,Unknown
22:49:05.781752,-1.002197265625,-0.05615234375,-0.190185546875,Unknown
22:49:05.789262,-1.010498046875,-0.07861328125,-0.232177734375,Unknown
22:49:05.824260,-1.04833984375,-0.115234375,-0.25,Unknown
22:49:05.825747,-1.065673828125,-0.169921875,-0.25341796875,Unknown
22:49:05.858252,-1.0322265625,-0.154296875,-0.23486328125,Unknown
22:49:05.859252,-1.000244140625,-0.162353515625,-0.261962890625,Unknown
22:49:05.868257,-0.97705078125,-0.154052734375,-0.28955078125,Unknown
22:49:05.900749,-0.975341796875,-0.13720703125,-0.3056640625,Unknown
22:49:05.908252,-0.969482421875,-0.118896484375,-0.298095703125,Unknown
22:49:05.915750,-0.9658203125,-0.15625,-0.281005859375,Unknown
22:49:05.949752,-0.960205078125,-0.159912109375,-0.269287109375,Unknown
22:49:05.950762,-0.942626953125,-0.167724609375,-0.24072265625,Unknown
22:49:05.983264,-0.945068359375,-0.109130859375,-0.177001953125,Unknown
22:49:05.984261,-0.96435546875,-0.07958984375,-0.164306640625,Unknown
22:49:06.018264,-0.9677734375,-0.080810546875,-0.2060546875,Unknown
22:49:06.019252,-0.981689453125,-0.044677734375,-0.214111328125,Unknown
22:49:06.026763,-0.968994140625,-0.003173828125,-0.167236328125,Unknown
22:49:06.059260,-0.959228515625,0.03857421875,-0.130126953125,Unknown
22:49:06.060253,-0.962890625,0.070556640625,-0.111328125,Unknown
22:49:06.094262,-0.98291015625,0.03857421875,-0.140625,Unknown
22:49:06.095250,-0.9658203125,0.01171875,-0.19189453125,Unknown
22:49:06.128263,-0.966064453125,0.001708984375,-0.225341796875,Unknown
22:49:06.129252,-0.971435546875,0.0087890625,-0.229248046875,Unknown
22:49:06.136763,-1.011962890625,0.04052734375,-0.215576171875,Unknown
22:49:06.169754,-1.044189453125,0.08740234375,-0.21533203125,Unknown
22:49:06.170255,-1.055419921875,0.12353515625,-0.23681640625,Unknown
22:49:06.204759,-1.05810546875,0.16162109375,-0.198974609375,Unknown
22:49:06.205254,-1.04052734375,0.207275390625,-0.19482421875,Unknown
22:49:06.238261,-1.026611328125,0.232666015625,-0.17919921875,Unknown
22:49:06.239251,-1.025146484375,0.28955078125,-0.17822265625,Unknown
22:49:06.268262,-1.01953125,0.303955078125,-0.20361328125,Unknown
22:49:06.269251,-1.0205078125,0.33740234375,-0.205078125,Unknown
22:49:06.301774,-1.00244140625,0.35791015625,-0.20263671875,Unknown
22:49:06.302753,-1.00341796875,0.34521484375,-0.219482421875,Unknown
22:49:06.310757,-1.0078125,0.2783203125,-0.284423828125,Unknown
22:49:06.343263,-0.99169921875,0.283447265625,-0.298828125,Unknown
22:49:06.344254,-0.969482421875,0.2451171875,-0.30322265625,Unknown
22:49:06.376768,-0.974365234375,0.196533203125,-0.296630859375,Unknown
22:49:06.377752,-0.990478515625,0.136474609375,-0.27001953125,Unknown
22:49:06.410749,-0.9873046875,0.110595703125,-0.238037109375,Unknown
22:49:06.411759,-1.0029296875,0.068359375,-0.2353515625,Unknown
22:49:06.444262,-0.984375,0.047119140625,-0.202880859375,Unknown
22:49:06.445252,-0.97900390625,0.010498046875,-0.217041015625,Unknown
22:49:06.459254,-0.90966796875,0.1162109375,-0.190673828125,Unknown
22:49:06.491761,-0.8994140625,0.210205078125,-0.2021484375,Unknown
22:49:06.492750,-0.91455078125,0.3447265625,-0.222900390625,Unknown
22:49:06.500753,-0.929443359375,0.485595703125,-0.146728515625,Unknown
22:49:06.532761,-0.93212890625,0.553466796875,-0.124267578125,Unknown
22:49:06.534261,-0.953125,0.626708984375,-0.12841796875,Unknown
22:49:06.557757,-0.984375,0.581298828125,-0.14404296875,Unknown
22:49:06.562762,-1.011962890625,0.47314453125,-0.127197265625,Unknown
22:49:06.596761,-1.05029296875,0.310546875,-0.152099609375,Unknown
22:49:06.597752,-1.073974609375,0.1318359375,-0.216796875,Unknown
22:49:06.632762,-1.06982421875,-0.041015625,-0.2783203125,Unknown
22:49:06.634249,-1.052734375,-0.194091796875,-0.31884765625,Unknown
22:49:06.666762,-1.020263671875,-0.3388671875,-0.34130859375,Unknown
22:49:06.667751,-0.990234375,-0.423095703125,-0.33056640625,Unknown
22:49:06.674264,-0.938720703125,-0.551513671875,-0.3798828125,Unknown
22:49:06.706762,-0.919677734375,-0.606689453125,-0.4150390625,Unknown
22:49:06.707753,-0.92041015625,-0.62109375,-0.390625,Unknown
22:49:06.740757,-0.934326171875,-0.59765625,-0.376708984375,Unknown
22:49:06.741758,-0.898193359375,-0.4931640625,-0.310546875,Unknown
22:49:06.774262,-0.9072265625,-0.3681640625,-0.254150390625,Unknown
22:49:06.775250,-0.902099609375,-0.25244140625,-0.22314453125,Unknown
22:49:06.807769,-0.895751953125,-0.11376953125,-0.23974609375,Unknown
22:49:06.809252,-0.89111328125,0.115234375,-0.2841796875,Unknown
22:49:06.816762,-0.886474609375,0.33984375,-0.29345703125,Unknown
22:49:06.849260,-0.912353515625,0.476806640625,-0.24658203125,Unknown
22:49:06.850752,-0.906494140625,0.523193359375,-0.186767578125,Unknown
22:49:06.864262,-0.880615234375,0.413330078125,-0.126220703125,Unknown
22:49:06.907760,-0.9072265625,0.20654296875,-0.11572265625,Unknown
22:49:06.909253,-0.848388671875,-0.091064453125,-0.15869140625,Unknown
22:49:06.941752,-0.8515625,-0.32177734375,-0.218505859375,Unknown
22:49:06.942749,-0.85009765625,-0.563720703125,-0.282470703125,Unknown
22:49:06.944750,-0.86328125,-0.701171875,-0.32666015625,Unknown
22:49:06.976763,-0.830078125,-0.66845703125,-0.350830078125,Unknown
22:49:06.977754,-0.832763671875,-0.614990234375,-0.39306640625,Unknown
22:49:07.011751,-0.8349609375,-0.497314453125,-0.401611328125,Unknown
22:49:07.013251,-0.86962890625,-0.240234375,-0.348388671875,Unknown
22:49:07.045761,-0.926025390625,-0.03662109375,-0.2802734375,Unknown
22:49:07.046751,-0.984130859375,0.14453125,-0.232666015625,Unknown
22:49:07.054261,-1.006591796875,0.2255859375,-0.19091796875,Unknown
22:49:07.088261,-1.048828125,0.2138671875,-0.177001953125,Unknown
22:49:07.089251,-1.025634765625,0.187255859375,-0.1640625,Unknown
22:49:07.121749,-1.01416015625,0.128662109375,-0.138916015625,Unknown
22:49:07.123250,-0.98828125,0.020263671875,-0.110595703125,Unknown
22:49:07.155761,-0.979248046875,-0.071533203125,-0.113037109375,Unknown
22:49:07.156753,-0.948486328125,-0.12451171875,-0.14013671875,Unknown
22:49:07.164263,-0.9296875,-0.170654296875,-0.178955078125,Unknown
22:49:07.198261,-0.91650390625,-0.191162109375,-0.227783203125,Unknown
22:49:07.199252,-0.9208984375,-0.20263671875,-0.25439453125,Unknown
22:49:07.231751,-0.93896484375,-0.19482421875,-0.2646484375,Unknown
22:49:07.233251,-0.958740234375,-0.181396484375,-0.294677734375,Unknown
22:49:07.249261,-0.95947265625,-0.14599609375,-0.282958984375,Unknown
22:49:07.281760,-0.95654296875,-0.151123046875,-0.266357421875,Unknown
22:49:07.283250,-0.9609375,-0.1376953125,-0.22607421875,Unknown
22:49:07.290761,-0.968017578125,-0.146240234375,-0.232666015625,Unknown
22:49:07.324262,-0.971923828125,-0.11962890625,-0.229248046875,Unknown
22:49:07.325750,-0.970703125,-0.116943359375,-0.215087890625,Unknown
22:49:07.358261,-0.9765625,-0.118408203125,-0.20361328125,Unknown
22:49:07.359251,-0.964599609375,-0.144287109375,-0.21728515625,Unknown
22:49:07.393251,-0.955078125,-0.14013671875,-0.199951171875,Unknown
22:49:07.394252,-0.94677734375,-0.1103515625,-0.19921875,Unknown
22:49:07.400750,-0.944091796875,-0.08203125,-0.197509765625,Unknown
22:49:07.433251,-0.945068359375,-0.0849609375,-0.216796875,Unknown
22:49:07.435748,-0.946533203125,-0.08203125,-0.2529296875,Unknown
22:49:07.469494,-0.941162109375,-0.0634765625,-0.271728515625,Unknown
22:49:07.470481,-0.939697265625,-0.053466796875,-0.247314453125,Unknown
22:49:07.502996,-0.93505859375,-0.03125,-0.240478515625,Unknown
22:49:07.505495,-0.945556640625,-0.01171875,-0.233154296875,Unknown
22:49:07.511981,-0.951904296875,-0.019775390625,-0.2607421875,Unknown
22:49:07.547995,-0.961669921875,-0.010009765625,-0.248291015625,Unknown
22:49:07.549487,-0.9619140625,-0.018798828125,-0.255615234375,Unknown
22:49:07.582995,-0.96533203125,0.003662109375,-0.22705078125,Unknown
22:49:07.584482,-0.988037109375,-0.00732421875,-0.208984375,Unknown
22:49:07.590496,-0.99609375,-0.04345703125,-0.219482421875,Unknown
22:49:07.625092,-0.989501953125,-0.017578125,-0.218994140625,Unknown
22:49:07.641648,-0.977783203125,0.015380859375,-0.220947265625,Unknown
22:49:07.643147,-0.97705078125,0.002685546875,-0.2275390625,Unknown
22:49:07.675647,-0.9609375,0.031005859375,-0.2158203125,Unknown
22:49:07.676646,-0.94140625,0.079833984375,-0.2109375,Unknown
22:49:07.711657,-0.9306640625,0.144775390625,-0.1962890625,Unknown
22:49:07.713146,-0.892822265625,0.087158203125,-0.2138671875,Unknown
22:49:07.717151,-0.927734375,-0.024169921875,-0.20654296875,Unknown
22:49:07.753159,-1.025390625,-0.169677734375,-0.224853515625,Unknown
22:49:07.754145,-1.158935546875,-1.1796875,-0.1494140625,Unknown
22:49:07.794651,-1.578125,-3.354736328125,-0.260498046875,Unknown
22:49:07.795648,-2.625,-4.302001953125,-0.8701171875,Unknown
22:49:07.796645,-3.56591796875,-4.210693359375,-1.56982421875,Unknown
22:49:07.829646,-3.115966796875,-4.1796875,-1.272705078125,Unknown
22:49:07.830648,-2.284912109375,-2.85791015625,-0.509765625,Unknown
22:49:07.863159,-1.262939453125,-1.30419921875,0.021728515625,Unknown
22:49:07.864149,0.73486328125,0.29248046875,0.31201171875,Start
22:49:07.897157,5.9921875,4.116943359375,-2.30615234375,InProgress
22:49:07.898147,7.999755859375,7.999755859375,-5.596923828125,InProgress
22:49:07.930659,2.996826171875,6.93701171875,-0.272705078125,Finish
22:49:07.932148,5.04833984375,1.869384765625,2.066650390625,Unknown
22:49:07.938165,3.638916015625,1.961669921875,-0.724609375,Unknown
22:49:07.970657,0.9677734375,-0.63330078125,-3.115478515625,Unknown
22:49:07.978159,-1.990478515625,-1.233642578125,-1.8603515625,Unknown
22:49:07.985658,-4.7451171875,-4.41748046875,-0.042724609375,Unknown
22:49:08.018157,-6.119384765625,-6.756591796875,4.27978515625,Unknown
22:49:08.032146,-5.875244140625,-4.5703125,2.995361328125,Unknown
22:49:08.033149,-4.95166015625,-5.17578125,-2.01904296875,Unknown
22:49:08.067157,-0.978515625,-5.548095703125,-1.677734375,Unknown
22:49:08.068147,1.826416015625,0.581787109375,-0.160400390625,Unknown
22:49:08.100658,7.999755859375,7.463134765625,-4.532958984375,Unknown
22:49:08.102145,6.025634765625,7.213134765625,-2.6298828125,Unknown
22:49:08.135657,4.26220703125,3.609619140625,0.359130859375,Finish
22:49:08.137146,2.36181640625,2.1982421875,-1.86865234375,Unknown
22:49:08.143157,-1.864013671875,-1.937255859375,-2.91015625,Unknown
22:49:08.188157,-8,-7.7587890625,-0.105224609375,Unknown
22:49:08.188649,-6.355224609375,-5.437255859375,3.390869140625,Unknown
22:49:08.190687,-6.114013671875,-3.98486328125,0.555419921875,Unknown
22:49:08.223231,-3.8662109375,-5.36474609375,-2.006103515625,Unknown
22:49:08.224217,-0.111083984375,0.5517578125,-0.851806640625,Unknown
22:49:08.258231,5.347412109375,7.999755859375,-2.216064453125,Unknown
22:49:08.260720,7.999755859375,6.510986328125,-2.302490234375,Unknown
22:49:08.293217,2.0458984375,4.867431640625,-0.617919921875,Unknown
22:49:08.294221,4.07958984375,2.20068359375,-1.516845703125,Unknown
22:49:08.301730,1.485107421875,-0.65185546875,-1.880859375,Unknown
22:49:08.334715,-1.87451171875,-3.72900390625,-0.627685546875,Unknown
22:49:08.335715,-6.7900390625,-8,3.214599609375,Unknown
22:49:08.368231,-4.96533203125,-6.061767578125,2.77587890625,Unknown
22:49:08.369217,-5.43212890625,-6.521728515625,-1.76513671875,Unknown
22:49:08.403229,-2.22119140625,-5.49609375,-1.776123046875,Unknown
22:49:08.404218,0.04833984375,-0.577880859375,0.389404296875,Unknown
22:49:08.416229,4.568603515625,2.3505859375,0.628662109375,Start
22:49:08.427729,7.999755859375,3.779052734375,-3.35546875,InProgress
22:49:08.460718,2.037109375,6.083740234375,-1.785400390625,Finish
22:49:08.461718,5.103515625,3.322021484375,-0.39453125,Unknown
22:49:08.494718,2.678466796875,1.743408203125,-1.211181640625,Unknown
22:49:08.495717,0.24365234375,0.1572265625,-1.496337890625,Unknown
22:49:08.529729,-3.173583984375,-2.589599609375,-0.6689453125,Unknown
22:49:08.530719,-8,-7.92041015625,1.5732421875,Unknown
22:49:08.538229,-6.28125,-5.374755859375,2.38916015625,Unknown
22:49:08.572229,-5.789794921875,-5.473876953125,-0.648681640625,Unknown
22:49:08.573220,-3.106689453125,-4.7998046875,-1.775146484375,Unknown
22:49:08.605729,-0.015625,-0.328369140625,-0.527587890625,Unknown
22:49:08.608229,4.958984375,4.5966796875,-0.593505859375,Unknown
22:49:08.640729,7.999755859375,5.09765625,-3.01220703125,Unknown
22:49:08.641719,1.046630859375,4.30322265625,-0.8515625,Unknown
22:49:08.649220,6.5576171875,2.272216796875,-1.304443359375,Unknown
22:49:08.683219,3.059326171875,0.88232421875,-1.27734375,Finish
22:49:08.684218,0.137939453125,-1.10400390625,-1.26318359375,Unknown
22:49:08.716730,-2.501220703125,-4.1904296875,-0.099853515625,Unknown
22:49:08.718221,-8,-8,2.563720703125,Unknown
22:49:08.751734,-5.7890625,-6.115478515625,0.924072265625,Unknown
22:49:08.752722,-5.3271484375,-6.848388671875,-1.7568359375,Unknown
22:49:08.760719,-1.89404296875,-3.78466796875,-0.926513671875,Unknown
22:49:08.793219,1.388916015625,0.273681640625,0.885009765625,Unknown
22:49:08.794216,7.999755859375,7.53369140625,-3.712646484375,Unknown
22:49:08.828229,6.697998046875,7.867431640625,-2.42724609375,Unknown
22:49:08.829229,3.786865234375,3.932861328125,-0.88232421875,Unknown
22:49:08.843220,3.650634765625,2.416748046875,-0.803955078125,Unknown
22:49:08.876720,1.159423828125,-0.26953125,-1.397705078125,Unknown
22:49:08.877720,-1.763916015625,-2.21875,-0.765380859375,Unknown
22:49:08.910719,-7.665283203125,-6.27880859375,0.412841796875,Unknown
22:49:08.911722,-5.855224609375,-5.9765625,2.283447265625,Unknown
22:49:08.918229,-6.340576171875,-6.05224609375,0.4833984375,Unknown
22:49:08.950730,-4.3427734375,-5.09912109375,-0.91162109375,Unknown
22:49:08.953229,-1.712890625,-2.78857421875,-0.281494140625,Unknown
22:49:08.986731,1.072509765625,0.002197265625,1.49951171875,Start
22:49:08.987717,7.408447265625,4.21044921875,-1.646240234375,InProgress
22:49:09.020719,7.999755859375,5.76025390625,-2.585693359375,InProgress
22:49:09.021718,4.70361328125,2.878173828125,-1.688720703125,Finish
22:49:09.028219,5.20556640625,3.095703125,0.98486328125,Unknown
22:49:09.061691,3.057861328125,0.327392578125,-1.900634765625,Unknown
22:49:09.063176,0.13427734375,0.1513671875,-1.78759765625,Unknown
22:49:09.095677,-3.4951171875,-1.367919921875,-2.099853515625,Unknown
22:49:09.096676,-7.78857421875,-7.589111328125,0.044677734375,Unknown
22:49:09.130677,-7.743896484375,-5.329833984375,3.36083984375,Unknown
22:49:09.131677,-6.6416015625,-5.1064453125,0.413330078125,Unknown
22:49:09.139190,-4.528564453125,-6.62744140625,-2.04296875,Unknown
22:49:09.171688,-0.893798828125,-2.476318359375,-0.8515625,Unknown
22:49:09.173175,2.91796875,0.8203125,1.73388671875,Unknown
22:49:09.205678,7.999755859375,0.9912109375,-2.476318359375,Unknown
22:49:09.206680,3.1904296875,7.010498046875,-1.937744140625,Unknown
22:49:09.239174,6.63232421875,3.12109375,-0.095703125,Start
22:49:09.240674,3.482177734375,2.016357421875,-1.03369140625,Finish
22:49:09.254190,0.888671875,0.333251953125,-2.163330078125,Unknown
22:49:09.286689,-2.27734375,-0.78515625,-2.41552734375,Unknown
22:49:09.288179,-7.37109375,-4.92822265625,-1.299072265625,Unknown
22:49:09.321690,-7.09716796875,-5.913330078125,2.112060546875,Unknown
22:49:09.323177,-6.0869140625,-5.220947265625,1.162353515625,Unknown
22:49:09.328181,-4.392822265625,-6.25830078125,-1.298828125,Unknown
22:49:09.360678,-1.009033203125,-3.843017578125,-0.5361328125,Unknown
22:49:09.361679,1.447021484375,-0.566650390625,1.80126953125,Unknown
22:49:09.394189,7.999755859375,2.50634765625,-1.033447265625,Unknown
22:49:09.395677,7.999755859375,7.751220703125,-2.365478515625,Unknown
22:49:09.428177,4.578857421875,3.730712890625,-1.289306640625,Unknown
22:49:09.429178,4.051025390625,3.7392578125,0.3037109375,Unknown
22:49:09.468190,1.2236328125,0.66357421875,-2.257080078125,Finish
22:49:09.469176,-2.16357421875,-0.109375,-2.558349609375,Unknown
22:49:09.470684,-7.455322265625,-3.19580078125,-2.1845703125,Unknown
22:49:09.504189,-6.529296875,-6.13671875,0.531005859375,Unknown
22:49:09.505678,-6.600341796875,-5.21728515625,1.04248046875,Unknown
22:49:09.538175,-4.54638671875,-4.996337890625,-1.33642578125,Unknown
22:49:09.539175,-1.575439453125,-4.35498046875,-1.46923828125,Unknown
22:49:09.573190,0.7412109375,-0.015869140625,-0.14794921875,Unknown
22:49:09.574177,6.22021484375,5.54833984375,-1.121337890625,Unknown
22:49:09.581684,7.999755859375,5.878662109375,-1.284423828125,Unknown
22:49:09.620690,3.29150390625,4.270263671875,-0.243896484375,Unknown
22:49:09.621677,5.18359375,2.880859375,-0.66796875,Unknown
22:49:09.629180,2.06689453125,0.72802734375,-1.651611328125,Unknown
22:49:09.661678,-0.21435546875,-0.07763671875,-1.828125,Unknown
22:49:09.663178,-3.523681640625,-1.416015625,-1.943603515625,Unknown
22:49:09.676690,-4.12890625,-6.31298828125,-0.788818359375,Unknown
22:49:09.709189,-6.260009765625,-7.292236328125,1.642822265625,Unknown
22:49:09.710677,-4.770751953125,-6.847412109375,0.658935546875,Unknown
22:49:09.744412,-3.01318359375,-8,-1.55615234375,Unknown
22:49:09.745401,-0.466552734375,-5.386474609375,-1.01123046875,Unknown
22:49:09.778402,1.22998046875,-1.6162109375,0.85498046875,Start
22:49:09.779403,5.76123046875,1.02294921875,0.887451171875,InProgress
22:49:09.786914,7.999755859375,6.513916015625,-2.8994140625,InProgress
22:49:09.819414,3.708740234375,7.666259765625,-1.649658203125,Finish
22:49:09.820401,5.465576171875,5.177001953125,0.138916015625,Unknown
22:49:09.853401,2.057373046875,1.693359375,-2.716064453125,Unknown
22:49:09.854403,-0.52392578125,0.863037109375,-2.33935546875,Unknown
22:49:09.886914,-3.3603515625,-2.0927734375,-2.316650390625,Unknown
22:49:09.887901,-4.9814453125,-5.8984375,-1.80419921875,Unknown
22:49:09.920904,-6.870849609375,-6.894287109375,0.24853515625,Unknown
22:49:09.921898,-5.26220703125,-6.435546875,-0.213623046875,Unknown
22:49:09.929405,-3.46337890625,-6.457275390625,-1.3115234375,Unknown
22:49:09.961902,0.03173828125,-3.6181640625,-0.668701171875,Unknown
22:49:09.962900,3.669921875,0.32666015625,1.10546875,Unknown
22:49:09.996900,7.999755859375,1.621826171875,-0.87060546875,Unknown
22:49:09.997899,4.1982421875,6.833984375,-1.189453125,Unknown
22:49:10.030904,4.38037109375,4.516357421875,0.24658203125,Start
22:49:10.031903,3.5546875,3.587646484375,-0.98095703125,Finish
22:49:10.039414,1.08935546875,1.23828125,-3.16015625,Unknown
22:49:10.071905,-1.244873046875,0.789306640625,-3.2021484375,Unknown
22:49:10.072901,-4.572998046875,-0.458984375,-3.54248046875,Unknown
22:49:10.109414,-4.418212890625,-2.815185546875,-2.982666015625,Unknown
22:49:10.110903,-4.589599609375,-6.4560546875,-0.279052734375,Unknown
22:49:10.118412,-5.11083984375,-6.295654296875,1.081787109375,Unknown
22:49:10.150912,-3.076171875,-5.4228515625,-0.729736328125,Unknown
22:49:10.151903,-0.34228515625,-6.533447265625,-2.21875,Unknown
22:49:10.185912,1.587646484375,-1.82470703125,1.15771484375,Unknown
22:49:10.186902,6.25146484375,-0.89453125,1.88330078125,Unknown
22:49:10.219424,7.999755859375,2.369140625,0.17236328125,Unknown
22:49:10.220402,6.26171875,5.462890625,-2.72119140625,Unknown
22:49:10.229412,4.107177734375,5.523681640625,-0.110107421875,Unknown
22:49:10.261902,3.146728515625,3.600830078125,-2.074951171875,Finish
22:49:10.262901,0.429443359375,2.690673828125,-3.02197265625,Unknown
22:49:10.296912,-2.3095703125,1.318603515625,-3.449462890625,Unknown
22:49:10.297900,-4.621826171875,-0.74365234375,-3.297607421875,Unknown
22:49:10.330911,-4.92724609375,-4.53369140625,-2.144287109375,Unknown
22:49:10.331902,-6.314697265625,-7.0830078125,0.768798828125,Unknown
22:49:10.339412,-4.902099609375,-4.8115234375,-0.199951171875,Unknown
22:49:10.373411,-2.990966796875,-6.62841796875,-2.64892578125,Unknown
22:49:10.374401,-0.176025390625,-2.268310546875,-1.516845703125,Unknown
22:49:10.406912,3.23681640625,1.989013671875,2.02783203125,Unknown
22:49:10.407902,7.999755859375,3.038330078125,-0.181884765625,Unknown
22:49:10.443411,5.13818359375,6.697998046875,-0.090576171875,Unknown
22:49:10.444402,4.633544921875,4.01318359375,-0.09423828125,Unknown
22:49:10.450910,3.255126953125,2.598388671875,-0.9775390625,Unknown
22:49:10.483410,1.20458984375,1.0732421875,-2.28271484375,Finish
22:49:10.484403,-1.21923828125,-0.042236328125,-3.21728515625,Unknown
22:49:10.498405,-4.42724609375,-2.80078125,-3.513671875,Unknown
22:49:10.530911,-4.31494140625,-7.5205078125,-0.97216796875,Unknown
22:49:10.531903,-6.4033203125,-6.609130859375,0.068115234375,Unknown
22:49:10.565911,-4.4609375,-5.795654296875,-2.4052734375,Unknown
22:49:10.566902,-2.299072265625,-7.735107421875,-3.099853515625,Unknown
22:49:10.599412,-0.749267578125,-2.43603515625,-0.409423828125,Unknown
22:49:10.601901,1.49951171875,-0.756591796875,1.915283203125,Unknown
22:49:10.608410,5.825439453125,-0.757080078125,-0.732666015625,Unknown
22:49:10.640912,7.999755859375,6.2783203125,-0.689453125,Unknown
22:49:10.641903,5.606201171875,5.1171875,-1.708251953125,Unknown
22:49:10.675905,4.573486328125,5.371337890625,2.20751953125,Unknown
22:49:10.676902,3.55322265625,2.245849609375,-1.3603515625,Unknown
22:49:10.709400,0.7119140625,1.50439453125,-2.4541015625,Finish
22:49:10.710400,-1.558837890625,0.877685546875,-3.19482421875,Unknown
22:49:10.719412,-4.91552734375,-1.486083984375,-4.2021484375,Unknown
22:49:10.748410,-5.007080078125,-4.894775390625,-2.744140625,Unknown
22:49:10.749399,-5.7978515625,-6.05517578125,-0.71630859375,Unknown
22:49:10.781901,-5.0009765625,-5.47412109375,-2.133056640625,Unknown
22:49:10.783401,-3.043701171875,-7.223876953125,-2.65673828125,Unknown
22:49:10.816912,-0.38134765625,-4.067626953125,-0.51171875,Unknown
22:49:10.817900,0.76318359375,-0.91259765625,1.006591796875,Unknown
22:49:10.850901,6.013427734375,-1.1083984375,1.34033203125,Unknown
22:49:10.851906,7.999755859375,3.3388671875,0.94775390625,Unknown
22:49:10.885902,5.484375,5.078369140625,-1.956298828125,Unknown
22:49:10.886901,4.303466796875,5.452880859375,0.653076171875,Unknown
22:49:10.900901,3.2314453125,2.8916015625,-2.00634765625,Unknown
22:49:10.908401,0.565185546875,1.866455078125,-3.46875,Unknown
22:49:10.940902,-1.489990234375,1.047607421875,-3.8515625,Unknown
22:49:10.943401,-4.328125,-0.0703125,-4.325439453125,Unknown
22:49:10.975901,-5.1162109375,-2.552490234375,-3.39794921875,Unknown
22:49:10.976901,-5.200927734375,-5.90625,-0.427978515625,Unknown
22:49:11.010912,-5.56982421875,-5.529296875,-0.097900390625,Unknown
22:49:11.011899,-3.2890625,-6.205078125,-1.044189453125,Unknown
22:49:11.019412,-1.351806640625,-5.56201171875,-0.9765625,Unknown
22:49:11.052929,0.063720703125,-2.201171875,0.83837890625,Unknown
22:49:11.054415,3.972412109375,-2.63330078125,1.7265625,Start
22:49:11.086928,7.999755859375,1.248779296875,0.982177734375,InProgress
22:49:11.087918,6.452880859375,6.38427734375,-2.107666015625,Finish
22:49:11.121916,5.43408203125,5.382080078125,-0.633056640625,Unknown
22:49:11.122927,3.776611328125,3.652099609375,-0.61474609375,Unknown
22:49:11.130417,1.874755859375,1.339599609375,-3.190673828125,Unknown
22:49:11.162925,-0.5791015625,0.810791015625,-3.175048828125,Unknown
22:49:11.164416,-3.9609375,-0.513427734375,-3.30224609375,Unknown
22:49:11.196917,-5.088623046875,-3.658203125,-2.6142578125,Unknown
22:49:11.197916,-6.01025390625,-5.167724609375,-0.19677734375,Unknown
22:49:11.230916,-6.28955078125,-4.364501953125,0.774658203125,Unknown
22:49:11.231917,-4.601318359375,-4.96875,-1.068603515625,Unknown
22:49:11.240429,-2.046875,-5.398193359375,-0.89990234375,Unknown
22:49:11.272929,-0.549072265625,-1.889404296875,-0.089599609375,Unknown
22:49:11.274418,2.31640625,-0.765869140625,1.24072265625,Unknown
22:49:11.307928,7.999755859375,-1.42724609375,-0.883056640625,Start
22:49:11.309420,7.96142578125,6.056884765625,-0.967529296875,Finish
22:49:11.322927,4.764892578125,3.845458984375,-1.453125,Unknown
22:49:11.355429,4.002197265625,4.424560546875,1.392578125,Unknown
22:49:11.356918,3.70947265625,1.4404296875,-2.51171875,Unknown
22:49:11.387927,0.68359375,1.03515625,-2.211669921875,Unknown
22:49:11.389427,-0.7998046875,0.2080078125,-2.470703125,Unknown
22:49:11.421927,-4.20068359375,-1.099365234375,-3.056396484375,Unknown
22:49:11.422927,-5.20068359375,-5.03515625,-1.78466796875,Unknown
22:49:11.430417,-6.372802734375,-5.184326171875,0.597900390625,Unknown
22:49:11.462917,-5.868408203125,-5.0341796875,-0.218017578125,Unknown
22:49:11.464418,-4.122802734375,-6.50927734375,-1.907470703125,Unknown
22:49:11.497920,-1.6884765625,-4.57373046875,-0.84375,Unknown
22:49:11.499418,-0.651611328125,-1.54150390625,-0.061767578125,Unknown
22:49:11.531918,2.631591796875,-1.341064453125,1.4345703125,Start
22:49:11.532919,7.999755859375,-2.278564453125,-0.654052734375,InProgress
22:49:11.540429,7.63427734375,6.716552734375,-2.478515625,Finish
22:49:11.559429,4.642333984375,4.30126953125,-1.33203125,Unknown
22:49:11.591929,4.341796875,4.087158203125,0.533935546875,Unknown
22:49:11.594427,2.85986328125,1.753662109375,-1.911376953125,Unknown
22:49:11.626929,0.651611328125,1.25,-2.19189453125,Unknown
22:49:11.627927,-1.99755859375,-0.067626953125,-3.09716796875,Unknown
22:49:11.635427,-5.4189453125,-2.159912109375,-2.96728515625,Unknown
22:49:11.672915,-5.07373046875,-5.950927734375,-0.926513671875,Unknown
22:49:11.674418,-5.8037109375,-5.394287109375,0.458984375,Unknown
22:49:11.706922,-4.5888671875,-6.206787109375,-0.47802734375,Unknown
22:49:11.707918,-3.035888671875,-6.334716796875,-0.3857421875,Unknown
22:49:11.721929,-0.913818359375,-3.484619140625,0.07177734375,Unknown
22:49:11.754429,0.911376953125,-1.3759765625,0.872802734375,Start
22:49:11.755416,6.3515625,-1.257080078125,0.4619140625,InProgress
22:49:11.761919,7.999755859375,5.328857421875,0.047607421875,InProgress
22:49:11.795425,5.37548828125,4.81787109375,-1.799560546875,Finish
22:49:11.796917,4.330322265625,5.024169921875,0.633544921875,Unknown
22:49:11.829417,3.207763671875,2.9970703125,-2.58837890625,Unknown
22:49:11.830414,0.18603515625,1.42431640625,-3.752197265625,Unknown
22:49:11.864429,-2.30322265625,0.4775390625,-4.019287109375,Unknown
22:49:11.865427,-4.878173828125,-1.23388671875,-4.180908203125,Unknown
22:49:11.872929,-4.744140625,-4.249267578125,-2.404541015625,Unknown
22:49:11.905428,-6.3662109375,-5.00439453125,0.870849609375,Unknown
22:49:11.906927,-4.922119140625,-4.95263671875,0.6083984375,Unknown
22:49:11.939419,-2.883056640625,-6.7158203125,-0.614013671875,Unknown
22:49:11.940420,-0.53955078125,-3.7626953125,-0.732177734375,Unknown
22:49:11.973416,3.2353515625,-1.5751953125,2.20556640625,Unknown
22:49:11.974417,7.999755859375,-2.086669921875,0.62158203125,Unknown
22:49:12.028415,6.888427734375,5.640869140625,-0.546875,Finish
22:49:12.029416,6.03662109375,4.42822265625,-1.37744140625,Unknown
22:49:12.030412,3.343017578125,4.32275390625,-0.705810546875,Unknown
22:49:12.031916,1.8974609375,1.733642578125,-4.42529296875,Unknown
22:49:12.064412,-0.96240234375,1.675537109375,-3.903076171875,Unknown
22:49:12.065427,-3.31640625,0.065673828125,-3.940673828125,Unknown
22:49:12.099671,-5.14453125,-1.881591796875,-3.097412109375,Unknown
22:49:12.100670,-5.714599609375,-4.10888671875,-0.659912109375,Unknown
22:49:12.133181,-6.028076171875,-4.94677734375,1.86767578125,Unknown
22:49:12.134172,-4.64599609375,-5.026123046875,0.863037109375,Unknown
22:49:12.141668,-2.630126953125,-5.511474609375,-0.948974609375,Unknown
22:49:12.175680,-0.603515625,-3.410400390625,-1.007568359375,Unknown
22:49:12.176671,3.136474609375,-0.623779296875,1.7578125,Unknown
22:49:12.209677,7.999755859375,0.221923828125,-0.08251953125,Unknown
22:49:12.210671,5.948974609375,5.7373046875,-1.453125,Unknown
22:49:12.244676,4.90673828125,4.054931640625,-0.640380859375,Finish
22:49:12.245679,3.88720703125,3.102294921875,-0.6796875,Unknown
22:49:12.251679,1.91064453125,0.90478515625,-2.8544921875,Unknown
22:49:12.284677,-0.2841796875,0.64697265625,-2.625,Unknown
22:49:12.285671,-3.237060546875,-0.826416015625,-3.2333984375,Unknown
22:49:12.318186,-5.880615234375,-3.530517578125,-2.7333984375,Unknown
22:49:12.319171,-5.797119140625,-4.14599609375,-0.694091796875,Unknown
22:49:12.352178,-5.73876953125,-3.578125,0.547119140625,Unknown
22:49:12.353170,-4.347412109375,-4.52392578125,-0.177978515625,Unknown
22:49:12.385682,-2.435546875,-5.4208984375,-0.26416015625,Unknown
22:49:12.386671,-0.78369140625,-2.6767578125,-0.184326171875,Unknown
22:49:12.394677,1.52001953125,-1.280029296875,0.3759765625,Unknown
22:49:12.428185,7.999755859375,-0.850830078125,0.4951171875,Unknown
22:49:12.429172,7.999755859375,4.44677734375,0.390380859375,Unknown
22:49:12.462173,6.029541015625,4.661376953125,-1.16162109375,Finish
22:49:12.463169,3.976318359375,4.59521484375,0.48876953125,Unknown
22:49:12.497169,3.001953125,3.54736328125,-2.899169921875,Unknown
22:49:12.498173,-0.002685546875,1.112548828125,-4.73095703125,Unknown
22:49:12.505681,-2.986328125,0.53955078125,-4.677490234375,Unknown
22:49:12.538180,-4.879150390625,-1.643310546875,-4.2314453125,Unknown
22:49:12.539169,-5.083984375,-4.08251953125,-2.492919921875,Unknown
22:49:12.572170,-5.815185546875,-3.872802734375,0.246826171875,Unknown
22:49:12.573179,-4.345947265625,-4.6591796875,-0.173095703125,Unknown
22:49:12.583181,-3.053955078125,-6.2158203125,-0.70166015625,Unknown
22:49:12.615669,-0.19921875,-3.87890625,-0.16748046875,Unknown
22:49:12.616671,1.0166015625,-1.603271484375,1.146240234375,Unknown
22:49:12.668180,6.430419921875,-1.67724609375,0.2861328125,Start
22:49:12.669670,7.999755859375,3.69482421875,0.621826171875,InProgress
22:49:12.670667,5.439208984375,4.503173828125,-1.526123046875,Finish
22:49:12.678181,4.597900390625,4.78564453125,0.605224609375,Unknown
22:49:12.710679,3.745361328125,2.992919921875,-1.898681640625,Unknown
22:49:12.711672,1.24951171875,1.518798828125,-3.4833984375,Unknown
22:49:12.744680,-0.440673828125,1.297119140625,-2.894775390625,Unknown
22:49:12.745671,-2.706787109375,0.0712890625,-3.077392578125,Unknown
22:49:12.778181,-5.97998046875,-2.65478515625,-2.827392578125,Unknown
22:49:12.779173,-6.61767578125,-4.794677734375,-1.182373046875,Unknown
22:49:12.812171,-6.42724609375,-4.518798828125,-0.360595703125,Unknown
22:49:12.813169,-5.343017578125,-5.13037109375,-1.218017578125,Unknown
22:49:12.820679,-3.728759765625,-4.819580078125,-0.87841796875,Unknown
22:49:12.854680,-1.7978515625,-2.0478515625,-0.436767578125,Unknown
22:49:12.855671,-0.192138671875,-0.98828125,-0.0205078125,Unknown
22:49:12.888180,3.477294921875,-0.491943359375,0.141357421875,Start
22:49:12.889172,7.999755859375,1.253662109375,-1.779296875,InProgress
22:49:12.923179,4.7158203125,4.1826171875,-1.229736328125,Finish
22:49:12.924670,6.080078125,2.562744140625,0.56591796875,Unknown
22:49:12.932168,4.354248046875,3.051513671875,0.982666015625,Unknown
22:49:12.964671,3.162841796875,0.190673828125,-2.598388671875,Unknown
22:49:12.965680,0.74609375,0.683837890625,-1.720703125,Unknown
22:49:12.999680,-1.354736328125,-0.19140625,-2.068603515625,Unknown
22:49:13.000671,-6.91357421875,-1.36279296875,-2.614501953125,Unknown
22:49:13.033180,-5.4736328125,-4.190185546875,-1.181884765625,Unknown
22:49:13.034684,-6.24951171875,-4.49267578125,-0.38037109375,Unknown
22:49:13.042180,-5.604248046875,-5.206787109375,-1.412109375,Unknown
22:49:13.074680,-3.809326171875,-6.133544921875,-1.472900390625,Unknown
22:49:13.075671,-1.878173828125,-3.254150390625,0.037841796875,Unknown
22:49:13.109680,-0.2900390625,-2.11181640625,0.75244140625,Unknown
22:49:13.110671,3.27734375,-2.000244140625,1.3935546875,Unknown
22:49:13.143179,7.999755859375,-0.9296875,0.435302734375,Start
22:49:13.144172,6.96337890625,4.80126953125,-0.7470703125,Finish
22:49:13.153168,6.01025390625,3.683837890625,-0.120849609375,Unknown
22:49:13.185679,3.558349609375,3.90087890625,1.396728515625,Unknown
22:49:13.187172,3.176513671875,2.265380859375,-4.065185546875,Unknown
22:49:13.219680,-0.464599609375,1.38818359375,-4.195068359375,Unknown
22:49:13.220672,-2.63037109375,0.8720703125,-3.813232421875,Unknown
22:49:13.254680,-5.8408203125,-0.53955078125,-4.072265625,Unknown
22:49:13.255671,-5.472412109375,-1.500244140625,-3.403564453125,Unknown
22:49:13.263181,-5.985595703125,-3.07421875,-2.00732421875,Unknown
22:49:13.308180,-4.880126953125,-3.998046875,-1.116455078125,Unknown
22:49:13.309170,-3.573486328125,-4.52685546875,-0.3994140625,Unknown
22:49:13.310668,-1.541748046875,-3.287109375,0.522705078125,Unknown
22:49:13.343181,0.572021484375,-2.99169921875,0.40234375,Unknown
22:49:13.344170,5.51513671875,-1.174072265625,0.4580078125,Unknown
22:49:13.378182,7.999755859375,1.367431640625,2.193359375,Start
22:49:13.379174,6.064453125,3.288818359375,0.864990234375,Finish
22:49:13.412020,5.375732421875,3.707763671875,0.24072265625,Unknown
22:49:13.413008,3.043212890625,2.667236328125,-1.1337890625,Unknown
22:49:13.422020,2.2431640625,1.586669921875,-3.961669921875,Unknown
22:49:13.454513,-0.3916015625,2.192138671875,-3.24267578125,Unknown
22:49:13.455513,-1.8896484375,1.56689453125,-3.295166015625,Unknown
22:49:13.489513,-5.52685546875,0.892333984375,-3.506591796875,Unknown
22:49:13.490517,-5.85205078125,-0.538818359375,-3.067138671875,Unknown
22:49:13.523513,-5.827880859375,-1.22412109375,-2.326171875,Unknown
22:49:13.524509,-5.184814453125,-3.27978515625,-0.684326171875,Unknown
22:49:13.531516,-4.463623046875,-4.1513671875,1.00634765625,Unknown
22:49:13.564512,-3.39892578125,-3.80810546875,1.1474609375,Unknown
22:49:13.565518,-2.3486328125,-3.89990234375,-0.980224609375,Unknown
22:49:13.579513,0.35595703125,-3.681640625,-0.755859375,Unknown
22:49:13.611887,3.53955078125,-1.4658203125,1.13720703125,Start
22:49:13.613378,7.999755859375,0.22265625,1.75439453125,InProgress
22:49:13.645756,6.783203125,4.754150390625,-2.431640625,Finish
22:49:13.646747,6.37841796875,3.9423828125,-1.219482421875,Unknown
22:49:13.679259,4.115966796875,3.12744140625,-0.05419921875,Unknown
22:49:13.680746,2.502685546875,1.35107421875,-2.22412109375,Unknown
22:49:13.712948,0.49951171875,1.28173828125,-1.800048828125,Unknown
22:49:13.714447,-1.867919921875,0.47265625,-2.34228515625,Unknown
22:49:13.721947,-7.185791015625,-0.881103515625,-2.763671875,Unknown
22:49:13.754447,-5.957763671875,-2.89794921875,-2.02294921875,Unknown
22:49:13.755445,-6.3291015625,-3.864990234375,-1.01123046875,Unknown
22:49:13.789448,-5.720458984375,-4.086181640625,-1.012451171875,Unknown
22:49:13.790438,-3.973388671875,-4.48046875,-0.85498046875,Unknown
22:49:13.822948,-2.569580078125,-2.978271484375,0.22607421875,Unknown
22:49:13.824447,-0.109375,-1.705078125,0.5263671875,Unknown
22:49:13.831937,3.95751953125,-2.427734375,-0.80810546875,Unknown
22:49:13.864447,7.999755859375,0.6123046875,0.32861328125,Start
22:49:13.865438,5.93310546875,2.84033203125,1.276123046875,Finish
22:49:13.897948,7.034423828125,2.986572265625,0.5771484375,Unknown
22:49:13.899443,3.05908203125,4.0341796875,0.862060546875,Unknown
22:49:13.947948,2.36376953125,2.959228515625,-1.95166015625,Unknown
22:49:13.949439,0.214111328125,1.662841796875,-3.96484375,Unknown
22:49:13.950447,-3.552490234375,1.7724609375,-3.927490234375,Unknown
22:49:13.957950,-6.464599609375,0.46728515625,-3.888427734375,Unknown
22:49:13.990439,-5.62939453125,0.5556640625,-3.82666015625,Unknown
22:49:13.997938,-5.634033203125,-0.26611328125,-3.580810546875,Unknown
22:49:14.005448,-4.768798828125,-1.642333984375,-2.741943359375,Unknown
22:49:14.039446,-3.063720703125,-2.971435546875,-0.557373046875,Unknown
22:49:14.040438,-2.517822265625,-3.3095703125,1.63623046875,Unknown
22:49:14.072948,-1.375,-2.86572265625,0.679931640625,Unknown
22:49:14.074447,1.069580078125,-4.422119140625,-1.279052734375,Start
22:49:14.107948,6.044921875,-0.736572265625,0.511962890625,InProgress
22:49:14.109442,7.999755859375,2.33984375,2.34912109375,InProgress
22:49:14.116943,6.8427734375,3.754150390625,-0.904541015625,Finish
22:49:14.149446,5.638916015625,4.6923828125,-0.28955078125,Unknown
22:49:14.150438,3.4443359375,3.23486328125,-1.616455078125,Unknown
22:49:14.182951,1.3447265625,2.07080078125,-2.985107421875,Unknown
22:49:14.184443,-1.068359375,1.606201171875,-3.1025390625,Unknown
22:49:14.216942,-4.5419921875,0.3779296875,-3.92626953125,Unknown
22:49:14.217938,-6.389404296875,-1.261474609375,-4.088623046875,Unknown
22:49:14.250436,-6.125244140625,-1.10693359375,-3.679931640625,Unknown
22:49:14.251942,-4.999755859375,-4.09521484375,-1.185302734375,Unknown
22:49:14.257949,-4.095947265625,-5.133544921875,1.111328125,Unknown
22:49:14.291946,-3.59130859375,-5.587646484375,0.602294921875,Unknown
22:49:14.292940,-1.595947265625,-4.943115234375,-1.4423828125,Unknown
22:49:14.325448,0.28857421875,-3.32763671875,-0.45751953125,Unknown
22:49:14.326944,4.007568359375,-2.102294921875,2.5361328125,Start
22:49:14.360448,7.999755859375,0.4453125,1.532470703125,InProgress
22:49:14.361943,7.627685546875,5.607666015625,-3.28076171875,Finish
22:49:14.369441,6.9267578125,5.475341796875,-2.28759765625,Unknown
22:49:14.401946,3.4287109375,4.221435546875,0.451416015625,Unknown
22:49:14.402935,2.806396484375,2.361083984375,-2.005126953125,Unknown
22:49:14.435942,0.505615234375,1.37353515625,-2.56396484375,Unknown
22:49:14.436944,-1.652587890625,0.341796875,-2.896728515625,Unknown
22:49:14.469445,-6.192626953125,-1.322998046875,-3.700927734375,Unknown
22:49:14.470438,-4.718505859375,-4.687255859375,-1.65283203125,Unknown
22:49:14.502949,-5.302978515625,-5.1171875,1.64990234375,Unknown
22:49:14.504446,-4.812255859375,-4.95068359375,0.8466796875,Unknown
22:49:14.511945,-3.791015625,-5.505859375,-1.8623046875,Unknown
22:49:14.545943,-1.51171875,-4.860107421875,-1.67919921875,Unknown
22:49:14.546944,-0.25390625,-0.855224609375,0.398193359375,Unknown
22:49:14.588442,2.943603515625,0.337890625,1.85400390625,Start
22:49:14.590448,7.999755859375,0.490234375,-1.270751953125,InProgress
22:49:14.591943,4.869140625,5.958984375,-0.929443359375,Finish
22:49:14.624445,5.8779296875,4.7060546875,0.546630859375,Unknown
22:49:14.625441,3.0068359375,3.792724609375,0.420166015625,Unknown
22:49:14.659444,1.72119140625,2.05419921875,-2.74951171875,Unknown
22:49:14.660439,-0.4638671875,1.308837890625,-3.087646484375,Unknown
22:49:14.692948,-2.8740234375,0.57177734375,-3.360595703125,Unknown
22:49:14.694445,-6.18408203125,-1.19091796875,-3.923828125,Unknown
22:49:14.700952,-4.4892578125,-3.221435546875,-2.551513671875,Unknown
22:49:14.733438,-5.189697265625,-3.874755859375,-0.124755859375,Unknown
22:49:14.734441,-4.1640625,-3.7421875,-0.228759765625,Unknown
22:49:14.766945,-2.79541015625,-5.191650390625,-1.1083984375,Unknown
22:49:14.767937,-1.46142578125,-4.912841796875,-0.652099609375,Unknown
22:49:14.800941,0.246337890625,-1.771728515625,0.382080078125,Unknown
22:49:14.801945,2.77587890625,-1.647216796875,0.711181640625,Start
22:49:14.834449,7.999755859375,-2.113037109375,0.674072265625,InProgress
22:49:14.835438,7.139892578125,6.16845703125,-0.531005859375,Finish
22:49:14.868440,6.6328125,5.46630859375,0.281005859375,Unknown
22:49:14.869443,3.251708984375,3.9775390625,1.108642578125,Unknown
22:49:14.875451,1.675537109375,2.025146484375,-2.8076171875,Unknown
22:49:14.909449,-1.003662109375,1.85693359375,-3.54296875,Unknown
22:49:14.910437,-2.872802734375,1.573974609375,-3.5625,Unknown
22:49:14.943437,-4.964111328125,1.292236328125,-3.60595703125,Unknown
22:49:14.944434,-5.573974609375,0.94482421875,-3.377685546875,Unknown
22:49:14.978439,-4.8046875,-0.236572265625,-2.55029296875,Unknown
22:49:14.979440,-4.294677734375,-2.18701171875,-1.365478515625,Unknown
22:49:14.985943,-3.64208984375,-3.814697265625,-0.296875,Unknown
22:49:15.018442,-3.207763671875,-3.978515625,-0.079833984375,Unknown
22:49:15.019448,-0.651611328125,-3.788330078125,-0.178955078125,Unknown
22:49:15.051942,1.582763671875,-4.994140625,0.534423828125,Start
22:49:15.052938,5.9736328125,-1.611328125,1.423583984375,InProgress
22:49:15.085947,7.999755859375,2.984619140625,1.0224609375,InProgress
22:49:15.086945,5.794921875,4.71826171875,-1.418212890625,Finish
22:49:15.120946,5.289306640625,4.2763671875,-0.364990234375,Unknown
22:49:15.121947,2.50537109375,3.12060546875,-1.21044921875,Unknown
22:49:15.127948,1.1494140625,2.337890625,-1.521484375,Unknown
22:49:15.161940,-0.396728515625,2.0400390625,-2.587646484375,Unknown
22:49:15.162938,-2.718994140625,1.2626953125,-3.873046875,Unknown
22:49:15.195948,-6.105712890625,0.05029296875,-4.220458984375,Unknown
22:49:15.196942,-5.647705078125,-1.302734375,-3.6044921875,Unknown
22:49:15.228443,-4.779541015625,-3.27099609375,-2.348388671875,Unknown
22:49:15.230947,-4.3349609375,-4.69677734375,-0.95361328125,Unknown
22:49:15.238443,-3.35009765625,-6.173095703125,-0.16552734375,Unknown
22:49:15.270950,-2.024169921875,-5.329833984375,-0.271240234375,Unknown
22:49:15.271938,-0.638671875,-3.19970703125,-0.8515625,Unknown
22:49:15.305768,0.998291015625,-2.7939453125,-0.055419921875,Start
22:49:15.306759,3.71630859375,-1.123046875,1.160888671875,InProgress
22:49:15.339754,7.999755859375,2.112548828125,1.119140625,InProgress
22:49:15.340757,6.760498046875,7.999755859375,-2.85888671875,Finish
22:49:15.373271,5.416748046875,6.375244140625,0.31298828125,Unknown
22:49:15.374257,3.586181640625,3.455810546875,-0.97998046875,Unknown
22:49:15.380768,1.53173828125,1.841796875,-1.724609375,Unknown
22:49:15.415766,0.225341796875,0.769287109375,-1.71044921875,Unknown
22:49:15.416758,-1.568115234375,-0.237060546875,-2.672119140625,Unknown
22:49:15.449266,-4.419921875,-2.276611328125,-2.90966796875,Unknown
22:49:15.450766,-4.49755859375,-5.93798828125,-1.04736328125,Unknown
22:49:15.459762,-4.4140625,-6.817626953125,0.377685546875,Unknown
22:49:15.492256,-3.78125,-6.935546875,-0.75341796875,Unknown
22:49:15.493256,-2.548828125,-6.62255859375,-1.424560546875,Unknown
22:49:15.525767,-0.46044921875,-3.391357421875,-0.89013671875,Unknown
22:49:15.526757,1.17822265625,-1.27099609375,0.860595703125,Unknown
22:49:15.560768,4.8232421875,0.658203125,0.476318359375,Start
22:49:15.561758,7.999755859375,3.190673828125,0.157470703125,InProgress
22:49:15.570767,4.612060546875,6.45751953125,-2.0732421875,Finish
22:49:15.603266,4.299072265625,5.69482421875,0.492919921875,Unknown
22:49:15.604757,2.613037109375,3.56005859375,-1.335205078125,Unknown
22:49:15.637264,0.503662109375,1.412109375,-3.14404296875,Unknown
22:49:15.638266,-1.440673828125,0.892578125,-3.219482421875,Unknown
22:49:15.671766,-3.932373046875,-0.654541015625,-4.009521484375,Unknown
22:49:15.673254,-3.9130859375,-2.807373046875,-3.377685546875,Unknown
22:49:15.680767,-4.029052734375,-5.3994140625,-0.135986328125,Unknown
22:49:15.715766,-4.481689453125,-5.52734375,1.48291015625,Unknown
22:49:15.716759,-2.94775390625,-6.099609375,-0.822998046875,Unknown
22:49:15.749756,-0.84033203125,-6.751708984375,-2.4716796875,Unknown
22:49:15.750758,0.4287109375,-1.680419921875,0.001953125,Unknown
22:49:15.759756,3.117919921875,-0.43408203125,2.420654296875,Unknown
22:49:15.791757,7.999755859375,0.446533203125,0.62548828125,Start
22:49:15.793254,7.5205078125,6.0576171875,-2.121337890625,Finish
22:49:15.825768,5.2841796875,4.897705078125,-1.78076171875,Unknown
22:49:15.826760,3.2099609375,3.894287109375,0.052001953125,Unknown
22:49:15.868268,2.041748046875,2.31298828125,-1.786376953125,Unknown
22:49:15.869258,0.03662109375,1.656494140625,-2.6650390625,Unknown
22:49:15.870257,-2.031982421875,0.77197265625,-3.291748046875,Unknown
22:49:15.904766,-5.158447265625,-0.281494140625,-3.55029296875,Unknown
22:49:15.905757,-4.765625,-1.69921875,-2.899169921875,Unknown
22:49:15.938266,-4.139404296875,-4.4150390625,-0.712646484375,Unknown
22:49:15.939259,-4.725341796875,-5.268798828125,1.193359375,Unknown
22:49:15.973266,-3.566162109375,-5.033203125,0.29150390625,Unknown
22:49:15.974260,-2.244873046875,-5.349365234375,-1.47412109375,Unknown
22:49:15.988266,-0.635498046875,-3.44287109375,-1.076904296875,Unknown
22:49:16.020766,1.861572265625,-1.5224609375,1.947998046875,Start
22:49:16.021756,5.666259765625,0.193115234375,1.686279296875,InProgress
22:49:16.028266,7.999755859375,3.054443359375,-0.9990234375,InProgress
22:49:16.060757,4.286865234375,5.796630859375,-2.47412109375,Finish
22:49:16.061757,4.349609375,4.951171875,0.399658203125,Unknown
22:49:16.095755,2.69189453125,3.1904296875,-0.739990234375,Unknown
22:49:16.096757,0.92431640625,1.956787109375,-2.43115234375,Unknown
22:49:16.129268,-1.1484375,0.869140625,-3.3603515625,Unknown
22:49:16.130760,-5.215087890625,-0.46875,-4.150634765625,Unknown
22:49:16.139267,-5.412841796875,-3.484130859375,-2.983154296875,Unknown
22:49:16.171766,-5.23583984375,-5.327392578125,0.08740234375,Unknown
22:49:16.172757,-5.45166015625,-4.754638671875,0.523681640625,Unknown
22:49:16.205769,-3.621337890625,-5.32861328125,-1.10498046875,Unknown
22:49:16.206758,-1.6494140625,-5.63427734375,-1.393798828125,Unknown
22:49:16.240766,0.285888671875,-1.666748046875,-0.53271484375,Unknown
22:49:16.241757,5.37060546875,0.58203125,1.40185546875,Unknown
22:49:16.249255,7.999755859375,0.89111328125,-0.03173828125,Unknown
22:49:16.283255,5.0537109375,5.037841796875,-0.8310546875,Finish
22:49:16.284256,5.489013671875,4.461669921875,0.2578125,Unknown
22:49:16.316766,2.504638671875,3.36474609375,-0.52099609375,Unknown
22:49:16.318255,1.051513671875,2.215576171875,-2.674560546875,Unknown
22:49:16.351756,-1.347412109375,1.378173828125,-3.695068359375,Unknown
22:49:16.353256,-5.99658203125,0.145751953125,-4.34326171875,Unknown
22:49:16.360766,-5.588623046875,-2.1552734375,-3.760498046875,Unknown
22:49:16.393266,-5.2890625,-3.802490234375,-1.56689453125,Unknown
22:49:16.394257,-5.510498046875,-3.988525390625,0.4140625,Unknown
22:49:16.426757,-4.025146484375,-4.6259765625,-0.91357421875,Unknown
22:49:16.428266,-1.658447265625,-5.72119140625,-1.65966796875,Unknown
22:49:16.460766,-0.26171875,-2.226806640625,-0.4228515625,Unknown
22:49:16.461758,2.764892578125,-0.5322265625,1.324462890625,Unknown
22:49:16.508266,7.999755859375,-0.08740234375,0.85888671875,Start
22:49:16.509266,6.947509765625,4.751953125,-0.3701171875,Finish
22:49:16.510767,5.197998046875,4.310302734375,-0.384765625,Unknown
22:49:16.518267,3.5087890625,3.96337890625,0.389892578125,Unknown
22:49:16.550756,2.376708984375,1.848876953125,-2.877685546875,Unknown
22:49:16.551757,0.13916015625,1.269287109375,-2.908447265625,Unknown
22:49:16.565768,-1.2744140625,0.743896484375,-2.866455078125,Unknown
22:49:16.598266,-4.304931640625,-0.2802734375,-3.53271484375,Unknown
22:49:16.599258,-5.48095703125,-2.7216796875,-2.856689453125,Unknown
22:49:16.631758,-5.234130859375,-3.8173828125,-0.7666015625,Unknown
22:49:16.633257,-4.71826171875,-4.447509765625,0.511474609375,Unknown
22:49:16.665766,-3.575927734375,-5.55517578125,-0.24267578125,Unknown
22:49:16.666759,-1.619384765625,-4.174560546875,-0.1533203125,Unknown
22:49:16.699267,-0.302734375,-2.617919921875,-0.56640625,Unknown
22:49:16.700756,3.287353515625,-0.4111328125,0.896240234375,Unknown
22:49:16.708266,7.999755859375,1.44873046875,0.5966796875,Unknown
22:49:16.740769,5.748779296875,5.406494140625,-0.9296875,Finish
22:49:16.741757,4.97509765625,4.394287109375,0.10302734375,Unknown
22:49:16.775768,3.33251953125,3.818359375,-0.8408203125,Unknown
22:49:16.776757,0.99755859375,0.8173828125,-3.758056640625,Unknown
22:49:16.791766,-1.8662109375,0.8515625,-3.405029296875,Unknown
22:49:16.824268,-4.486328125,-0.262451171875,-3.851318359375,Unknown
22:49:16.825766,-5.261474609375,-2.00390625,-3.109375,Unknown
22:49:16.858268,-5.40869140625,-3.210205078125,-1.0869140625,Unknown
22:49:16.859257,-5.598876953125,-4.1533203125,0.5400390625,Unknown
22:49:16.865768,-4.084716796875,-4.48193359375,0.176025390625,Unknown
22:49:16.899268,-2.597412109375,-4.187255859375,0.212646484375,Unknown
22:49:16.900764,-0.612060546875,-3.0673828125,0.001708984375,Unknown
22:49:16.933254,2.717529296875,-2.18212890625,1.721923828125,Unknown
22:49:16.934258,7.999755859375,-1.22900390625,0.531494140625,Unknown
22:49:16.968255,7.173583984375,3.680419921875,-0.880615234375,Finish
22:49:16.969257,5.83984375,3.12353515625,-1.348388671875,Unknown
22:49:16.975757,3.896484375,3.48828125,0.449462890625,Unknown
22:49:17.008270,3.095458984375,2.256103515625,-2.2568359375,Unknown
22:49:17.009257,1.063720703125,1.897705078125,-2.905029296875,Unknown
22:49:17.041756,-0.5673828125,1.37841796875,-2.570068359375,Unknown
22:49:17.043252,-3.19384765625,0.7880859375,-2.838134765625,Unknown
22:49:17.075768,-6.833740234375,-1.096435546875,-2.815673828125,Unknown
22:49:17.080768,-5.96337890625,-2.19482421875,-1.593994140625,Unknown
22:49:17.086766,-5.942626953125,-3.83203125,-0.104248046875,Unknown
22:49:17.119267,-4.847900390625,-3.99267578125,-0.25244140625,Unknown
22:49:17.120758,-3.62939453125,-4.895751953125,-0.716796875,Unknown
22:49:17.148268,-1.742919921875,-3.49755859375,-0.622314453125,Unknown
22:49:17.149258,-0.306640625,-1.08984375,-0.07861328125,Unknown
22:49:17.182264,2.66796875,-0.6201171875,0.176025390625,Start
22:49:17.183257,7.999755859375,0.552734375,-0.7236328125,InProgress
22:49:17.196768,6.4775390625,4.62109375,-1.423828125,Finish
22:49:17.229266,5.36474609375,3.42333984375,-0.99072265625,Unknown
22:49:17.230757,4.388671875,3.1591796875,0.684814453125,Unknown
22:49:17.263269,3.6650390625,1.21826171875,-2.02392578125,Unknown
22:49:17.264257,1.52685546875,0.3837890625,-2.261962890625,Unknown
22:49:17.297265,-0.314697265625,0.083984375,-1.894287109375,Unknown
22:49:17.298257,-3.29736328125,-1.418701171875,-1.994140625,Unknown
22:49:17.332263,-7.734130859375,-5.21337890625,-0.7421875,Unknown
22:49:17.333256,-6.315673828125,-4.093994140625,1.26611328125,Unknown
22:49:17.339267,-6.414306640625,-4.11474609375,0.23876953125,Unknown
22:49:17.372271,-5.197265625,-5.266845703125,-1.57763671875,Unknown
22:49:17.373257,-3.082763671875,-3.208251953125,-0.480224609375,Unknown
22:49:17.407263,-0.9677734375,-0.936279296875,-0.185546875,Unknown
22:49:17.408257,1.639892578125,0.16796875,-0.321044921875,Start
22:49:17.440755,7.999755859375,0.991943359375,-1.9404296875,InProgress
22:49:17.441759,7.545166015625,4.3779296875,-1.6796875,Finish
22:49:17.450757,4.637939453125,3.808349609375,-1.805419921875,Unknown
22:49:17.483268,3.979248046875,2.55615234375,0.45361328125,Unknown
22:49:17.484255,3.516845703125,1.852783203125,-1.032470703125,Unknown
22:49:17.517257,1.319091796875,-0.042724609375,-2.082763671875,Unknown
22:49:17.518264,-0.8515625,-0.248046875,-2.188720703125,Unknown
22:49:17.552261,-6.079833984375,-1.514892578125,-2.6005859375,Unknown
22:49:17.553257,-6.010009765625,-4.38671875,-0.680419921875,Unknown
22:49:17.560771,-6.75537109375,-3.5791015625,1.92431640625,Unknown
22:49:17.593268,-5.46044921875,-2.971923828125,1.64404296875,Unknown
22:49:17.594258,-4.069091796875,-4.373291015625,-0.373046875,Unknown
22:49:17.608268,-2.0732421875,-4.1494140625,-1.1953125,Unknown
22:49:17.642262,0.502685546875,-1.008056640625,-1.425537109375,Start
22:49:17.643255,5.78125,1.26708984375,-0.610595703125,InProgress
22:49:17.675757,7.999755859375,1.597900390625,-1.430419921875,InProgress
22:49:17.676756,2.554931640625,3.7626953125,-1.49755859375,Finish
22:49:17.710766,5.17431640625,2.55908203125,0.08154296875,Unknown
22:49:17.711758,3.3232421875,2.403564453125,-0.81591796875,Unknown
22:49:17.719764,1.864013671875,0.642578125,-1.583740234375,Unknown
22:49:17.752258,-0.1337890625,0.1484375,-1.567626953125,Unknown
22:49:17.753257,-3.436279296875,-0.73828125,-2.172607421875,Unknown
22:49:17.788550,-8,-3.642822265625,-1.612548828125,Unknown
22:49:17.789542,-6.60986328125,-4.048095703125,0.649658203125,Unknown
22:49:17.822059,-6.55810546875,-3.4853515625,1.156494140625,Unknown
22:49:17.823043,-5.064697265625,-4.500244140625,-1.132080078125,Unknown
22:49:17.829543,-2.6142578125,-3.457763671875,-1.57373046875,Unknown
22:49:17.862056,-0.56640625,-0.051025390625,-0.484619140625,Unknown
22:49:17.863044,2.95751953125,1.686767578125,1.11181640625,Unknown
22:49:17.897059,7.999755859375,-0.612060546875,-0.826171875,Start
22:49:17.898041,3.552001953125,3.29345703125,-1.052490234375,Finish
22:49:17.931047,4.732421875,2.093994140625,-0.727294921875,Unknown
22:49:17.932044,4.0087890625,2.09814453125,0.81005859375,Unknown
22:49:17.939546,3.177001953125,0.32470703125,-1.0185546875,Unknown
22:49:17.972048,1.232421875,-0.01806640625,-1.540283203125,Unknown
22:49:17.973046,-0.657470703125,-0.46484375,-1.908447265625,Unknown
22:49:18.006044,-5.949462890625,-2.148193359375,-2.297607421875,Unknown
22:49:18.007062,-6.351806640625,-5.30615234375,0.21435546875,Unknown
22:49:18.021044,-7.288818359375,-3.18701171875,2.0400390625,Unknown
22:49:18.053146,-5.931396484375,-3.294189453125,-0.09912109375,Unknown
22:49:18.054543,-4.33935546875,-4.40234375,-1.750732421875,Unknown
22:49:18.089558,-2.21630859375,-1.857421875,-1.30029296875,Unknown
22:49:18.090546,0.137939453125,0.066162109375,-0.193115234375,Unknown
22:49:18.098058,4.115478515625,0.98388671875,0.3232421875,Start
22:49:18.131043,7.999755859375,-0.326171875,-0.984375,InProgress
22:49:18.132045,2.005859375,2.36669921875,-0.513916015625,Finish
22:49:18.164559,4.63232421875,1.1455078125,-0.54248046875,Unknown
22:49:18.166047,3.772705078125,1.6787109375,0.658203125,Unknown
22:49:18.198056,3.453125,0.576171875,-1.205810546875,Unknown
22:49:18.199541,1.725341796875,0.37890625,-1.786865234375,Unknown
22:49:18.232045,0.067138671875,0.332275390625,-1.91455078125,Unknown
22:49:18.233050,-2.62646484375,-0.16552734375,-2.232421875,Unknown
22:49:18.240558,-8,-2.077392578125,-1.99365234375,Unknown
22:49:18.274558,-5.732421875,-3.010498046875,-0.099365234375,Unknown
22:49:18.275547,-6.8740234375,-3.106201171875,1.445556640625,Unknown
22:49:18.308055,-5.627197265625,-3.686767578125,-0.13232421875,Unknown
22:49:18.309550,-3.9521484375,-3.517578125,-1.67529296875,Unknown
22:49:18.319544,-1.896484375,-1.07275390625,-1.65625,Unknown
22:49:18.352052,-0.34228515625,-0.3427734375,-0.8076171875,Unknown
22:49:18.353047,2.5087890625,-0.5830078125,1.05419921875,Start
22:49:18.385554,7.999755859375,-0.865966796875,-0.987060546875,InProgress
22:49:18.387047,6.4130859375,3.29296875,-2.128662109375,Finish
22:49:18.428046,2.23828125,1.205322265625,-0.96533203125,Unknown
22:49:18.429045,4.627685546875,1.98779296875,0.016845703125,Unknown
22:49:18.443055,3.9091796875,1.27294921875,-0.11181640625,Unknown
22:49:18.444547,2.7099609375,0.148681640625,-1.23876953125,Unknown
22:49:18.477050,0.75146484375,-0.2578125,-1.7880859375,Unknown
22:49:18.478055,-1.375732421875,-0.478759765625,-2.04248046875,Unknown
22:49:18.510555,-6.34228515625,-2.0361328125,-2.027587890625,Unknown
22:49:18.511544,-5.431640625,-4.90234375,0.809326171875,Unknown
22:49:18.544547,-6.93017578125,-3.65966796875,2.763427734375,Unknown
22:49:18.545547,-5.559814453125,-3.44775390625,0.6806640625,Unknown
22:49:18.557044,-4.059326171875,-4.819091796875,-1.496826171875,Unknown
22:49:18.589547,-1.651611328125,-1.732666015625,-1.037841796875,Unknown
22:49:18.590546,0.3134765625,0.07958984375,0.060302734375,Unknown
22:49:18.623056,4.14404296875,0.79833984375,0.233642578125,Start
22:49:18.624055,7.999755859375,1.3544921875,-0.3056640625,InProgress
22:49:18.657044,2.307861328125,2.92578125,-0.855224609375,Finish
22:49:18.658055,4.210205078125,1.590087890625,-1.732666015625,Unknown
22:49:18.690555,3.57568359375,2.595458984375,-0.396484375,Unknown
22:49:18.692046,2.824951171875,1.447265625,-1.171875,Unknown
22:49:18.698057,1.03759765625,0.423095703125,-1.834716796875,Unknown
22:49:18.730556,-0.760498046875,-0.153076171875,-1.9658203125,Unknown
22:49:18.732044,-4.215087890625,-1.2685546875,-2.259765625,Unknown
22:49:18.765557,-6.434814453125,-3.81103515625,-1.266845703125,Unknown
22:49:18.767044,-5.983154296875,-3.953857421875,1.045654296875,Unknown
22:49:18.799544,-5.546875,-3.424072265625,1.57373046875,Unknown
22:49:18.800555,-4.530517578125,-3.658447265625,-1.00146484375,Unknown
22:49:18.809544,-2.71435546875,-3.790283203125,-1.691650390625,Unknown
22:49:18.842043,-0.383056640625,-1.1728515625,-1.086669921875,Unknown
22:49:18.843055,2.1357421875,0.63623046875,0.87451171875,Unknown
22:49:18.857044,7.999755859375,2.287841796875,-0.489990234375,Unknown
22:49:18.890556,6.318115234375,3.533203125,-1.546142578125,Finish
22:49:18.892045,4.841796875,2.287353515625,-1.301025390625,Unknown
22:49:18.924544,3.95166015625,2.314453125,0.13720703125,Unknown
22:49:18.925548,2.867919921875,0.8212890625,-1.15625,Unknown
22:49:18.959218,1.062744140625,-0.26806640625,-1.8564453125,Unknown
22:49:18.960708,-0.723388671875,-0.915283203125,-2.196533203125,Unknown
22:49:18.966719,-4.19384765625,-2.336669921875,-2.490234375,Unknown
22:49:18.999219,-7.4970703125,-4.842041015625,0.119140625,Unknown
22:49:19.000707,-6.30126953125,-3.607421875,1.170654296875,Unknown
22:49:19.033220,-5.6123046875,-4.065185546875,-0.033935546875,Unknown
22:49:19.034206,-3.97216796875,-3.88916015625,-0.96240234375,Unknown
22:49:19.068208,-1.8642578125,-1.3115234375,-0.591064453125,Unknown
22:49:19.069208,0.0791015625,0.39013671875,-0.00927734375,Unknown
22:49:19.101709,3.554931640625,1.5888671875,0.3388671875,Start
22:49:19.103208,7.999755859375,0.864990234375,-0.11328125,InProgress
22:49:19.109719,2.020263671875,2.59228515625,-1.057861328125,Finish
22:49:19.143349,4.970703125,1.809326171875,-1.334228515625,Unknown
22:49:19.144337,3.431396484375,1.88916015625,-0.653564453125,Unknown
22:49:19.176850,2.7138671875,0.4853515625,-1.679931640625,Unknown
22:49:19.178346,1.175537109375,0.0888671875,-1.53125,Unknown
22:49:19.211841,-0.275390625,-0.2890625,-1.464599609375,Unknown
22:49:19.213346,-3.17529296875,-1.14404296875,-1.71826171875,Unknown
22:49:19.219350,-8,-4.15869140625,-0.627197265625,Unknown
22:49:19.251841,-5.60009765625,-3.607177734375,1.0810546875,Unknown
22:49:19.253340,-5.30517578125,-3.870361328125,1.181396484375,Unknown
22:49:19.268350,-4.3623046875,-4.90625,-0.99951171875,Unknown
22:49:19.300849,-2.56640625,-2.983154296875,-0.96728515625,Unknown
22:49:19.301841,-0.798828125,-0.726318359375,-0.26123046875,Unknown
22:49:19.335850,1.239501953125,0.351806640625,0.62353515625,Start
22:49:19.336837,5.534912109375,2.716064453125,-1.82666015625,InProgress
22:49:19.369339,7.999755859375,2.676513671875,-2.447265625,InProgress
22:49:19.370846,1.512939453125,2.229248046875,-2.029052734375,Finish
22:49:19.378350,4.5634765625,2.331298828125,-0.870849609375,Unknown
22:49:19.410849,3.258544921875,2.064697265625,-0.474365234375,Unknown
22:49:19.411842,2.29052734375,0.615234375,-0.821044921875,Unknown
22:49:19.444373,0.957763671875,-0.031982421875,-0.823486328125,Unknown
22:49:19.445863,-0.40673828125,-0.408203125,-0.728271484375,Unknown
22:49:19.478379,-2.91650390625,-2.354248046875,-0.2998046875,Unknown
22:49:19.479365,-8,-6.1455078125,1.567626953125,Unknown
22:49:19.511865,-5.021240234375,-3.966064453125,2.40087890625,Unknown
22:49:19.513361,-4.40673828125,-4.75927734375,-0.667724609375,Unknown
22:49:19.519362,-3.35888671875,-5.221435546875,-2.008056640625,Unknown
22:49:19.551865,-1.884521484375,-2.040283203125,-1.340576171875,Unknown
22:49:19.554362,-0.07763671875,0.334716796875,0.08740234375,Unknown
22:49:19.586862,2.61767578125,1.612548828125,-1.000244140625,Start
22:49:19.588362,7.999755859375,0.5224609375,-2.359130859375,InProgress
22:49:19.620862,2.6015625,4.619140625,-1.579345703125,Finish
22:49:19.621864,3.53271484375,2.573974609375,-1.390625,Unknown
22:49:19.654363,3.210693359375,2.1474609375,-1.205322265625,Unknown
22:49:19.655861,1.998291015625,0.48046875,-1.57177734375,Unknown
22:49:19.669373,0.277099609375,-0.697509765625,-1.45654296875,Unknown
22:49:19.678375,-1.2626953125,-1.846923828125,-0.922119140625,Unknown
22:49:19.708375,-3.637939453125,-4.233642578125,0.843017578125,Unknown
22:49:19.709366,-6.452880859375,-4.489013671875,3.010009765625,Unknown
22:49:19.741875,-5.0126953125,-4.656005859375,-0.89990234375,Unknown
22:49:19.743362,-3.9033203125,-4.869140625,-1.57421875,Unknown
22:49:19.776874,-1.85546875,-2.092041015625,-0.749267578125,Unknown
22:49:19.778362,0.03271484375,0.28125,0.7783203125,Unknown
22:49:19.810878,3.22119140625,0.867919921875,2.00390625,Unknown
22:49:19.811864,7.999755859375,0.723388671875,0.032958984375,Unknown
22:49:19.844374,3.7158203125,2.207275390625,-3.093994140625,Finish
22:49:19.845860,2.62158203125,1.8525390625,-2.022705078125,Unknown
22:49:19.851873,3.666259765625,2.42578125,-0.34814453125,Unknown
22:49:19.885873,2.309326171875,1.649658203125,-0.847412109375,Unknown
22:49:19.886867,0.674560546875,0.2158203125,-1.85595703125,Unknown
22:49:19.919363,-1.56396484375,-0.3662109375,-1.973388671875,Unknown
22:49:19.920864,-5.74609375,-1.83837890625,-2.11083984375,Unknown
22:49:19.954373,-5.997802734375,-3.509521484375,-0.66259765625,Unknown
22:49:19.955861,-6.1728515625,-3.0439453125,2.10595703125,Unknown
22:49:19.963375,-4.94873046875,-2.354736328125,1.16552734375,Unknown
22:49:19.995875,-3.775634765625,-3.50439453125,-1.827392578125,Unknown
22:49:19.996866,-1.28076171875,-2.4443359375,-2.0390625,Unknown
22:49:20.029375,1.489990234375,0.63671875,-0.395751953125,Unknown
22:49:20.030862,7.7060546875,5.385986328125,-1.442138671875,Unknown
22:49:20.063375,7.83251953125,2.52685546875,-1.10009765625,Start
22:49:20.064365,2.810546875,2.352783203125,-2.35302734375,Finish
22:49:20.078375,4.3330078125,2.104736328125,-0.655029296875,Unknown
22:49:20.110875,2.526123046875,0.73779296875,-0.995361328125,Unknown
22:49:20.111866,0.94384765625,0.38623046875,-1.00146484375,Unknown
22:49:20.120861,-0.5673828125,0.026123046875,-1.40625,Unknown
22:49:20.153373,-4.327880859375,-1.09716796875,-1.6611328125,Unknown
22:49:20.154363,-7.110107421875,-3.743896484375,-0.890380859375,Unknown
22:49:20.186864,-5.401611328125,-4.745361328125,1.35546875,Unknown
22:49:20.188366,-5.0546875,-4.001953125,1.546875,Unknown
22:49:20.220863,-3.973876953125,-4.54296875,-1.246337890625,Unknown
22:49:20.221867,-2.089599609375,-3.0498046875,-1.170654296875,Unknown
22:49:20.254366,-0.4228515625,-0.5615234375,0.297607421875,Unknown
22:49:20.255862,1.861572265625,0.245361328125,1.329833984375,Unknown
22:49:20.261863,7.999755859375,1.67041015625,-2.86181640625,Unknown
22:49:20.294373,6.630126953125,3.95703125,-2.11083984375,Finish
22:49:20.295863,3.54052734375,2.389892578125,-1.746826171875,Unknown
22:49:20.348375,4.258544921875,2.71923828125,0.01953125,Unknown
22:49:20.349365,2.81640625,1.0986328125,-1.21923828125,Unknown
22:49:20.350862,0.78369140625,0.311767578125,-1.58935546875,Unknown
22:49:20.358378,-0.991455078125,-0.29150390625,-1.9423828125,Unknown
22:49:20.393375,-3.56396484375,-2.063720703125,-1.882080078125,Unknown
22:49:20.394365,-6.6484375,-5.243408203125,0.0791015625,Unknown
22:49:20.427370,-5.802734375,-3.998046875,1.326171875,Unknown
22:49:20.428364,-5.085693359375,-5.8837890625,-1.369384765625,Unknown
22:49:20.437363,-3.485595703125,-3.37841796875,-0.97802734375,Unknown
22:49:20.469365,-2.067626953125,-0.326416015625,0.492919921875,Unknown
22:49:20.470861,-0.2958984375,-0.018310546875,0.178955078125,Unknown
22:49:20.484375,2.85693359375,0.432373046875,0.166015625,Unknown
22:49:20.518377,7.999755859375,-0.0849609375,-1.31298828125,Start
22:49:20.519366,3.6455078125,4.08740234375,-2.107421875,Finish
22:49:20.552371,3.509765625,2.56884765625,-0.72119140625,Unknown
22:49:20.554362,3.7431640625,1.971923828125,-0.421142578125,Unknown
22:49:20.586873,2.503662109375,0.233154296875,-1.946533203125,Unknown
22:49:20.587863,0.83056640625,-0.221923828125,-2.031982421875,Unknown
22:49:20.594376,-0.8642578125,-0.362548828125,-1.89892578125,Unknown
22:49:20.628373,-4.02392578125,-0.916015625,-1.662841796875,Unknown
22:49:20.629365,-6.00146484375,-2.681396484375,-0.335693359375,Unknown
22:49:20.661882,-4.72119140625,-2.397705078125,1.41796875,Unknown
22:49:20.662867,-4.801513671875,-2.60986328125,1.521484375,Unknown
22:49:20.697376,-3.613037109375,-3.83056640625,0.052001953125,Unknown
22:49:20.697867,-1.906494140625,-3.4521484375,-0.00341796875,Unknown
22:49:20.705865,-0.54296875,-1.916748046875,0.849609375,Unknown
22:49:20.737865,1.2470703125,-1.1708984375,1.14111328125,Start
22:49:20.739372,4.17822265625,0.01123046875,-0.590576171875,InProgress
22:49:20.772365,7.999755859375,2.0595703125,-1.9833984375,InProgress
22:49:20.772866,3.210693359375,3.735595703125,-2.427734375,Finish
22:49:20.805864,3.7216796875,2.34765625,-0.63427734375,Unknown
22:49:20.806863,3.177978515625,2.69384765625,-1.609130859375,Unknown
22:49:20.815873,1.77978515625,0.962890625,-3.1552734375,Unknown
22:49:20.847863,0.039794921875,0.892333984375,-2.265625,Unknown
22:49:20.849371,-1.69580078125,-0.4619140625,-1.865966796875,Unknown
22:49:20.883362,-5.426025390625,-3.66064453125,-0.579833984375,Unknown
22:49:20.884364,-6.409423828125,-4.57666015625,2.4169921875,Unknown
22:49:20.898363,-5.06689453125,-3.540771484375,2.595458984375,Unknown
22:49:20.930870,-4.8603515625,-5.145751953125,-1.7060546875,Unknown
22:49:20.931864,-2.41357421875,-4.6943359375,-1.9033203125,Unknown
22:49:20.988371,-1.006103515625,-0.744384765625,0.008056640625,Unknown
22:49:20.989372,1.115966796875,1.0859375,1.710205078125,Start
22:49:20.990365,6.04443359375,2.2705078125,-2.117431640625,InProgress
22:49:20.991864,7.999755859375,5.058837890625,-3.73779296875,InProgress
22:49:21.024376,3.67333984375,3.7626953125,-2.146484375,Finish
22:49:21.025366,3.912353515625,2.8056640625,-0.167236328125,Unknown
22:49:21.058374,2.69091796875,1.414306640625,-0.527587890625,Unknown
22:49:21.059364,1.0341796875,-0.12158203125,-1.552001953125,Unknown
22:49:21.091864,-0.9228515625,-0.982421875,-1.891357421875,Unknown
22:49:21.093365,-4.561767578125,-2.72998046875,-1.501953125,Unknown
22:49:21.099373,-6.750732421875,-5.528564453125,0.858642578125,Unknown
22:49:21.133374,-5.519287109375,-4.098876953125,1.616943359375,Unknown
22:49:21.134373,-4.693115234375,-4.32763671875,0.14306640625,Unknown
22:49:21.166874,-3.29833984375,-3.3037109375,-0.642822265625,Unknown
22:49:21.168362,-1.185546875,-1.18017578125,-0.344970703125,Unknown
22:49:21.201873,0.927978515625,-0.1630859375,0.595703125,Unknown
22:49:21.203365,4.9404296875,1.129638671875,0.51953125,Unknown
22:49:21.210862,7.999755859375,0.615234375,-1.773681640625,Unknown
22:49:21.243363,2.00927734375,3.042724609375,-2.031005859375,Finish
22:49:21.244364,4.527587890625,2.405517578125,-0.86474609375,Unknown
22:49:21.276874,2.7783203125,2.11181640625,-0.827880859375,Unknown
22:49:21.277865,1.7626953125,0.723876953125,-2.2900390625,Unknown
22:49:21.310873,0.010498046875,0.337890625,-2.3544921875,Unknown
22:49:21.311864,-2.281494140625,-0.2119140625,-2.435546875,Unknown
22:49:21.325875,-7.337646484375,-1.840576171875,-1.91748046875,Unknown
22:49:21.358373,-5.009765625,-3.27880859375,0.505126953125,Unknown
22:49:21.359365,-5.987548828125,-3.31982421875,2.74560546875,Unknown
22:49:21.368374,-4.6455078125,-3.28857421875,1.3779296875,Unknown
22:49:21.400867,-3.23486328125,-4.711181640625,-1.3125,Unknown
22:49:21.401863,-0.64599609375,-2.834228515625,-0.989501953125,Unknown
22:49:21.434374,1.35986328125,-0.39306640625,0.906982421875,Unknown
22:49:21.435865,5.113037109375,0.970947265625,0.214599609375,Unknown
22:49:21.468362,7.999755859375,1.543212890625,-2.239501953125,Start
22:49:21.469366,1.8759765625,3.960205078125,-2.48681640625,Finish
22:49:21.501862,3.9853515625,1.98974609375,-1.080078125,Unknown
22:49:21.503350,3.471435546875,1.97314453125,-0.941650390625,Unknown
22:49:21.510851,2.148193359375,0.421875,-1.6259765625,Unknown
22:49:21.543351,0.59521484375,-0.02587890625,-1.224853515625,Unknown
22:49:21.545350,-1.689697265625,-0.76953125,-1.246826171875,Unknown
22:49:21.560862,-8,-3.06884765625,-0.46826171875,Unknown
22:49:21.593362,-4.72900390625,-4.296875,3.266845703125,Unknown
22:49:21.594362,-5.9931640625,-3.443115234375,2.326904296875,Unknown
22:49:21.628362,-4.341552734375,-5.055419921875,-1.183349609375,Unknown
22:49:21.629362,-2.176025390625,-2.690673828125,-1.07958984375,Unknown
22:49:21.661857,-0.377197265625,-0.661376953125,-0.070556640625,Unknown
22:49:21.663353,2.362548828125,0.1796875,0.581298828125,Unknown
22:49:21.669362,7.999755859375,0.03857421875,-1.53466796875,Unknown
22:49:21.701955,4.70458984375,4.56787109375,-3.1845703125,Finish
22:49:21.703453,2.292724609375,1.941162109375,-2.091552734375,Unknown
22:49:21.735953,4.222900390625,2.769287109375,-0.578125,Unknown
22:49:21.736954,2.9267578125,1.089599609375,-1.233154296875,Unknown
22:49:21.750966,1.014404296875,0.0107421875,-1.32177734375,Unknown
22:49:21.783465,-0.903076171875,-0.46435546875,-1.40771484375,Unknown
22:49:21.784453,-3.8037109375,-2.1669921875,-0.602783203125,Unknown
22:49:21.818454,-6.930419921875,-5.54443359375,2.333251953125,Unknown
22:49:21.819451,-5.724853515625,-4.079345703125,2.401611328125,Unknown
22:49:21.826965,-4.27197265625,-5.137451171875,-0.363037109375,Unknown
22:49:21.859464,-2.695556640625,-4.243408203125,-1.324462890625,Unknown
22:49:21.860452,-0.854736328125,-1.483642578125,-0.52685546875,Unknown
22:49:21.893464,0.869140625,0.249267578125,0.347412109375,Unknown
22:49:21.894454,4.913330078125,1.0361328125,-0.34912109375,Unknown
22:49:21.926964,7.999755859375,1.60400390625,-0.831298828125,Start
22:49:21.927954,2.182373046875,3.289794921875,-2.45849609375,Finish
22:49:21.960964,3.3935546875,1.561767578125,-1.76953125,Unknown
22:49:21.961956,3.229736328125,2.480224609375,-0.73828125,Unknown
22:49:21.969464,1.7587890625,0.758056640625,-1.33056640625,Unknown
22:49:22.003464,0.032470703125,0.37646484375,-1.32763671875,Unknown
22:49:22.004454,-2.349609375,-0.3896484375,-1.24853515625,Unknown
22:49:22.036964,-6.716064453125,-2.742431640625,-0.591064453125,Unknown
22:49:22.037954,-5.85791015625,-2.91015625,0.52978515625,Unknown
22:49:22.071953,-5.761962890625,-2.8515625,1.051025390625,Unknown
22:49:22.072952,-4.78857421875,-3.55029296875,-0.043212890625,Unknown
22:49:22.106955,-3.277099609375,-2.716796875,-0.53271484375,Unknown
22:49:22.107952,-1.3330078125,-1.194091796875,-0.296875,Unknown
22:49:22.114464,0.89599609375,0.168212890625,0.69482421875,Unknown
22:49:22.146964,5.95068359375,1.656494140625,-0.533935546875,Start
22:49:22.147951,7.999755859375,1.84423828125,-0.63134765625,InProgress
22:49:22.161964,2.65185546875,2.166259765625,-2.014892578125,Finish
22:49:22.195953,3.49072265625,1.28369140625,-0.406005859375,Unknown
22:49:22.196950,2.65625,1.542724609375,-0.16015625,Unknown
22:49:22.229465,1.54443359375,0.11083984375,-1.343017578125,Unknown
22:49:22.230453,-0.29638671875,0.055419921875,-1.72509765625,Unknown
22:49:22.238454,-2.28369140625,-0.06689453125,-2.312744140625,Unknown
22:49:22.268454,-6.563232421875,-1.457275390625,-2.570068359375,Unknown
22:49:22.269450,-5.7802734375,-1.63525390625,-1.138916015625,Unknown
22:49:22.301955,-5.499755859375,-2.836669921875,0.142333984375,Unknown
22:49:22.303450,-4.543212890625,-2.898193359375,-0.51171875,Unknown
22:49:22.336964,-3.008056640625,-2.596923828125,-1.510986328125,Unknown
22:49:22.337962,-1.137451171875,-1.621826171875,-0.795166015625,Unknown
22:49:22.370953,1.22705078125,-0.695068359375,0.210205078125,Start
22:49:22.371953,5.109375,0.953369140625,-0.147705078125,InProgress
22:49:22.379465,7.999755859375,1.6181640625,0.7529296875,InProgress
22:49:22.411966,2.81689453125,3.087646484375,0.575439453125,Finish
22:49:22.413452,4.338134765625,1.745361328125,-0.724365234375,Unknown
22:49:22.446964,2.40478515625,1.541748046875,-0.899658203125,Unknown
22:49:22.448452,1.02197265625,1.099609375,-1.470703125,Unknown
22:49:22.480952,-0.596923828125,0.864501953125,-2.442138671875,Unknown
22:49:22.481951,-2.88818359375,-0.4921875,-3.2353515625,Unknown
22:49:22.515964,-6.689208984375,-2.322509765625,-3.011962890625,Unknown
22:49:22.516952,-5.59619140625,-2.509033203125,-1.60888671875,Unknown
22:49:22.521954,-5.286865234375,-2.85546875,-0.59033203125,Unknown
22:49:22.555952,-4.19921875,-3.39013671875,-1.337646484375,Unknown
22:49:22.569464,-2.880859375,-2.619873046875,-0.981201171875,Unknown
22:49:22.570953,-1.080078125,-1.404541015625,0.178466796875,Unknown
22:49:22.603458,0.7392578125,-0.279052734375,1.117919921875,Unknown
22:49:22.604458,4.3330078125,-0.435791015625,0.38427734375,Unknown
22:49:22.636964,7.999755859375,0.9892578125,-0.12060546875,Start
22:49:22.638455,3.224365234375,3.944580078125,-0.4130859375,Finish
22:49:22.670952,4.764404296875,2.603515625,-0.7734375,Unknown
22:49:22.671954,2.885009765625,3.032470703125,-0.97509765625,Unknown
22:49:22.680952,2.068359375,1.71435546875,-1.66943359375,Unknown
22:49:22.713464,0.5029296875,0.861083984375,-1.919921875,Unknown
22:49:22.714452,-1.416259765625,0.015869140625,-2.40771484375,Unknown
22:49:22.749455,-4.407470703125,-1.8623046875,-2.80712890625,Unknown
22:49:22.750951,-6.17041015625,-3.84912109375,-0.543701171875,Unknown
22:49:22.783465,-4.65478515625,-4.1787109375,1.41357421875,Unknown
22:49:22.784451,-3.839111328125,-4.39208984375,-0.130126953125,Unknown
22:49:22.790952,-2.894287109375,-4.650146484375,-1.41064453125,Unknown
22:49:22.823465,-0.79931640625,-2.33935546875,-0.20751953125,Unknown
22:49:22.824452,0.358642578125,-0.789794921875,0.4794921875,Unknown
22:49:22.856964,2.88818359375,0.517822265625,0.83642578125,Start
22:49:22.858449,7.999755859375,-0.5703125,-0.860595703125,InProgress
22:49:22.908466,5.57421875,3.641845703125,-1.685791015625,Finish
22:49:22.909452,2.361328125,2.01318359375,-0.487548828125,Unknown
22:49:22.910952,3.079833984375,1.271728515625,0.41357421875,Unknown
22:49:22.918461,2.203369140625,0.628173828125,-0.10107421875,Unknown
22:49:22.950464,1.519287109375,-0.14990234375,-0.21484375,Unknown
22:49:22.951953,0.77880859375,-0.124755859375,-0.13818359375,Unknown
22:49:22.984464,0.1923828125,-0.0078125,-0.284912109375,Unknown
22:49:22.985454,-0.357177734375,0.09765625,-0.537353515625,Unknown
22:49:22.999466,-0.794921875,0.05810546875,-0.881103515625,Unknown
22:49:23.031964,-1.0751953125,-0.063232421875,-1.42626953125,Unknown
22:49:23.033453,-1.234130859375,0.03369140625,-1.765869140625,Unknown
22:49:23.044465,-1.22314453125,0.238525390625,-1.794677734375,Unknown
22:49:23.076965,-1.158203125,0.47607421875,-1.825927734375,Unknown
22:49:23.077951,-1.030029296875,0.536376953125,-1.92529296875,Unknown
22:49:23.110466,-1.004638671875,0.59521484375,-1.9580078125,Unknown
22:49:23.111953,-0.84765625,0.744384765625,-1.761962890625,Unknown
22:49:23.144466,-0.7373046875,0.967041015625,-1.604736328125,Unknown
22:49:23.145456,-0.616943359375,0.959228515625,-1.54443359375,Unknown
22:49:23.178466,-0.501953125,0.798828125,-1.522705078125,Unknown
22:49:23.179456,-0.38525390625,0.6923828125,-1.411376953125,Unknown
22:49:23.185465,-0.27294921875,0.6474609375,-1.26904296875,Unknown
22:49:23.218466,-0.16552734375,0.52099609375,-1.1083984375,Unknown
22:49:23.219453,-0.03759765625,0.408447265625,-0.956298828125,Unknown
22:49:23.252965,0.012451171875,0.374267578125,-0.83349609375,Unknown
22:49:23.254453,0.057861328125,0.274658203125,-0.68505859375,Unknown
22:49:23.286964,0.14013671875,0.240234375,-0.41943359375,Unknown
22:49:23.287954,0.1533203125,0.18603515625,-0.203369140625,Unknown
22:49:23.296965,0.23046875,0.1083984375,-0.1435546875,Unknown
22:49:23.329466,0.29736328125,0.0234375,-0.363037109375,Unknown
22:49:23.330458,0.3857421875,0.01416015625,-0.4892578125,Unknown
22:49:23.362964,0.43603515625,0.1181640625,-0.326416015625,Unknown
22:49:23.364453,0.4267578125,0.16796875,-0.172607421875,Unknown
22:49:23.396966,0.425537109375,0.121826171875,-0.195556640625,Unknown
22:49:23.397951,0.4384765625,0.270263671875,-0.468017578125,Unknown
22:49:23.411966,0.53662109375,0.455322265625,-0.7177734375,Start
22:49:23.445972,0.77880859375,0.5537109375,-0.790771484375,InProgress
22:49:23.446954,0.9208984375,0.677734375,-0.783935546875,InProgress
22:49:23.454466,0.955322265625,0.44921875,-0.821533203125,InProgress
22:49:23.486966,0.871337890625,0.255859375,-0.781494140625,Finish
22:49:23.487953,0.78955078125,0.11328125,-0.75,Unknown
22:49:23.520966,0.91796875,0.02197265625,-0.710205078125,Unknown
22:49:23.521953,1.144287109375,-0.0986328125,-0.805419921875,Unknown
22:49:23.550953,1.32666015625,0.097412109375,-0.897216796875,Unknown
22:49:23.551955,1.51953125,0.06298828125,-1.078857421875,Unknown
22:49:23.584466,1.570068359375,0.070068359375,-1.34326171875,Unknown
22:49:23.585452,1.558349609375,0.17041015625,-1.630126953125,Unknown
22:49:23.619467,1.4775390625,0.299072265625,-1.427734375,Unknown
22:49:23.620452,1.4169921875,0.302978515625,-1.21142578125,Unknown
22:49:23.628452,1.283203125,0.135009765625,-1.303955078125,Unknown
22:49:23.660958,1.08544921875,0.034912109375,-1.32373046875,Unknown
22:49:23.661953,1.029541015625,0.162841796875,-1.10107421875,Unknown
22:49:23.694464,0.961669921875,0.21826171875,-0.880126953125,Unknown
22:49:23.695452,0.83056640625,0.205810546875,-0.771484375,Unknown
22:49:23.727964,0.716552734375,0.219970703125,-0.6806640625,Unknown
22:49:23.729453,0.622314453125,0.193115234375,-0.6240234375,Unknown
22:49:23.761955,0.563720703125,0.187255859375,-0.64404296875,Unknown
22:49:23.762953,0.564208984375,0.181640625,-0.57275390625,Unknown
22:49:23.770953,0.570556640625,0.150634765625,-0.559326171875,Unknown
22:49:23.804465,0.634033203125,0.127197265625,-0.603271484375,Unknown
22:49:23.805451,0.68896484375,0.15625,-0.52783203125,Unknown
22:49:23.819465,0.658935546875,0.177490234375,-0.482421875,Unknown
22:49:23.851969,0.626220703125,0.180908203125,-0.532958984375,Unknown
22:49:23.852951,0.58056640625,0.199951171875,-0.6171875,Unknown
22:49:23.885954,0.5703125,0.24951171875,-0.570556640625,Unknown
22:49:23.886950,0.59521484375,0.230224609375,-0.51904296875,Unknown
22:49:23.919464,0.623046875,0.1923828125,-0.54052734375,Unknown
22:49:23.920954,0.6474609375,0.233642578125,-0.4931640625,Unknown
22:49:23.928469,0.654052734375,0.180419921875,-0.535400390625,Unknown
22:49:23.960950,0.649169921875,0.155517578125,-0.622314453125,Unknown
22:49:23.961950,0.670654296875,0.236328125,-0.588623046875,Unknown
22:49:23.995964,0.748779296875,0.25537109375,-0.50927734375,Unknown
22:49:23.996954,0.810302734375,0.221923828125,-0.516845703125,Unknown
22:49:24.029464,0.859130859375,0.220458984375,-0.489990234375,Unknown
22:49:24.030453,0.861572265625,0.191162109375,-0.44482421875,Unknown
22:49:24.039453,0.825927734375,0.160400390625,-0.504150390625,Unknown
22:49:24.071965,0.822021484375,0.17626953125,-0.492431640625,Unknown
22:49:24.072953,0.801513671875,0.21875,-0.461181640625,Unknown
22:49:24.105953,0.74365234375,0.2138671875,-0.47705078125,Unknown
22:49:24.109465,0.692626953125,0.180908203125,-0.522705078125,Unknown
22:49:24.141955,0.671630859375,0.236328125,-0.474853515625,Unknown
22:49:24.142952,0.67724609375,0.209716796875,-0.424072265625,Unknown
22:49:24.149464,0.64013671875,0.174560546875,-0.53369140625,Unknown
22:49:24.188454,0.677001953125,0.20068359375,-0.580322265625,Unknown
22:49:24.189453,0.6875,0.254150390625,-0.646240234375,Unknown
22:49:24.196965,0.669921875,0.32177734375,-0.732177734375,Unknown
22:49:24.229464,0.674072265625,0.35791015625,-0.76953125,Unknown
22:49:24.230965,0.681884765625,0.46240234375,-0.57666015625,Unknown
22:49:24.263464,0.613037109375,0.387451171875,-0.55029296875,Unknown
22:49:24.264453,0.5380859375,0.231689453125,-0.81201171875,Unknown
22:49:24.296965,0.468994140625,0.239013671875,-0.96875,Unknown
22:49:24.297953,0.464111328125,0.36376953125,-0.913330078125,Unknown
22:49:24.330964,0.453125,0.3798828125,-0.89990234375,Unknown
22:49:24.331953,0.433837890625,0.32421875,-0.92529296875,Unknown
22:49:24.339455,0.41943359375,0.34033203125,-0.861328125,Unknown
22:49:24.373453,0.373779296875,0.26953125,-0.861328125,Unknown
22:49:24.374464,0.3310546875,0.20947265625,-0.996826171875,Unknown
22:49:24.406955,0.309814453125,0.2548828125,-1.07421875,Unknown
22:49:24.408464,0.30810546875,0.31298828125,-1.14501953125,Unknown
22:49:24.441952,0.2646484375,0.30224609375,-1.234375,Unknown
22:49:24.443464,0.224609375,0.32275390625,-1.1669921875,Unknown
22:49:24.449464,0.15966796875,0.269775390625,-1.14453125,Unknown
22:49:24.481966,0.116455078125,0.2392578125,-1.203369140625,Unknown
22:49:24.483464,0.066650390625,0.307861328125,-1.23681640625,Unknown
22:49:24.515964,0.039794921875,0.394287109375,-1.197265625,Unknown
22:49:24.516964,0.018798828125,0.4384765625,-1.11962890625,Unknown
22:49:24.550964,-0.00732421875,0.481201171875,-1.027587890625,Unknown
22:49:24.551951,-0.05078125,0.52197265625,-0.958984375,Unknown
22:49:24.584465,-0.081298828125,0.53955078125,-0.9150390625,Unknown
22:49:24.585964,-0.0966796875,0.540283203125,-0.908447265625,Unknown
22:49:24.593464,-0.0791015625,0.471923828125,-0.947265625,Unknown
22:49:24.606952,-0.0947265625,0.4443359375,-1.027099609375,Unknown
22:49:24.641950,-0.148193359375,0.56591796875,-1.043701171875,Unknown
22:49:24.643464,-0.17431640625,0.716064453125,-0.979248046875,Unknown
22:49:24.676964,-0.16064453125,0.763916015625,-0.9326171875,Unknown
22:49:24.678464,-0.119873046875,0.73583984375,-0.919189453125,Unknown
22:49:24.710964,-0.083984375,0.709228515625,-0.877685546875,Unknown
22:49:24.711955,-0.066162109375,0.67333984375,-0.831787109375,Unknown
22:49:24.718464,-0.09326171875,0.607666015625,-0.816162109375,Unknown
22:49:24.750966,-0.089599609375,0.58740234375,-0.773681640625,Unknown
22:49:24.751951,-0.061767578125,0.583251953125,-0.716552734375,Unknown
22:49:24.784464,-0.04150390625,0.5390625,-0.712890625,Unknown
22:49:24.785964,-0.014404296875,0.494384765625,-0.714599609375,Unknown
22:49:24.828464,-0.003662109375,0.44091796875,-0.71728515625,Unknown
22:49:24.829464,0.044189453125,0.464111328125,-0.709716796875,Unknown
22:49:24.830966,0.119140625,0.509521484375,-0.670166015625,Unknown
22:49:24.865966,0.13330078125,0.47412109375,-0.687255859375,Unknown
22:49:24.866965,0.14794921875,0.44482421875,-0.728515625,Unknown
22:49:24.899465,0.19580078125,0.530029296875,-0.7314453125,Unknown
22:49:24.900970,0.244873046875,0.650146484375,-0.732177734375,Unknown
22:49:24.908464,0.293701171875,0.689208984375,-0.749267578125,Unknown
22:49:24.940967,0.34228515625,0.587158203125,-0.7578125,Unknown
22:49:24.941965,0.368408203125,0.490234375,-0.764404296875,Unknown
22:49:24.974451,0.34765625,0.448486328125,-0.783447265625,Unknown
22:49:24.975966,0.3408203125,0.49462890625,-0.800537109375,Unknown
22:49:25.008469,0.365966796875,0.549072265625,-0.799560546875,Unknown
22:49:25.009464,0.451416015625,0.646484375,-0.85791015625,Unknown
22:49:25.023453,0.400390625,0.563232421875,-0.91650390625,Unknown
22:49:25.056951,0.291259765625,0.71728515625,-0.8935546875,Unknown
22:49:25.058469,0.364013671875,0.5224609375,-1.20068359375,Unknown
22:49:25.065966,0.255859375,0.489501953125,-1.26416015625,Unknown
22:49:25.098466,0.19921875,0.615966796875,-0.913818359375,Unknown
22:49:25.099451,0.181396484375,0.4365234375,-0.841064453125,Unknown
22:49:25.131965,0.060302734375,0.31494140625,-0.97265625,Unknown
22:49:25.133466,0.179443359375,0.266357421875,-0.962646484375,Unknown
22:49:25.165966,0.202392578125,0.30078125,-0.931396484375,Unknown
22:49:25.166965,0.21484375,0.30322265625,-0.9150390625,Unknown
22:49:25.200966,0.219482421875,0.27392578125,-0.890380859375,Unknown
22:49:25.201951,0.205810546875,0.2939453125,-0.873779296875,Unknown
22:49:25.208466,0.210693359375,0.31396484375,-0.888671875,Unknown
22:49:25.241965,0.18505859375,0.3466796875,-0.922119140625,Unknown
22:49:25.243466,0.178466796875,0.372314453125,-0.90380859375,Unknown
22:49:25.275952,0.18603515625,0.385498046875,-0.90576171875,Unknown
22:49:25.276966,0.201171875,0.277587890625,-0.923583984375,Unknown
22:49:25.310966,0.19775390625,0.267822265625,-0.856201171875,Unknown
22:49:25.311957,0.155029296875,0.27783203125,-0.859375,Unknown
22:49:25.318451,0.187255859375,0.47900390625,-0.812255859375,Unknown
22:49:25.350966,0.175537109375,0.402099609375,-0.77880859375,Unknown
22:49:25.351966,0.091064453125,0.2421875,-0.85009765625,Unknown
22:49:25.385952,0.090576171875,0.262451171875,-0.87451171875,Unknown
22:49:25.386965,0.1044921875,0.436767578125,-0.78955078125,Unknown
22:49:25.419466,0.159423828125,0.547607421875,-0.71923828125,Unknown
22:49:25.420966,0.186767578125,0.514892578125,-0.7978515625,Unknown
22:49:25.434465,0.177490234375,0.33642578125,-0.9345703125,Unknown
22:49:25.468449,0.20703125,0.400634765625,-0.891357421875,Unknown
22:49:25.469466,0.2568359375,0.459716796875,-0.785400390625,Unknown
22:49:25.476966,0.29833984375,0.534912109375,-0.63525390625,Unknown
22:49:25.509466,0.3193359375,0.304931640625,-0.609130859375,Unknown
22:49:25.510451,-0.062255859375,0.19775390625,-1.09326171875,Unknown
22:49:25.544464,0.156494140625,0.67236328125,-1.158447265625,Unknown
22:49:25.545966,0.182373046875,0.54736328125,-1.15673828125,Unknown
22:49:25.578466,0.130859375,0.44580078125,-0.966796875,Unknown
22:49:25.579465,0.11376953125,0.3671875,-0.992431640625,Unknown
22:49:25.588466,0.05615234375,0.28662109375,-0.916748046875,Unknown
22:49:25.620465,0.056396484375,0.239990234375,-0.975341796875,Unknown
22:49:25.621950,0.058837890625,0.244140625,-1.047607421875,Unknown
22:49:25.654965,0.056396484375,0.24658203125,-0.992919921875,Unknown
22:49:25.655450,0.05859375,0.2490234375,-0.971923828125,Unknown
22:49:25.689466,0.0458984375,0.259765625,-0.99609375,Unknown
22:49:25.690451,0.043212890625,0.26708984375,-0.969970703125,Unknown
22:49:25.697965,0.04736328125,0.26171875,-0.92236328125,Unknown
22:49:25.731965,0.066162109375,0.289306640625,-0.95751953125,Unknown
22:49:25.733452,0.08642578125,0.3076171875,-0.9765625,Unknown
22:49:25.765458,0.094970703125,0.306640625,-0.978271484375,Unknown
22:49:25.766966,0.10009765625,0.290771484375,-0.961669921875,Unknown
22:49:25.800953,0.10546875,0.256591796875,-0.953369140625,Unknown
22:49:25.801952,0.11376953125,0.233642578125,-0.943603515625,Unknown
22:49:25.807973,0.101318359375,0.23388671875,-0.9443359375,Unknown
22:49:25.840451,0.087890625,0.263916015625,-0.972900390625,Unknown
22:49:25.841966,0.095703125,0.29052734375,-1,Unknown
22:49:25.855453,0.098876953125,0.280029296875,-0.9853515625,Unknown
22:49:25.887952,0.10302734375,0.248779296875,-0.942138671875,Unknown
22:49:25.889455,0.09326171875,0.226806640625,-0.9423828125,Unknown
22:49:25.922966,0.06640625,0.232666015625,-0.974365234375,Unknown
22:49:25.924451,0.06298828125,0.245361328125,-0.990966796875,Unknown
22:49:25.956966,0.05859375,0.25439453125,-0.996337890625,Unknown
22:49:25.957950,0.07763671875,0.251708984375,-0.968505859375,Unknown
22:49:25.966964,0.0869140625,0.2392578125,-0.943359375,Unknown
22:49:25.999465,0.097900390625,0.23388671875,-0.94873046875,Unknown
22:49:26.000465,0.105712890625,0.244140625,-0.956787109375,Unknown
22:49:26.032965,0.11083984375,0.268310546875,-0.966064453125,Unknown
22:49:26.034466,0.117919921875,0.280517578125,-0.966796875,Unknown
22:49:26.066965,0.120849609375,0.275146484375,-0.950927734375,Unknown
22:49:26.067966,0.061767578125,0.239013671875,-0.943359375,Unknown
22:49:26.107952,0.088623046875,0.240478515625,-0.950927734375,Unknown
22:49:26.109465,0.10107421875,0.2685546875,-0.970458984375,Unknown
22:49:26.110964,0.093505859375,0.287109375,-0.9853515625,Unknown
22:49:26.142965,0.109130859375,0.288818359375,-0.971923828125,Unknown
22:49:26.144465,0.10546875,0.263671875,-0.9501953125,Unknown
22:49:26.177965,0.105712890625,0.2373046875,-0.9453125,Unknown
22:49:26.179464,0.111083984375,0.22998046875,-0.956298828125,Unknown
22:49:26.211950,0.12451171875,0.244873046875,-0.960693359375,Unknown
22:49:26.212974,0.14013671875,0.27294921875,-0.961669921875,Unknown
22:49:26.219465,0.1279296875,0.267578125,-0.976806640625,Unknown
22:49:26.251966,0.1396484375,0.264404296875,-0.954833984375,Unknown
22:49:26.252965,0.10546875,0.22802734375,-0.964111328125,Unknown
22:49:26.266967,0.1435546875,0.239501953125,-0.938720703125,Unknown
22:49:26.300951,0.14453125,0.244873046875,-0.947509765625,Unknown
22:49:26.301952,0.138427734375,0.25830078125,-0.954345703125,Unknown
22:49:26.334453,0.129150390625,0.2548828125,-0.96875,Unknown
22:49:26.335951,0.121337890625,0.250244140625,-0.96142578125,Unknown
22:49:26.369465,0.11279296875,0.241455078125,-0.94677734375,Unknown
22:49:26.370465,0.10986328125,0.22509765625,-0.947998046875,Unknown
22:49:26.378452,0.119140625,0.225341796875,-0.953857421875,Unknown
22:49:26.410951,0.13037109375,0.239501953125,-0.97412109375,Unknown
22:49:26.411965,0.135009765625,0.2548828125,-0.97802734375,Unknown
22:49:26.444465,0.132080078125,0.2578125,-0.972412109375,Unknown
22:49:26.445955,0.13916015625,0.252197265625,-0.961181640625,Unknown
22:49:26.478458,0.145751953125,0.244873046875,-0.954833984375,Unknown
22:49:26.479465,0.14794921875,0.242431640625,-0.963134765625,Unknown
22:49:26.511967,0.156494140625,0.244873046875,-0.9619140625,Unknown
22:49:26.513458,0.15380859375,0.2509765625,-0.961669921875,Unknown
22:49:26.520956,0.1611328125,0.253662109375,-0.954345703125,Unknown
22:49:26.554465,0.15234375,0.240966796875,-0.955810546875,Unknown
22:49:26.555955,0.156982421875,0.242431640625,-0.949951171875,Unknown
22:49:26.588455,0.163818359375,0.240478515625,-0.955322265625,Unknown
22:49:26.589465,0.121337890625,0.196533203125,-0.986328125,Unknown
22:49:26.598458,0.16259765625,0.23583984375,-0.95458984375,Unknown
22:49:26.630965,0.15185546875,0.23388671875,-0.96142578125,Unknown
22:49:26.631968,0.1416015625,0.2236328125,-0.979248046875,Unknown
22:49:26.664451,0.160400390625,0.241455078125,-0.948974609375,Unknown
22:49:26.665955,0.165283203125,0.236572265625,-0.935791015625,Unknown
22:49:26.680957,0.1328125,0.205810546875,-0.958251953125,Unknown
22:49:26.713455,0.165283203125,0.245849609375,-0.947265625,Unknown
22:49:26.714466,0.175048828125,0.248779296875,-0.947021484375,Unknown
22:49:26.748452,0.158447265625,0.252685546875,-0.94873046875,Unknown
22:49:26.749452,0.15625,0.251708984375,-0.957763671875,Unknown
22:49:26.756953,0.163330078125,0.2470703125,-0.95166015625,Unknown
22:49:26.789452,0.17041015625,0.246337890625,-0.9453125,Unknown
22:49:26.790452,0.169921875,0.256103515625,-0.94775390625,Unknown
