253,0.00927734375,0.49609375,-0.864501953125,Unknown
266,0.007568359375,0.498291015625,-0.86181640625,Unknown
299,0.004150390625,0.4970703125,-0.866455078125,Unknown
300,0.005615234375,0.492431640625,-0.864501953125,Unknown
334,0.004638671875,0.495849609375,-0.86474609375,Unknown
335,0.00927734375,0.49560546875,-0.868896484375,Unknown
369,0.007568359375,0.49462890625,-0.86474609375,Unknown
370,0.006591796875,0.4990234375,-0.865478515625,Unknown
378,0.00732421875,0.496826171875,-0.865234375,Unknown
394,0.006591796875,0.494873046875,-0.863037109375,Unknown
426,0.0087890625,0.497314453125,-0.863525390625,Unknown
427,0.007568359375,0.493408203125,-0.865966796875,Unknown
463,0.0078125,0.4951171875,-0.863037109375,Unknown
463,0.005859375,0.497314453125,-0.86279296875,Unknown
496,0.007080078125,0.494873046875,-0.864013671875,Unknown
497,0.006591796875,0.493408203125,-0.868408203125,Unknown
506,0.00439453125,0.49755859375,-0.869140625,Unknown
521,0.002685546875,0.495361328125,-0.8671875,Unknown
555,0.004150390625,0.4970703125,-0.862060546875,Unknown
556,0.00732421875,0.496337890625,-0.863525390625,Unknown
590,0.00732421875,0.494873046875,-0.86083984375,Unknown
591,0.0068359375,0.49609375,-0.866943359375,Unknown
623,0.008056640625,0.496337890625,-0.86572265625,Unknown
623,0.005615234375,0.494384765625,-0.8681640625,Unknown
641,0.005859375,0.49267578125,-0.86572265625,Unknown
649,0.00634765625,0.493896484375,-0.861083984375,Unknown
681,0.008056640625,0.49658203125,-0.865234375,Unknown
682,0.005126953125,0.495361328125,-0.865966796875,Unknown
718,0.006103515625,0.494384765625,-0.865966796875,Unknown
718,0.006103515625,0.49853515625,-0.865966796875,Unknown
751,0.009521484375,0.491943359375,-0.865478515625,Unknown
752,0.009033203125,0.49462890625,-0.86474609375,Unknown
761,0.00634765625,0.492919921875,-0.86376953125,Unknown
778,0.0068359375,0.496337890625,-0.863525390625,Unknown
810,0.00732421875,0.492919921875,-0.8681640625,Unknown
812,0.006591796875,0.49462890625,-0.86669921875,Unknown
845,0.00732421875,0.494873046875,-0.86181640625,Unknown
846,0.00634765625,0.499267578125,-0.86083984375,Unknown
879,0.00830078125,0.49658203125,-0.87158203125,Unknown
880,0.007568359375,0.488525390625,-0.863037109375,Unknown
889,0.006103515625,0.494140625,-0.857177734375,Unknown
905,0.00439453125,0.49462890625,-0.8681640625,Unknown
938,0.0126953125,0.48486328125,-0.888671875,Unknown
938,0.013916015625,0.493896484375,-0.860107421875,Unknown
973,0.014892578125,0.51318359375,-0.848876953125,Unknown
973,0.02587890625,0.516357421875,-0.8466796875,Unknown
1006,0.02392578125,0.512451171875,-0.841064453125,Unknown
1007,0.015625,0.515625,-0.850830078125,Unknown
1041,0.017333984375,0.50634765625,-0.855224609375,Unknown
1042,0.01123046875,0.512451171875,-0.866455078125,Unknown
1056,0.012939453125,0.515869140625,-0.874755859375,Unknown
1071,0.000244140625,0.490234375,-0.85546875,Unknown
1080,0.003173828125,0.501708984375,-0.86865234375,Unknown
1113,0.00927734375,0.491943359375,-0.88916015625,Unknown
1115,-0.00634765625,0.5009765625,-0.872802734375,Unknown
1148,0.014404296875,0.5087890625,-0.862060546875,Unknown
1150,0.017333984375,0.498779296875,-0.85791015625,Unknown
1182,0.015869140625,0.507568359375,-0.85107421875,Unknown
1183,0.0244140625,0.507568359375,-0.865478515625,Unknown
1191,0.0224609375,0.505126953125,-0.859375,Unknown
1208,0.01318359375,0.509765625,-0.862060546875,Unknown
1268,0.013671875,0.4970703125,-0.859375,Unknown
1268,0.0205078125,0.496826171875,-0.85400390625,Unknown
1270,0.023193359375,0.501220703125,-0.852294921875,Unknown
1272,0.01806640625,0.510498046875,-0.850830078125,Unknown
1290,0.014404296875,0.501953125,-0.8662109375,Unknown
1323,0.01708984375,0.5,-0.868896484375,Unknown
1325,0.018798828125,0.49951171875,-0.865234375,Unknown
1359,0.018310546875,0.500244140625,-0.8671875,Unknown
1360,0.011962890625,0.505859375,-0.864990234375,Unknown
1367,0.01171875,0.51025390625,-0.8759765625,Unknown
1401,0.015625,0.49072265625,-0.868408203125,Unknown
1402,0.012939453125,0.49755859375,-0.854248046875,Unknown
1435,0.0205078125,0.492919921875,-0.85302734375,Unknown
1436,0.0224609375,0.503662109375,-0.8466796875,Unknown
1469,0.0224609375,0.503662109375,-0.857177734375,Unknown
1470,0.02001953125,0.49755859375,-0.8662109375,Unknown
1484,0.015380859375,0.502685546875,-0.862548828125,Unknown
1516,0.015625,0.499267578125,-0.862548828125,Unknown
1518,0.013671875,0.492431640625,-0.86474609375,Unknown
1553,0.009521484375,0.49755859375,-0.86083984375,Unknown
1554,0.011962890625,0.5029296875,-0.865234375,Unknown
1559,0.013427734375,0.504150390625,-0.862060546875,Unknown
1576,0.01220703125,0.505859375,-0.8662109375,Unknown
1610,0.01220703125,0.486083984375,-0.856201171875,Unknown
1611,0.01513671875,0.500244140625,-0.85888671875,Unknown
1645,0.019775390625,0.49755859375,-0.866455078125,Unknown
1646,0.017333984375,0.498046875,-0.86767578125,Unknown
1681,0.010009765625,0.49853515625,-0.859619140625,Unknown
1682,0.015380859375,0.49853515625,-0.864990234375,Unknown
1687,0.0166015625,0.49560546875,-0.85986328125,Unknown
1703,0.0166015625,0.503662109375,-0.869384765625,Unknown
1737,0.0146484375,0.50146484375,-0.857177734375,Unknown
1738,0.01416015625,0.508056640625,-0.859619140625,Unknown
1772,0.017333984375,0.49365234375,-0.861083984375,Unknown
1773,0.013671875,0.50341796875,-0.86376953125,Unknown
1808,0.01513671875,0.4970703125,-0.862060546875,Unknown
1810,0.01708984375,0.503173828125,-0.8623046875,Unknown
1815,0.014892578125,0.50390625,-0.861572265625,Unknown
1831,0.016357421875,0.503662109375,-0.856689453125,Unknown
1865,0.016357421875,0.504150390625,-0.860107421875,Unknown
1866,0.01318359375,0.49755859375,-0.865966796875,Unknown
1902,0.00732421875,0.49267578125,-0.865478515625,Unknown
1903,0.015380859375,0.496337890625,-0.869384765625,Unknown
1928,0.015380859375,0.5029296875,-0.8671875,Unknown
1929,0.018310546875,0.505126953125,-0.85302734375,Unknown
1977,0.015625,0.502685546875,-0.856201171875,Unknown
1977,0.01416015625,0.503173828125,-0.855224609375,Unknown
1998,0.0126953125,0.50830078125,-0.86181640625,Unknown
2000,0.015625,0.501953125,-0.867431640625,Unknown
2006,0.01171875,0.501220703125,-0.86279296875,Unknown
2022,0.011474609375,0.501953125,-0.858154296875,Unknown
2056,0.015869140625,0.5,-0.85986328125,Unknown
2057,0.016845703125,0.49853515625,-0.85302734375,Unknown
2092,0.015625,0.504150390625,-0.860107421875,Unknown
2093,0.014404296875,0.505615234375,-0.864013671875,Unknown
2102,0.01318359375,0.500244140625,-0.857666015625,Unknown
2117,0.013916015625,0.500732421875,-0.857421875,Unknown
2150,0.015625,0.501220703125,-0.863037109375,Unknown
2151,0.01513671875,0.50927734375,-0.8583984375,Unknown
2185,0.01513671875,0.51025390625,-0.85888671875,Unknown
2186,0.01513671875,0.49658203125,-0.85546875,Unknown
2220,0.017822265625,0.50390625,-0.864990234375,Unknown
2221,0.02294921875,0.49951171875,-0.860595703125,Unknown
2230,0.021728515625,0.50732421875,-0.86474609375,Unknown
2245,0.013671875,0.494140625,-0.868408203125,Unknown
2277,0.003662109375,0.50439453125,-0.86181640625,Unknown
2278,0.004638671875,0.50341796875,-0.865234375,Unknown
2312,0.00146484375,0.4951171875,-0.862548828125,Unknown
2313,0.01220703125,0.478759765625,-0.837890625,Unknown
2327,-0.01513671875,0.511474609375,-0.84814453125,Unknown
2347,-0.00634765625,0.527099609375,-0.84765625,Unknown
2382,0.01025390625,0.505859375,-0.87060546875,Unknown
2383,0.013916015625,0.513427734375,-0.8740234375,Unknown
2390,0.035888671875,0.491455078125,-0.85791015625,Unknown
2405,0.023193359375,0.497314453125,-0.845703125,Unknown
2438,0.01513671875,0.500732421875,-0.8671875,Unknown
2440,0.006591796875,0.503173828125,-0.85888671875,Unknown
2472,0.01025390625,0.491455078125,-0.868408203125,Unknown
2473,0.013916015625,0.49658203125,-0.866455078125,Unknown
2508,0.01708984375,0.515380859375,-0.84619140625,Unknown
2510,0.0380859375,0.498291015625,-0.859619140625,Unknown
2516,0.042724609375,0.52294921875,-0.847900390625,Unknown
2543,0.0439453125,0.517578125,-0.843994140625,Unknown
2557,0.0234375,0.51025390625,-0.8515625,Unknown
2565,0.01171875,0.521240234375,-0.858642578125,Unknown
2597,0.011962890625,0.531005859375,-0.848876953125,Unknown
2598,0.008056640625,0.5185546875,-0.853515625,Unknown
2632,-0.002197265625,0.506591796875,-0.85986328125,Unknown
2633,-0.010009765625,0.509765625,-0.845947265625,Unknown
2666,-0.012939453125,0.51806640625,-0.859375,Unknown
2667,-0.0166015625,0.537841796875,-0.85400390625,Unknown
2701,-0.0185546875,0.529541015625,-0.858642578125,Unknown
2702,-0.007568359375,0.528076171875,-0.856201171875,Unknown
2708,-0.020263671875,0.519775390625,-0.863037109375,Unknown
2741,0.000732421875,0.52392578125,-0.85791015625,Unknown
2742,-0.004150390625,0.56640625,-0.810791015625,Unknown
2776,-0.07861328125,0.477783203125,-0.85009765625,Unknown
2777,0.0537109375,0.62744140625,-0.7890625,Unknown
2810,0.034423828125,0.621826171875,-0.750732421875,Unknown
2811,0.065673828125,0.609375,-0.7802734375,Unknown
2844,0.060546875,0.611328125,-0.795654296875,Unknown
2845,0.076904296875,0.5810546875,-0.829345703125,Unknown
2851,0.079833984375,0.55615234375,-0.840087890625,Unknown
2867,0.081787109375,0.562744140625,-0.776611328125,Unknown
2902,0.085693359375,0.5322265625,-0.8203125,Unknown
2903,0.083251953125,0.555908203125,-0.86669921875,Unknown
2936,0.105712890625,0.554931640625,-0.874755859375,Unknown
2937,0.0908203125,0.5537109375,-0.835205078125,Unknown
2970,0.04638671875,0.54345703125,-0.822265625,Unknown
2971,-0.00830078125,0.593505859375,-0.7626953125,Unknown
2978,-0.053466796875,0.5966796875,-0.813232421875,Unknown
2995,-0.08447265625,0.60205078125,-0.8232421875,Unknown
3030,-0.109130859375,0.6337890625,-0.798583984375,Unknown
3031,-0.03173828125,0.62890625,-0.829345703125,Unknown
3063,-0.006103515625,0.607177734375,-0.885986328125,Unknown
3065,-0.037109375,0.61572265625,-0.883056640625,Unknown
3097,-0.01806640625,0.6025390625,-0.926025390625,Unknown
3098,0.1015625,0.653564453125,-0.7890625,Unknown
3106,0.136474609375,0.72607421875,-0.72412109375,Unknown
3123,0.199951171875,0.792724609375,-0.774658203125,Unknown
3182,0.24169921875,0.98486328125,-0.74365234375,Unknown
3183,0.204345703125,1.177001953125,-0.68310546875,Unknown
3185,0.096923828125,1.321044921875,-0.545654296875,Unknown
3186,0.0625,1.423095703125,-0.444580078125,Unknown
3219,0.0439453125,1.456298828125,-0.371337890625,Unknown
3220,0.042236328125,1.388427734375,-0.373779296875,Unknown
3252,0.013671875,1.237548828125,-0.425048828125,Unknown
3253,-0.018310546875,1.105712890625,-0.4560546875,Unknown
3286,-0.0546875,1.017333984375,-0.515380859375,Unknown
3287,-0.0888671875,0.9267578125,-0.5498046875,Unknown
3320,-0.12255859375,0.925048828125,-0.5009765625,Unknown
3321,-0.14111328125,0.924560546875,-0.46728515625,Unknown
3355,-0.18701171875,0.872802734375,-0.450927734375,Unknown
3356,-0.259765625,0.85107421875,-0.4189453125,Unknown
3362,-0.3330078125,0.934326171875,-0.3515625,Unknown
3396,-0.37109375,1.025146484375,-0.279541015625,Unknown
3397,-0.36962890625,0.98486328125,-0.313720703125,Unknown
3431,-0.3642578125,0.93603515625,-0.37744140625,Unknown
3432,-0.396240234375,0.862060546875,-0.45068359375,Unknown
3467,-0.425048828125,0.902099609375,-0.42626953125,Unknown
3468,-0.3876953125,0.931884765625,-0.398193359375,Unknown
3475,-0.39599609375,0.940673828125,-0.3701171875,Unknown
3507,-0.421875,0.8662109375,-0.295654296875,Unknown
3508,-0.41943359375,0.82177734375,-0.22216796875,Unknown
3541,-0.426025390625,0.799560546875,-0.072998046875,Unknown
3542,-0.47021484375,0.766845703125,0.02099609375,Unknown
3556,-0.53271484375,0.68896484375,0.07763671875,Unknown
3570,-0.555908203125,0.665283203125,0.107421875,Unknown
3602,-0.566162109375,0.62646484375,0.114990234375,Unknown
3603,-0.587890625,0.580322265625,0.13671875,Unknown
3636,-0.625244140625,0.5205078125,0.16064453125,Unknown
3637,-0.64111328125,0.563720703125,0.162109375,Unknown
3669,-0.650634765625,0.599609375,0.135009765625,Unknown
3671,-0.697998046875,0.61865234375,0.087158203125,Unknown
3703,-0.707275390625,0.595458984375,0.05224609375,Unknown
3705,-0.744140625,0.611083984375,0.102783203125,Unknown
3737,-0.801513671875,0.635498046875,0.150146484375,Unknown
3738,-0.810546875,0.610107421875,0.1220703125,Unknown
3745,-0.873291015625,0.5546875,0.024658203125,Unknown
3778,-0.888671875,0.568359375,-0.01904296875,Unknown
3780,-0.876953125,0.556640625,-0.044677734375,Unknown
3822,-0.900390625,0.483154296875,-0.07958984375,Unknown
3824,-0.939208984375,0.356689453125,-0.141845703125,Unknown
3825,-0.926025390625,0.319091796875,-0.16552734375,Unknown
3841,-0.86376953125,0.323486328125,-0.117431640625,Unknown
3873,-0.8671875,0.265869140625,-0.173828125,Unknown
3875,-0.87255859375,0.294189453125,-0.119873046875,Unknown
3908,-0.872314453125,0.25439453125,-0.0810546875,Unknown
3910,-0.854248046875,0.269287109375,-0.0849609375,Unknown
3942,-0.84423828125,0.29248046875,-0.092041015625,Unknown
3943,-0.8798828125,0.335205078125,-0.069580078125,Unknown
3967,-0.895263671875,0.368896484375,-0.092529296875,Unknown
3968,-0.94775390625,0.306884765625,-0.134033203125,Unknown
4001,-0.9677734375,0.27490234375,-0.18701171875,Unknown
4002,-0.97216796875,0.198486328125,-0.31396484375,Unknown
4036,-0.949462890625,0.193359375,-0.357666015625,Unknown
4037,-0.90283203125,0.19775390625,-0.3291015625,Unknown
4070,-0.890869140625,0.12158203125,-0.302490234375,Unknown
4071,-0.873291015625,0.0869140625,-0.30859375,Unknown
4105,-0.837890625,0.095703125,-0.317138671875,Unknown
4106,-0.776611328125,0.149658203125,-0.3046875,Unknown
4112,-0.783447265625,0.140625,-0.318603515625,Unknown
4145,-0.785888671875,0.16259765625,-0.297119140625,Unknown
4146,-0.798583984375,0.1982421875,-0.258056640625,Unknown
4178,-0.81103515625,0.188720703125,-0.267578125,Unknown
4180,-0.81884765625,0.208740234375,-0.31005859375,Unknown
4212,-0.832275390625,0.191650390625,-0.35498046875,Unknown
4213,-0.833251953125,0.21337890625,-0.34716796875,Unknown
4246,-0.844970703125,0.22900390625,-0.3232421875,Unknown
4247,-0.85302734375,0.231689453125,-0.31396484375,Unknown
4280,-0.873291015625,0.219482421875,-0.302978515625,Unknown
4281,-0.895751953125,0.22607421875,-0.31591796875,Unknown
4287,-0.892578125,0.2314453125,-0.345947265625,Unknown
4320,-0.891357421875,0.2529296875,-0.377197265625,Unknown
4324,-0.894775390625,0.257080078125,-0.392578125,Unknown
4357,-0.896728515625,0.281982421875,-0.406005859375,Unknown
4358,-0.892333984375,0.29931640625,-0.406494140625,Unknown
4372,-0.89111328125,0.3046875,-0.37646484375,Unknown
4388,-0.869384765625,0.300048828125,-0.354248046875,Unknown
4422,-0.870849609375,0.2880859375,-0.3671875,Unknown
4423,-0.885009765625,0.263671875,-0.399658203125,Unknown
4462,-0.88525390625,0.246337890625,-0.4013671875,Unknown
4463,-0.8818359375,0.21875,-0.408203125,Unknown
4467,-0.871337890625,0.18798828125,-0.426025390625,Unknown
4487,-0.872802734375,0.16943359375,-0.43310546875,Unknown
4528,-0.885009765625,0.165283203125,-0.413330078125,Unknown
4530,-0.9033203125,0.173583984375,-0.405029296875,Unknown
4531,-0.924560546875,0.1591796875,-0.418701171875,Unknown
4547,-0.93115234375,0.132080078125,-0.43310546875,Unknown
4582,-0.933837890625,0.111328125,-0.451171875,Unknown
4584,-0.927734375,0.092529296875,-0.47705078125,Unknown
4592,-0.9267578125,0.108154296875,-0.514892578125,Unknown
4606,-0.934326171875,0.08740234375,-0.515625,Unknown
4640,-0.9453125,0.0859375,-0.489501953125,Unknown
4641,-0.9267578125,0.0810546875,-0.453857421875,Unknown
4675,-0.906005859375,0.08837890625,-0.427978515625,Unknown
4676,-0.881591796875,0.110595703125,-0.438720703125,Unknown
4710,-0.868408203125,0.133544921875,-0.458984375,Unknown
4711,-0.8486328125,0.144287109375,-0.470703125,Unknown
4718,-0.833740234375,0.17041015625,-0.466064453125,Unknown
4735,-0.80224609375,0.205810546875,-0.44482421875,Unknown
4768,-0.770263671875,0.22314453125,-0.42333984375,Unknown
4770,-0.77197265625,0.253662109375,-0.421630859375,Unknown
4795,-0.786376953125,0.298828125,-0.40869140625,Unknown
4798,-0.807373046875,0.31787109375,-0.406494140625,Unknown
4815,-0.79931640625,0.335693359375,-0.425048828125,Unknown
4849,-0.785888671875,0.357421875,-0.44775390625,Unknown
4850,-0.78662109375,0.34619140625,-0.485595703125,Unknown
4882,-0.7783203125,0.40625,-0.494140625,Unknown
4884,-0.776123046875,0.531005859375,-0.44091796875,Unknown
4919,-0.8896484375,0.515625,-0.58203125,Unknown
4920,-0.964599609375,0.373779296875,-0.686279296875,Unknown
4926,-1.061767578125,0.35693359375,-0.66748046875,Unknown
4942,-1.1806640625,0.177978515625,-0.7119140625,Unknown
4975,-1.338134765625,0.036376953125,-0.78857421875,Unknown
4976,-1.4580078125,-0.120361328125,-0.817626953125,Unknown
5009,-1.57666015625,-0.499267578125,-0.74658203125,Unknown
5010,-1.672119140625,-1.057861328125,-0.52978515625,Unknown
5044,-1.914306640625,-1.515380859375,-0.411376953125,Unknown
5045,-1.9560546875,-1.69189453125,-0.3427734375,Unknown
5105,-1.848388671875,-1.9765625,-0.1640625,Unknown
5106,-1.698486328125,-1.662353515625,-0.203369140625,Unknown
5107,-1.232177734375,-1.193359375,-0.354248046875,Unknown
5109,-0.559814453125,-0.776123046875,-0.566162109375,Unknown
5126,0.355712890625,-0.43505859375,-0.484130859375,Unknown
5134,1.680419921875,-0.09716796875,-0.458251953125,Start
5166,3.369384765625,2.33056640625,-2.268310546875,InProgress
5167,4.0595703125,3.80078125,-2.443115234375,InProgress
5181,2.369140625,3.33251953125,-1.064453125,Finish
5197,1.78173828125,1.877197265625,-0.7919921875,Resetting
5231,1.310791015625,1.0126953125,-1.054443359375,Resetting
5232,0.34716796875,0.357177734375,-1.051025390625,Resetting
5265,-0.3857421875,-0.2001953125,-1.0205078125,Resetting
5266,-1.2509765625,-0.381103515625,-0.654052734375,Resetting
5300,-1.90576171875,-0.909423828125,-0.200927734375,Reset
5301,-2.26220703125,-1.6220703125,0.154541015625,Unknown
5309,-2.9248046875,-2.2900390625,0.23828125,Unknown
5325,-2.993896484375,-2.505615234375,-0.17822265625,Unknown
5357,-2.54052734375,-2.525146484375,-0.56201171875,Unknown
5358,-1.947265625,-1.902587890625,-0.5859375,Unknown
5392,-1.32666015625,-1.287353515625,-0.483154296875,Unknown
5393,-0.5751953125,-0.62548828125,-0.5537109375,Unknown
5426,0.344482421875,0.092041015625,-0.470458984375,Unknown
5427,1.52587890625,0.2626953125,-0.440185546875,Start
5460,2.582275390625,1.701416015625,-1.45263671875,InProgress
5462,2.869384765625,2.374755859375,-2.03759765625,InProgress
5469,1.93701171875,2.18115234375,-1.399169921875,Finish
5485,1.30810546875,1.340576171875,-1.067626953125,Resetting
5520,0.91064453125,0.7626953125,-1.058837890625,Resetting
5521,0.202392578125,0.31396484375,-1.110107421875,Resetting
5554,-0.46826171875,-0.01123046875,-1.031494140625,Resetting
5555,-0.94970703125,-0.237060546875,-0.795654296875,Resetting
5588,-1.37744140625,-0.421875,-0.539794921875,Reset
5589,-1.7802734375,-0.671875,-0.3935546875,Unknown
5602,-2.118408203125,-0.826171875,-0.41552734375,Unknown
5636,-2.255615234375,-1.17431640625,-0.48876953125,Unknown
5637,-2.368896484375,-1.670654296875,-0.4296875,Unknown
5645,-2.546630859375,-2.154052734375,-0.181884765625,Unknown
5661,-2.40625,-2.178466796875,-0.08984375,Unknown
5695,-1.982666015625,-2.074951171875,-0.12451171875,Unknown
5696,-1.447998046875,-1.5087890625,-0.461669921875,Unknown
5753,-0.67138671875,-0.923583984375,-0.781982421875,Unknown
5754,0.489990234375,-0.2080078125,-0.529052734375,Unknown
5755,2.699462890625,0.40283203125,-0.957763671875,Start
5756,5.650634765625,2.0478515625,-2.71533203125,InProgress
5790,3.385498046875,3.55029296875,-1.322509765625,Finish
5791,1.86474609375,1.2998046875,-0.293212890625,Resetting
5826,1.085693359375,0.691650390625,-0.10498046875,Resetting
5828,1.3916015625,0.5927734375,-0.9775390625,Resetting
5860,0.654296875,0.11279296875,-1.44677734375,Resetting
5861,0.024658203125,-0.27978515625,-1.35986328125,Resetting
5868,-0.405029296875,-0.355224609375,-1.024658203125,Resetting
5885,-0.67529296875,-0.273681640625,-0.611572265625,Resetting
5918,-0.953125,-0.38916015625,-0.33349609375,Reset
5919,-1.284912109375,-0.3115234375,-0.50634765625,Unknown
5953,-1.76953125,-0.263916015625,-0.66748046875,Unknown
5954,-2.3896484375,-0.2177734375,-0.78955078125,Unknown
5986,-2.457275390625,-0.718505859375,-1.126220703125,Unknown
5988,-2.22607421875,-0.779052734375,-1.215576171875,Unknown
6019,-2.072021484375,-0.77978515625,-1.06005859375,Unknown
6020,-1.969970703125,-0.951904296875,-0.88134765625,Unknown
6038,-1.974365234375,-1.10302734375,-0.74267578125,Unknown
6046,-1.961181640625,-1.3359375,-0.553955078125,Unknown
6081,-1.9814453125,-1.450439453125,-0.40625,Unknown
6083,-1.781005859375,-1.59716796875,-0.19384765625,Unknown
6115,-1.5361328125,-1.569091796875,-0.140869140625,Unknown
6116,-0.9814453125,-1.314697265625,-0.346435546875,Unknown
6124,-0.277099609375,-0.961181640625,-0.75341796875,Unknown
6156,0.53662109375,-0.448974609375,-0.91943359375,Start
6158,1.30322265625,-0.60302734375,-0.75830078125,InProgress
6190,2.760986328125,1.884765625,-1.8427734375,InProgress
6191,4.697509765625,2.449462890625,-2.091552734375,InProgress
6224,2.751953125,3.807861328125,-1.16015625,Finish
6225,1.81298828125,1.372802734375,-0.79248046875,Resetting
6258,1.710205078125,0.79345703125,-0.9013671875,Resetting
6260,1.54052734375,0.290283203125,-1.145751953125,Resetting
6266,0.9208984375,0.015625,-0.8095703125,Resetting
6299,0.654541015625,-0.090576171875,-0.6572265625,Resetting
6300,0.5107421875,-0.14306640625,-0.42724609375,Resetting
6334,0.142822265625,-0.28076171875,-0.243896484375,Resetting
6335,-0.5751953125,-0.4638671875,-0.36328125,Reset
6383,-1.19677734375,-0.75537109375,-0.514404296875,Unknown
6384,-1.671630859375,-0.943115234375,-0.470458984375,Unknown
6396,-2.0517578125,-1.05712890625,-0.412109375,Unknown
6423,-1.976318359375,-1.347900390625,-0.363525390625,Unknown
6424,-1.9306640625,-1.497314453125,-0.343994140625,Unknown
6425,-1.8369140625,-1.578369140625,-0.398193359375,Unknown
6445,-1.90771484375,-1.667236328125,-0.5380859375,Unknown
6479,-1.866455078125,-1.608642578125,-0.691162109375,Unknown
6480,-1.699951171875,-1.400634765625,-0.651123046875,Unknown
6514,-1.5556640625,-1.30322265625,-0.450439453125,Unknown
6515,-1.477783203125,-1.236328125,-0.18603515625,Unknown
6522,-1.5673828125,-1.3359375,-0.03466796875,Unknown
6555,-1.72900390625,-1.337890625,0.1123046875,Unknown
6556,-1.71240234375,-1.5009765625,0.330078125,Unknown
6590,-1.5048828125,-1.722412109375,0.439208984375,Unknown
6591,-1.01708984375,-1.7861328125,0.350341796875,Unknown
6624,-0.36962890625,-1.435546875,0.009033203125,Unknown
6625,0.482177734375,-0.676513671875,-0.484619140625,Unknown
6659,1.591064453125,0.4931640625,-1.142822265625,Start
6660,3.423583984375,0.951904296875,-1.883056640625,InProgress
6666,4.151123046875,1.58349609375,-1.9521484375,InProgress
6699,3.56689453125,2.146484375,-1.578125,Finish
6700,1.16748046875,2.409912109375,-1.18798828125,Resetting
6732,0.565673828125,1.014892578125,-0.65283203125,Resetting
6734,1.727783203125,0.623046875,-1.303466796875,Resetting
6766,1.41259765625,0.260009765625,-1.284423828125,Resetting
6767,1.00146484375,-0.25634765625,-0.826416015625,Resetting
6800,0.657470703125,-0.34130859375,-0.50927734375,Resetting
6801,0.334716796875,-0.3916015625,-0.349853515625,Resetting
6815,-0.282470703125,-0.25,-0.316650390625,Reset
6849,-0.7763671875,-0.263427734375,-0.33251953125,Unknown
6850,-1.0439453125,-0.45458984375,-0.340087890625,Unknown
6857,-1.3017578125,-0.454833984375,-0.3662109375,Unknown
6891,-1.584228515625,-0.47021484375,-0.366455078125,Unknown
6893,-1.581298828125,-0.541015625,-0.310791015625,Unknown
6925,-1.322998046875,-0.51416015625,-0.34228515625,Unknown
6926,-1.11279296875,-0.47705078125,-0.431640625,Unknown
6961,-1.036865234375,-0.38134765625,-0.6513671875,Unknown
6962,-1.12744140625,-0.38623046875,-0.875244140625,Unknown
6969,-1.19091796875,-0.329345703125,-0.939453125,Unknown
6985,-1.191162109375,-0.322021484375,-0.908203125,Unknown
7023,-1.179931640625,-0.23681640625,-0.8251953125,Unknown
7024,-1.174072265625,-0.258056640625,-0.877685546875,Unknown
7056,-1.17236328125,-0.268310546875,-0.94677734375,Unknown
7057,-1.08642578125,-0.1572265625,-1.008056640625,Unknown
7065,-1.06640625,-0.03173828125,-0.989501953125,Unknown
7084,-1.104248046875,-0.033203125,-0.976806640625,Unknown
7118,-1.08935546875,-0.23046875,-0.855712890625,Unknown
7119,-1.0595703125,-0.276611328125,-0.783203125,Unknown
7154,-0.9541015625,-0.197509765625,-0.71728515625,Unknown
7155,-0.908935546875,-0.210205078125,-0.6689453125,Unknown
7160,-0.87939453125,-0.306640625,-0.66845703125,Unknown
7176,-0.89306640625,-0.419921875,-0.65185546875,Unknown
7210,-0.91064453125,-0.527587890625,-0.625,Unknown
7211,-0.921142578125,-0.54345703125,-0.623046875,Unknown
7225,-0.96044921875,-0.666015625,-0.60595703125,Unknown
7259,-1.0341796875,-0.85009765625,-0.482177734375,Unknown
7260,-1.1650390625,-1.015380859375,-0.322021484375,Unknown
7294,-1.28515625,-1.189697265625,-0.148681640625,Unknown
7295,-1.298583984375,-1.51171875,0.153076171875,Unknown
7328,-1.3642578125,-1.852294921875,0.56201171875,Unknown
7329,-1.468017578125,-1.538330078125,0.549072265625,Unknown
7336,-1.13232421875,-1.1650390625,0.01708984375,Unknown
7369,-0.465087890625,-0.560302734375,-0.935791015625,Unknown
7370,0.519775390625,0.505859375,-1.57861328125,Start
7402,1.68017578125,0.642822265625,-1.83642578125,InProgress
7403,2.45068359375,0.798828125,-1.869384765625,InProgress
7436,3.2431640625,2.389892578125,-1.90234375,InProgress
7437,3.09521484375,2.642333984375,-0.962158203125,Finish
7470,0.9033203125,2.51220703125,-0.4013671875,Resetting
7471,1.7001953125,1.226318359375,-1.651123046875,Resetting
7479,1.026123046875,-0.103515625,-1.717529296875,Resetting
7511,-0.06201171875,-0.020751953125,-1.068115234375,Resetting
7513,-0.311279296875,-0.1591796875,-0.84375,Resetting
7547,-0.691162109375,-0.419921875,-0.451171875,Reset
7548,-1.36376953125,-1.372314453125,0.578369140625,Unknown
7580,-2.9189453125,-2.5390625,1.095458984375,Unknown
7581,-3.63525390625,-2.9482421875,0.7041015625,Unknown
7615,-2.954833984375,-3.51025390625,-0.542236328125,Unknown
7616,-2.408935546875,-2.698974609375,-0.990966796875,Unknown
7630,-1.495849609375,-1.7392578125,-0.820556640625,Unknown
7670,-0.528076171875,-0.939208984375,-0.8701171875,Unknown
7671,0.5224609375,-0.267578125,-0.430419921875,Start
7673,1.9658203125,1.91015625,-1.393310546875,InProgress
7705,4.39697265625,2.3603515625,-3.119873046875,InProgress
7706,2.5283203125,3.90185546875,-1.62255859375,Finish
7740,1.870361328125,1.680419921875,-1.099365234375,Resetting
7741,0.98583984375,1.08251953125,-1.149658203125,Resetting
7774,0.495361328125,0.26025390625,-1.332763671875,Resetting
7775,-0.257080078125,-0.169921875,-1.258056640625,Resetting
7784,-0.84130859375,-0.390380859375,-0.7509765625,Resetting
7816,-1.281494140625,-0.8251953125,-0.128662109375,Reset
7818,-1.834716796875,-1.7021484375,0.40283203125,Unknown
7850,-2.53564453125,-2.397705078125,0.570068359375,Unknown
7851,-2.87451171875,-2.77001953125,0.306884765625,Unknown
7884,-2.99072265625,-2.88134765625,-0.17822265625,Unknown
7885,-2.5478515625,-2.817626953125,-0.137451171875,Unknown
7918,-1.9365234375,-2.414794921875,0.22412109375,Unknown
7919,-1.22607421875,-1.6787109375,-0.0205078125,Unknown
7926,-0.3388671875,-0.92529296875,-0.84619140625,Unknown
7959,0.818359375,-0.456787109375,-1.130859375,Start
7960,2.16015625,-0.0859375,-1.06982421875,InProgress
7994,3.76318359375,1.63330078125,-1.687255859375,InProgress
7995,4.981689453125,2.4013671875,-1.343017578125,InProgress
8028,1.519287109375,2.68505859375,-0.60595703125,Finish
8029,1.187255859375,1.300048828125,-0.725341796875,Resetting
8044,1.608642578125,0.438232421875,-1.5654296875,Resetting
8059,0.802001953125,0.0625,-1.410400390625,Resetting
8093,0.380615234375,-0.123779296875,-0.99755859375,Resetting
8094,-0.03662109375,-0.1962890625,-0.73681640625,Resetting
8103,-0.48876953125,-0.123291015625,-0.519775390625,Resetting
8118,-0.641845703125,-0.125244140625,-0.431884765625,Resetting
8150,-0.716796875,-0.229736328125,-0.67529296875,Reset
8151,-1.035888671875,-0.31201171875,-0.91845703125,Unknown
8186,-1.37158203125,-0.28271484375,-0.867431640625,Unknown
8188,-1.4462890625,-0.413330078125,-0.753662109375,Unknown
8220,-1.2587890625,-0.515869140625,-0.66845703125,Unknown
8221,-0.99560546875,-0.47509765625,-0.590087890625,Unknown
8230,-0.914794921875,-0.405517578125,-0.53271484375,Unknown
8245,-0.82861328125,-0.3173828125,-0.54736328125,Unknown
8306,-0.766845703125,-0.251220703125,-0.578857421875,Unknown
8307,-0.777587890625,-0.197998046875,-0.606201171875,Unknown
8309,-0.79345703125,-0.137451171875,-0.657470703125,Unknown
8311,-0.780517578125,-0.0673828125,-0.6572265625,Unknown
8330,-0.787841796875,-0.0390625,-0.606201171875,Unknown
8363,-0.790771484375,0.06787109375,-0.587890625,Unknown
8364,-0.78271484375,0.091064453125,-0.622802734375,Unknown
8396,-0.8232421875,0.123779296875,-0.674072265625,Unknown
8397,-0.906494140625,0.14306640625,-0.75830078125,Unknown
8405,-0.97119140625,0.2265625,-0.830078125,Unknown
8421,-1.097900390625,0.258056640625,-0.812744140625,Unknown
8444,-1.264404296875,0.205078125,-0.825439453125,Unknown
8480,-1.411865234375,0.133056640625,-0.880859375,Unknown
8481,-1.511962890625,0.052490234375,-0.83203125,Unknown
8485,-1.537841796875,0.00830078125,-0.756591796875,Unknown
8505,-1.54150390625,-0.117431640625,-0.759765625,Unknown
8537,-1.544189453125,-0.259033203125,-0.741943359375,Unknown
8539,-1.55908203125,-0.386962890625,-0.7109375,Unknown
8572,-1.556640625,-0.435546875,-0.7236328125,Unknown
8574,-1.569580078125,-0.497802734375,-0.775390625,Unknown
8597,-1.6259765625,-0.62939453125,-0.84912109375,Unknown
8599,-1.721923828125,-0.678466796875,-0.802734375,Unknown
8632,-1.826904296875,-0.69384765625,-0.72900390625,Unknown
8634,-1.842041015625,-0.7041015625,-0.499267578125,Unknown
8666,-1.76171875,-0.755615234375,-0.150146484375,Unknown
8667,-1.489990234375,-0.829345703125,0.180419921875,Unknown
8701,-1.033203125,-1.097900390625,0.447509765625,Unknown
8702,-0.4697265625,-1.1357421875,0.34130859375,Unknown
8709,0.25439453125,-0.245361328125,-0.3154296875,Unknown
8726,1.481689453125,0.465576171875,-1.518798828125,Start
8760,2.81494140625,0.529296875,-2.0322265625,InProgress
8761,3.530029296875,0.147216796875,-1.331298828125,InProgress
8794,3.830322265625,-0.232666015625,-1.00244140625,InProgress
8795,1.65087890625,1.585205078125,-0.171142578125,Finish
8829,-0.132080078125,1.01904296875,0.063720703125,Resetting
8830,0.200439453125,0.214111328125,-0.28662109375,Resetting
8855,1.0634765625,0.381103515625,-0.8369140625,Resetting
8856,1.521728515625,0.5234375,-1.4443359375,Resetting
8890,1.6162109375,0.22021484375,-1.280029296875,Resetting
8891,1.035400390625,0.133056640625,-0.870849609375,Resetting
8950,0.42333984375,0.226806640625,-0.493896484375,Resetting
8951,-0.031005859375,-0.005126953125,-0.345458984375,Reset
8952,-0.431884765625,-0.2373046875,-0.3857421875,Unknown
8954,-0.650390625,-0.192138671875,-0.51513671875,Unknown
8986,-0.80029296875,-0.066162109375,-0.606201171875,Unknown
8987,-1.180419921875,-0.10546875,-0.632568359375,Unknown
8996,-1.47412109375,-0.1337890625,-0.56494140625,Unknown
9011,-1.431884765625,-0.349853515625,-0.534423828125,Unknown
9044,-1.250244140625,-0.287109375,-0.5537109375,Unknown
9045,-1.119873046875,-0.163330078125,-0.533935546875,Unknown
9079,-1.08251953125,-0.055908203125,-0.631103515625,Unknown
9080,-1.0966796875,-0.045166015625,-0.71240234375,Unknown
9112,-1.05078125,0.08056640625,-0.7978515625,Unknown
9114,-1.0576171875,0.077392578125,-0.839111328125,Unknown
9147,-1.067138671875,0.089599609375,-0.813232421875,Unknown
9149,-1.144287109375,0.06982421875,-0.774658203125,Unknown
9155,-1.266845703125,0.056884765625,-0.72607421875,Unknown
9187,-1.382568359375,0.004638671875,-0.733642578125,Unknown
9189,-1.5078125,-0.029541015625,-0.79296875,Unknown
9221,-1.591552734375,-0.108154296875,-0.825927734375,Unknown
9222,-1.66162109375,-0.185546875,-0.82275390625,Unknown
9236,-1.712646484375,-0.233154296875,-0.75244140625,Unknown
9251,-1.7568359375,-0.278076171875,-0.68701171875,Unknown
9285,-1.767578125,-0.432861328125,-0.70263671875,Unknown
9286,-1.72314453125,-0.517822265625,-0.7646484375,Unknown
9319,-1.650146484375,-0.58251953125,-0.784423828125,Unknown
9320,-1.5869140625,-0.669921875,-0.8330078125,Unknown
9352,-1.509521484375,-0.56787109375,-0.768798828125,Unknown
9354,-1.5888671875,-0.45068359375,-0.649658203125,Unknown
9389,-1.728271484375,-0.33642578125,-0.463134765625,Unknown
9390,-1.62548828125,-0.3369140625,-0.12646484375,Unknown
9395,-1.343994140625,-0.46142578125,0.09619140625,Unknown
9410,-0.7333984375,-0.828857421875,0.111328125,Unknown
9444,0.050537109375,-0.41357421875,-0.450439453125,Unknown
9445,1.156982421875,0.268798828125,-1.112060546875,Start
9477,3.030517578125,0.3203125,-1.42138671875,InProgress
9479,4.396484375,-0.2900390625,-1.825439453125,InProgress
9511,2.880859375,1.7236328125,-0.39208984375,Finish
9512,1.891845703125,1.45458984375,-0.00732421875,Resetting
9545,0.6669921875,0.337158203125,-0.37890625,Resetting
9546,0.77880859375,0.421875,-0.593994140625,Resetting
9554,1.630615234375,0.4521484375,-1.233642578125,Resetting
9583,1.40185546875,0.108642578125,-1.303466796875,Resetting
9584,0.7724609375,0.095458984375,-0.988525390625,Resetting
9616,0.40380859375,0.216552734375,-0.52294921875,Resetting
9617,0.03662109375,0.158203125,-0.2705078125,Resetting
9644,-0.29541015625,-0.029052734375,-0.279296875,Reset
9649,-0.565185546875,0.13134765625,-0.51318359375,Unknown
9700,-0.797607421875,0.181396484375,-0.769775390625,Unknown
9701,-1.048583984375,0.181884765625,-0.7939453125,Unknown
9702,-1.227294921875,0.2275390625,-0.66162109375,Unknown
9735,-1.166259765625,0.044189453125,-0.54638671875,Unknown
9736,-1.0849609375,0.102294921875,-0.5146484375,Unknown
9769,-0.941162109375,0.25439453125,-0.494873046875,Unknown
9770,-0.914794921875,0.37451171875,-0.516845703125,Unknown
9777,-0.923095703125,0.451904296875,-0.6875,Unknown
9810,-0.907958984375,0.34033203125,-0.8837890625,Unknown
9811,-0.971435546875,0.382568359375,-1.006591796875,Unknown
9845,-1.05419921875,0.586181640625,-1.062255859375,Unknown
9846,-1.18798828125,0.74951171875,-0.97607421875,Unknown
9879,-1.44677734375,0.775390625,-0.874755859375,Unknown
9880,-1.6201171875,0.69873046875,-0.746826171875,Unknown
9890,-1.729248046875,0.62841796875,-0.72998046875,Unknown
9923,-1.805419921875,0.43017578125,-0.808837890625,Unknown
9924,-1.804443359375,0.29833984375,-0.935302734375,Unknown
9958,-1.794677734375,0.0966796875,-1.037109375,Unknown
9959,-1.788818359375,-0.03564453125,-1.019775390625,Unknown
9991,-1.744140625,-0.12890625,-0.97802734375,Unknown
9992,-1.845947265625,-0.392578125,-0.93212890625,Unknown
10000,-1.871826171875,-0.6220703125,-0.96533203125,Unknown
10035,-1.9638671875,-0.736328125,-0.848388671875,Unknown
10036,-2.101318359375,-0.79736328125,-0.5234375,Unknown
10060,-2.192626953125,-0.873779296875,-0.0478515625,Unknown
10065,-2.1083984375,-1.3671875,0.712646484375,Unknown
10080,-1.9130859375,-1.63916015625,1.021484375,Unknown
10116,-1.08984375,-1.614501953125,0.137451171875,Unknown
10118,0.477783203125,-0.677490234375,-1.312744140625,Unknown
10151,2.593017578125,0.06396484375,-2.1962890625,Start
10153,6.077392578125,0.004150390625,-0.983154296875,InProgress
10160,7.999755859375,-0.65478515625,-1.359375,InProgress
10176,3.564697265625,4.566650390625,-0.322509765625,Finish
10223,-1.508056640625,1.2626953125,0.650146484375,Resetting
10223,-0.03466796875,0.576904296875,-1.239990234375,Resetting
10236,3.346435546875,0.299072265625,-1.493896484375,Resetting
10240,3.33251953125,0.12060546875,-1.148193359375,Resetting
10272,2.219482421875,0.140869140625,-0.428466796875,Resetting
10274,1.158203125,0.147216796875,-0.1923828125,Resetting
10306,0.025390625,-0.052490234375,-0.141845703125,Resetting
10307,-0.635498046875,-0.289794921875,-0.280517578125,Reset
10340,-0.859619140625,-0.361083984375,-0.384033203125,Unknown
10341,-1.258544921875,-0.241455078125,-0.4033203125,Unknown
10375,-1.770751953125,-0.21337890625,-0.43310546875,Unknown
10376,-1.836669921875,-0.345458984375,-0.425048828125,Unknown
10384,-1.623779296875,-0.38818359375,-0.50390625,Unknown
10417,-1.323486328125,-0.321533203125,-0.65380859375,Unknown
10419,-1.16357421875,-0.026611328125,-0.89453125,Unknown
10451,-1.241455078125,0.201904296875,-1.029296875,Unknown
10452,-1.38818359375,0.31005859375,-0.995849609375,Unknown
10466,-1.35107421875,0.208740234375,-0.923828125,Unknown
10479,-1.2109375,0.2470703125,-0.853271484375,Unknown
10515,-1.072021484375,0.38427734375,-0.712890625,Unknown
10517,-0.9345703125,0.552490234375,-0.60302734375,Unknown
10551,-0.900634765625,0.579345703125,-0.54248046875,Unknown
10552,-0.857666015625,0.491943359375,-0.559326171875,Unknown
10559,-0.81884765625,0.36572265625,-0.6025390625,Unknown
10575,-0.787841796875,0.254638671875,-0.63427734375,Unknown
10610,-0.71826171875,0.222412109375,-0.59326171875,Unknown
10611,-0.65869140625,0.29248046875,-0.532470703125,Unknown
10644,-0.613525390625,0.33984375,-0.460693359375,Unknown
10645,-0.606689453125,0.367431640625,-0.439208984375,Unknown
10679,-0.614501953125,0.3447265625,-0.4453125,Unknown
10680,-0.625732421875,0.3095703125,-0.552001953125,Unknown
10686,-0.60009765625,0.375,-0.627197265625,Unknown
10703,-0.58837890625,0.45654296875,-0.6513671875,Unknown
10739,-0.62451171875,0.510009765625,-0.6396484375,Unknown
10740,-0.6845703125,0.523193359375,-0.641357421875,Unknown
10773,-0.725341796875,0.58251953125,-0.695556640625,Unknown
10774,-0.8154296875,0.595947265625,-0.748291015625,Unknown
10808,-0.905517578125,0.666748046875,-0.848876953125,Unknown
10809,-0.998779296875,0.711181640625,-0.910400390625,Unknown
10815,-1.142578125,0.669921875,-0.87060546875,Unknown
10833,-1.2890625,0.636474609375,-0.813232421875,Unknown
10863,-1.376708984375,0.501953125,-0.944580078125,Unknown
10864,-1.524658203125,0.49072265625,-1.0751953125,Unknown
10884,-1.590576171875,0.4365234375,-1.08837890625,Unknown
10916,-1.671630859375,0.30712890625,-1.083740234375,Unknown
10917,-1.743408203125,0.195068359375,-1.024169921875,Unknown
10926,-1.826416015625,0.067626953125,-0.909423828125,Unknown
10943,-1.835693359375,-0.036865234375,-0.826416015625,Unknown
10977,-1.8271484375,-0.188720703125,-0.7060546875,Unknown
10979,-1.93408203125,-0.5439453125,-0.527099609375,Unknown
11011,-2.259033203125,-1.2197265625,-0.13330078125,Unknown
11012,-2.488525390625,-1.916748046875,0.484619140625,Unknown
11045,-1.8857421875,-1.67822265625,0.701171875,Unknown
11046,-0.634033203125,-1.001953125,0.033203125,Unknown
11054,0.700927734375,-0.488037109375,-1.009521484375,Start
11071,1.901611328125,0.157470703125,-1.5029296875,InProgress
11104,4.41015625,-0.14599609375,-0.785400390625,InProgress
11105,7.999755859375,-1.59326171875,-1.419677734375,InProgress
11138,5.88916015625,4.196533203125,-1.262939453125,Finish
11139,-0.94580078125,2.23388671875,0.572265625,Resetting
11171,-0.390380859375,0.7158203125,-0.066162109375,Resetting
11172,2.00341796875,0.692138671875,-1.267822265625,Resetting
11205,3.293212890625,0.132568359375,-1.580810546875,Resetting
11206,2.088134765625,-0.195068359375,-1.156005859375,Resetting
11214,1.35302734375,0.188232421875,-0.63134765625,Resetting
11247,0.514404296875,0.295654296875,-0.127685546875,Resetting
11250,-0.2626953125,0.057373046875,-0.0556640625,Reset
11282,-0.88623046875,-0.080810546875,-0.135498046875,Unknown
11284,-1.2529296875,0.038330078125,-0.34521484375,Unknown
11309,-1.620849609375,-0.00830078125,-0.48974609375,Unknown
11310,-1.904052734375,-0.150634765625,-0.510498046875,Unknown
11344,-1.659423828125,-0.136962890625,-0.422607421875,Unknown
11345,-1.333740234375,-0.00244140625,-0.44580078125,Unknown
11379,-1.38525390625,0.204345703125,-0.56591796875,Unknown
11380,-1.47119140625,0.298095703125,-0.59619140625,Unknown
11412,-1.484375,0.282470703125,-0.575927734375,Unknown
11414,-1.339599609375,0.2109375,-0.64013671875,Unknown
11421,-1.201904296875,0.21044921875,-0.730712890625,Unknown
11455,-1.115966796875,0.31591796875,-0.697021484375,Unknown
11456,-1.028076171875,0.37744140625,-0.537353515625,Unknown
11512,-1.00439453125,0.392333984375,-0.44873046875,Unknown
11514,-0.96923828125,0.374755859375,-0.45361328125,Unknown
11515,-0.943359375,0.369140625,-0.5537109375,Unknown
11516,-0.91259765625,0.358154296875,-0.595947265625,Unknown
11550,-0.848388671875,0.38330078125,-0.598876953125,Unknown
11551,-0.805419921875,0.413818359375,-0.541015625,Unknown
11584,-0.782958984375,0.431884765625,-0.498046875,Unknown
11585,-0.747314453125,0.38232421875,-0.528076171875,Unknown
11618,-0.72314453125,0.44580078125,-0.498046875,Unknown
11619,-0.705078125,0.4541015625,-0.46435546875,Unknown
11651,-0.724609375,0.442626953125,-0.498046875,Unknown
11652,-0.761962890625,0.3974609375,-0.553466796875,Unknown
11660,-0.790771484375,0.371337890625,-0.652099609375,Unknown
11676,-0.79052734375,0.42626953125,-0.7021484375,Unknown
11709,-0.826904296875,0.481201171875,-0.67138671875,Unknown
11710,-0.89111328125,0.575927734375,-0.65673828125,Unknown
11735,-0.9892578125,0.5908203125,-0.683349609375,Unknown
11740,-1.119873046875,0.584228515625,-0.759033203125,Unknown
11756,-1.2939453125,0.576171875,-0.8828125,Unknown
11790,-1.591064453125,0.54443359375,-1.035400390625,Unknown
11791,-1.77880859375,0.490234375,-1.088623046875,Unknown
11825,-1.802978515625,0.273193359375,-1.131591796875,Unknown
11826,-1.721923828125,0.09228515625,-1.108642578125,Unknown
11859,-1.59423828125,0.059814453125,-0.950439453125,Unknown
11860,-1.454833984375,-0.044189453125,-0.732666015625,Unknown
11868,-1.42626953125,-0.279541015625,-0.4560546875,Unknown
11900,-1.488037109375,-0.53759765625,-0.142822265625,Unknown
11901,-1.593505859375,-0.791259765625,0.09765625,Unknown
11934,-1.845947265625,-0.99951171875,0.39794921875,Unknown
11935,-1.99072265625,-1.30810546875,0.9560546875,Unknown
11967,-1.972900390625,-1.685546875,1.528076171875,Unknown
11969,-1.53857421875,-1.607177734375,1.6162109375,Unknown
12001,-0.1484375,-0.87353515625,0.200439453125,Unknown
12002,1.4755859375,-0.4013671875,-1.73486328125,Start
12037,2.07861328125,0.33056640625,-1.88623046875,InProgress
12039,4.006591796875,-0.8974609375,-0.493896484375,InProgress
12044,7.999755859375,-1.488525390625,-0.69140625,InProgress
12059,6.458251953125,3.90185546875,-1.10986328125,Finish
12094,-2.328125,2.703369140625,0.626708984375,Resetting
12095,-1.233642578125,1.581787109375,-0.712890625,Resetting
12142,0.49072265625,-0.697265625,-2.7373046875,Resetting
12144,1.84912109375,0.163330078125,-1.79638671875,Resetting
12156,2.851318359375,0.41064453125,-0.871337890625,Resetting
12157,2.4912109375,0.4765625,-0.194091796875,Resetting
12190,1.164794921875,0.291748046875,-0.15966796875,Resetting
12196,0.246826171875,0.059326171875,-0.298828125,Resetting
12224,-0.389404296875,-0.163818359375,-0.4287109375,Reset
12226,-0.997314453125,-0.27294921875,-0.66162109375,Unknown
12259,-1.425537109375,-0.15771484375,-0.794677734375,Unknown
12260,-1.43505859375,0.052978515625,-0.7470703125,Unknown
12266,-1.373291015625,0.12841796875,-0.613525390625,Unknown
12300,-1.251953125,0.038330078125,-0.534912109375,Unknown
12301,-1.16357421875,0.06396484375,-0.56005859375,Unknown
12335,-1.162353515625,0.106689453125,-0.640625,Unknown
12336,-1.086669921875,0.175048828125,-0.703369140625,Unknown
12369,-1.03466796875,0.256591796875,-0.727783203125,Unknown
12370,-1.002197265625,0.25341796875,-0.596435546875,Unknown
12379,-1.041015625,0.32177734375,-0.493896484375,Unknown
12411,-1.08642578125,0.259765625,-0.45361328125,Unknown
12412,-1.151123046875,0.235107421875,-0.557861328125,Unknown
12445,-1.0947265625,0.37158203125,-0.65625,Unknown
12446,-1.081787109375,0.324462890625,-0.65625,Unknown
12479,-1.06201171875,0.3828125,-0.58203125,Unknown
12480,-1.019775390625,0.447509765625,-0.5576171875,Unknown
12512,-0.991943359375,0.345458984375,-0.592041015625,Unknown
12515,-0.963134765625,0.365234375,-0.6435546875,Unknown
12522,-0.903564453125,0.48828125,-0.58984375,Unknown
12555,-0.9150390625,0.497314453125,-0.59130859375,Unknown
12556,-0.89794921875,0.4580078125,-0.6357421875,Unknown
12591,-0.85595703125,0.433349609375,-0.622802734375,Unknown
12592,-0.848388671875,0.383056640625,-0.660888671875,Unknown
12625,-0.885986328125,0.423583984375,-0.6171875,Unknown
12626,-0.854248046875,0.427978515625,-0.5478515625,Unknown
12634,-0.860595703125,0.34130859375,-0.57666015625,Unknown
12649,-0.86865234375,0.361083984375,-0.642578125,Unknown
12684,-0.966064453125,0.359619140625,-0.726318359375,Unknown
12685,-1.08056640625,0.312744140625,-0.790771484375,Unknown
12720,-1.18408203125,0.374755859375,-0.755126953125,Unknown
12721,-1.262451171875,0.368408203125,-0.620361328125,Unknown
12754,-1.28515625,0.265869140625,-0.602294921875,Unknown
12755,-1.3125,0.040283203125,-0.65283203125,Unknown
12782,-1.330322265625,-0.0224609375,-0.640380859375,Unknown
12784,-1.311279296875,-0.075439453125,-0.573974609375,Unknown
12839,-1.314697265625,-0.22265625,-0.614501953125,Unknown
12840,-1.34619140625,-0.40966796875,-0.67236328125,Unknown
12841,-1.352294921875,-0.4609375,-0.666015625,Unknown
12842,-1.29541015625,-0.578369140625,-0.539794921875,Unknown
12875,-1.25537109375,-0.8193359375,-0.248046875,Unknown
12876,-1.287109375,-1.16943359375,0.06201171875,Unknown
12911,-1.529541015625,-1.24658203125,0.25244140625,Unknown
12912,-1.60693359375,-1.40283203125,0.371826171875,Unknown
12945,-1.545654296875,-1.233642578125,0.078857421875,Unknown
12946,-0.91796875,-1.068115234375,-0.357421875,Unknown
12954,0.11669921875,-0.615478515625,-1.0234375,Unknown
12969,1.4853515625,0.12353515625,-1.71484375,Start
13005,3.370361328125,0.703369140625,-1.368408203125,InProgress
13006,4.7138671875,-0.27685546875,-0.59033203125,InProgress
13040,3.64599609375,2.22802734375,-0.07666015625,Finish
13041,2.35009765625,1.883056640625,-0.92333984375,Resetting
13049,0.02880859375,1.23681640625,-1.440185546875,Resetting
13067,1.11328125,0.68994140625,-1.266845703125,Resetting
13101,2.237060546875,0.617431640625,-1.19580078125,Resetting
13102,1.679443359375,0.57470703125,-0.71484375,Resetting
13135,1.29931640625,0.428466796875,-0.55322265625,Resetting
13136,0.7470703125,0.210205078125,-0.53564453125,Resetting
13144,0.120361328125,-0.09375,-0.614013671875,Resetting
13161,-0.77880859375,-0.24609375,-0.66162109375,Reset
13194,-1.9453125,-0.364501953125,-0.613525390625,Unknown
13195,-2.761962890625,-0.685302734375,-0.68359375,Unknown
13229,-3.10498046875,-1.219970703125,-0.7705078125,Unknown
13230,-3.336669921875,-1.219970703125,-0.7587890625,Unknown
13262,-3.02685546875,-1.234130859375,-0.854736328125,Unknown
13264,-2.427001953125,-1.32763671875,-0.8701171875,Unknown
13273,-1.93994140625,-1.35693359375,-0.6337890625,Unknown
13292,-1.634033203125,-1.482421875,-0.257080078125,Unknown
13325,-1.303466796875,-1.33203125,-0.203857421875,Unknown
13326,-0.656005859375,-1.11572265625,-0.539794921875,Unknown
13360,0.139892578125,-0.4814453125,-1.214599609375,Unknown
13361,1.185302734375,0.12890625,-1.419677734375,Start
13368,2.1767578125,0.42333984375,-1.169189453125,InProgress
13385,2.568603515625,0.53564453125,-0.768310546875,InProgress
13424,3.0556640625,1.856201171875,-1.366943359375,InProgress
13425,2.094482421875,2.083251953125,-1.1279296875,Finish
13431,0.943115234375,1.603759765625,-1.177001953125,Resetting
13447,1.698974609375,0.8017578125,-1.552734375,Resetting
13482,1.227294921875,0.879638671875,-1.071533203125,Resetting
13484,0.6640625,0.435546875,-0.997314453125,Resetting
13516,0.00146484375,0.049560546875,-1.087158203125,Resetting
13517,-0.694580078125,-0.425537109375,-0.8212890625,Resetting
13551,-1.067138671875,-0.6826171875,-0.202392578125,Reset
13552,-1.37939453125,-0.919189453125,-0.155029296875,Unknown
13559,-1.629150390625,-1.04931640625,-0.157470703125,Unknown
13576,-1.83984375,-1.712646484375,0.10302734375,Unknown
13610,-2.466552734375,-2.310791015625,0.287841796875,Unknown
13611,-2.642578125,-2.51806640625,0.182861328125,Unknown
13644,-2.156982421875,-2.82275390625,0.13916015625,Unknown
13645,-1.67529296875,-2.199951171875,-0.214111328125,Unknown
13679,-0.93115234375,-1.35498046875,-0.817138671875,Unknown
13680,-0.14306640625,-0.50048828125,-1.107177734375,Unknown
13687,0.609130859375,0.14990234375,-0.8427734375,Start
13704,1.825927734375,0.212890625,0.06640625,InProgress
13737,4.28369140625,1.501220703125,-1.0478515625,InProgress
13739,4.86474609375,3.716796875,-1.8154296875,InProgress
13771,0.961669921875,2.948974609375,-1.284423828125,Finish
13772,1.187255859375,0.937255859375,-1.355712890625,Resetting
13806,1.537109375,0.90283203125,-1.082763671875,Resetting
13807,0.9130859375,0.6748046875,-1.068359375,Resetting
13815,0.67431640625,0.411865234375,-0.784912109375,Resetting
13831,0.567626953125,0.119140625,-0.546142578125,Resetting
13865,0.296630859375,0.01220703125,-0.49462890625,Resetting
13866,0.040771484375,-0.08203125,-0.42822265625,Resetting
13899,-0.439453125,-0.296630859375,-0.5517578125,Reset
13900,-1.035400390625,-0.292724609375,-0.6865234375,Unknown
13935,-1.618408203125,-0.7841796875,-0.988037109375,Unknown
13937,-2.480712890625,-0.999755859375,-1.002685546875,Unknown
13942,-2.763671875,-1.2421875,-0.799072265625,Unknown
13959,-2.801513671875,-1.343505859375,-0.58837890625,Unknown
13992,-2.6748046875,-1.52392578125,-0.66162109375,Unknown
13994,-2.67578125,-1.892822265625,-1.053466796875,Unknown
14026,-2.738525390625,-2.015380859375,-1.10302734375,Unknown
14027,-2.847900390625,-1.858154296875,-0.771484375,Unknown
14062,-2.707763671875,-1.961669921875,-0.116943359375,Unknown
14064,-2.760498046875,-2.063720703125,0.57275390625,Unknown
14070,-2.654296875,-2.12255859375,0.78173828125,Unknown
14090,-1.931396484375,-2.1494140625,0.367431640625,Unknown
14124,-0.58642578125,-1.533935546875,-0.4765625,Unknown
14125,0.96630859375,-0.25634765625,-1.251220703125,Start
14160,2.81298828125,0.61376953125,-1.18994140625,InProgress
14161,6.197021484375,-0.07080078125,-0.197998046875,InProgress
14166,7.999755859375,-0.15771484375,-2.07958984375,InProgress
14182,3.243896484375,3.923095703125,-1.2685546875,Finish
14218,-2.334228515625,2.18310546875,0.21630859375,Resetting
14219,-0.457275390625,0.13525390625,-0.67626953125,Resetting
14253,1.2685546875,0.674560546875,-1.339599609375,Resetting
14254,2.248779296875,0.32421875,-1.673583984375,Resetting
14261,2.986083984375,-0.1220703125,-1.44921875,Resetting
14295,1.948974609375,0.0048828125,-0.681396484375,Resetting
14296,0.96435546875,-0.04345703125,-0.274658203125,Resetting
14330,0.327880859375,-0.147216796875,-0.206787109375,Resetting
14331,-0.0849609375,-0.2900390625,-0.170166015625,Reset
14364,-0.708984375,-0.249267578125,-0.28466796875,Unknown
14365,-1.24853515625,-0.159912109375,-0.389892578125,Unknown
14373,-1.422607421875,-0.296875,-0.408935546875,Unknown
14405,-1.485595703125,-0.375732421875,-0.4287109375,Unknown
14406,-1.463623046875,-0.370849609375,-0.4111328125,Unknown
14440,-1.40576171875,-0.23974609375,-0.436279296875,Unknown
14441,-1.281494140625,-0.125244140625,-0.48095703125,Unknown
14474,-1.24072265625,0.072509765625,-0.5869140625,Unknown
14475,-1.194091796875,0.133056640625,-0.630126953125,Unknown
14509,-1.177001953125,0.14013671875,-0.688232421875,Unknown
14510,-1.04736328125,0.137939453125,-0.654541015625,Unknown
14516,-0.976318359375,0.2421875,-0.625732421875,Unknown
14549,-0.923583984375,0.41064453125,-0.533203125,Unknown
14550,-0.91552734375,0.374755859375,-0.529296875,Unknown
14583,-0.9150390625,0.35498046875,-0.655029296875,Unknown
14584,-0.87646484375,0.36767578125,-0.6201171875,Unknown
14617,-0.89599609375,0.40234375,-0.5546875,Unknown
14618,-0.882568359375,0.364501953125,-0.56103515625,Unknown
14652,-0.831298828125,0.4970703125,-0.57568359375,Unknown
14653,-0.81787109375,0.449462890625,-0.6591796875,Unknown
14660,-0.84033203125,0.646728515625,-0.692138671875,Unknown
14704,-0.853759765625,0.6953125,-0.689208984375,Unknown
14705,-1,0.66552734375,-0.7666015625,Unknown
14706,-1.100830078125,0.678955078125,-0.910400390625,Unknown
14724,-1.304443359375,0.73681640625,-1.002685546875,Unknown
14743,-1.427978515625,0.67822265625,-1.023681640625,Unknown
14777,-1.545654296875,0.451416015625,-1.051025390625,Unknown
14778,-1.5703125,0.306884765625,-0.9912109375,Unknown
14813,-1.560302734375,0.1533203125,-0.93212890625,Unknown
14814,-1.477783203125,-0.0673828125,-0.9873046875,Unknown
14820,-1.501708984375,-0.430908203125,-1.1240234375,Unknown
14837,-1.53515625,-0.6455078125,-1.11767578125,Unknown
14869,-1.558349609375,-0.743896484375,-0.8037109375,Unknown
14870,-1.546142578125,-1.152099609375,-0.297607421875,Unknown
14904,-1.8642578125,-1.437744140625,-0.071044921875,Unknown
14905,-2.071533203125,-1.54638671875,0.2490234375,Unknown
14940,-2.23876953125,-1.831298828125,0.830322265625,Unknown
14942,-1.939453125,-1.947265625,1.251220703125,Unknown
14948,-1.125244140625,-1.432373046875,0.80859375,Unknown
14964,0.23046875,-0.557373046875,-0.777099609375,Unknown
14997,1.67431640625,-0.347412109375,-1.931396484375,Start
14998,2.7998046875,0.43408203125,-1.717041015625,InProgress
15032,5.90576171875,-0.709716796875,-0.69384765625,InProgress
15033,7.999755859375,2.810302734375,-1.16943359375,InProgress
15068,0.968994140625,3.169677734375,-0.21142578125,Finish
15069,-1.2138671875,1.48046875,-0.281005859375,Resetting
15075,1.850341796875,0.2578125,-1.6328125,Resetting
15092,2.515625,0.248291015625,-1.91943359375,Resetting
15124,2.809814453125,-0.19775390625,-1.486328125,Resetting
15125,2.2412109375,0.01611328125,-0.587890625,Resetting
15160,1.265380859375,0.074462890625,-0.03857421875,Resetting
15162,0.38720703125,-0.079345703125,0.035888671875,Resetting
15194,-0.43017578125,-0.236328125,-0.068115234375,Reset
15195,-1.10107421875,-0.273681640625,-0.350341796875,Unknown
15203,-1.420654296875,-0.36767578125,-0.528564453125,Unknown
15219,-1.771240234375,-0.408447265625,-0.534423828125,Unknown
15252,-1.904052734375,-0.456787109375,-0.383056640625,Unknown
15253,-1.77587890625,-0.535888671875,-0.26611328125,Unknown
15288,-1.541748046875,-0.390380859375,-0.231201171875,Unknown
15289,-1.3603515625,-0.1728515625,-0.2998046875,Unknown
15355,-1.3916015625,-0.123779296875,-0.493896484375,Unknown
15357,-1.341552734375,-0.02880859375,-0.611328125,Unknown
15358,-1.32421875,-0.0576171875,-0.58544921875,Unknown
15359,-1.199951171875,-0.023681640625,-0.59228515625,Unknown
15363,-1.076416015625,-0.00048828125,-0.52880859375,Unknown
15379,-0.95263671875,0.14990234375,-0.47412109375,Unknown
15412,-0.899658203125,0.209228515625,-0.516845703125,Unknown
15413,-0.861328125,0.326904296875,-0.48388671875,Unknown
15445,-0.861328125,0.30029296875,-0.600830078125,Unknown
15446,-0.858154296875,0.31640625,-0.739990234375,Unknown
15482,-0.878662109375,0.367919921875,-0.821533203125,Unknown
15483,-1.02587890625,0.515625,-0.883544921875,Unknown
15490,-1.073486328125,0.70849609375,-0.966552734375,Unknown
15507,-1.1767578125,0.721435546875,-1.099609375,Unknown
15539,-1.27001953125,0.8115234375,-1.178955078125,Unknown
15540,-1.384765625,0.96484375,-1.241943359375,Unknown
15573,-1.38671875,0.962646484375,-1.249755859375,Unknown
15574,-1.328369140625,0.80322265625,-1.140869140625,Unknown
15608,-1.248779296875,0.50048828125,-0.970458984375,Unknown
15609,-1.183349609375,0.03759765625,-0.90478515625,Unknown
15641,-1.15673828125,-0.31689453125,-0.8115234375,Unknown
15642,-1.14990234375,-0.736572265625,-0.528076171875,Unknown
15649,-1.245849609375,-1.28759765625,-0.04931640625,Unknown
15665,-1.65087890625,-1.644287109375,0.040771484375,Unknown
15700,-2.149169921875,-1.57666015625,-0.083740234375,Unknown
15701,-2.298095703125,-1.76513671875,0.28076171875,Unknown
15735,-2.13330078125,-2.2421875,0.97021484375,Unknown
15736,-1.72900390625,-2.25634765625,1.19580078125,Unknown
15769,-0.861328125,-1.41943359375,0.340576171875,Unknown
15770,0.552490234375,-0.42578125,-1.109619140625,Start
15776,2.072509765625,-0.070556640625,-1.74169921875,InProgress
15794,4.518310546875,-0.050537109375,-1.4853515625,InProgress
15828,7.655029296875,-0.0751953125,-0.82568359375,InProgress
15829,5.811767578125,4.855712890625,-0.54052734375,Finish
15861,-0.439697265625,2.93359375,-0.005615234375,Resetting
15863,0.798583984375,1.1728515625,-2.1923828125,Resetting
15895,2.22021484375,-0.298095703125,-2.61572265625,Resetting
15896,2.124267578125,0.304931640625,-1.07080078125,Resetting
15929,2.3046875,0.17529296875,-0.17822265625,Resetting
15930,1.4677734375,0.1005859375,0.144775390625,Resetting
15936,0.669189453125,-0.062744140625,-0.09814453125,Resetting
15954,0.052734375,-0.306884765625,-0.44482421875,Resetting
15983,-0.6611328125,-0.4267578125,-0.647216796875,Reset
15984,-1.22412109375,-0.508056640625,-0.66455078125,Unknown
16004,-1.379150390625,-0.4208984375,-0.559326171875,Unknown
16039,-1.498046875,-0.45068359375,-0.401123046875,Unknown
16040,-1.5869140625,-0.351806640625,-0.302978515625,Unknown
16073,-1.440673828125,-0.34423828125,-0.359130859375,Unknown
16074,-1.25634765625,-0.1787109375,-0.590576171875,Unknown
16081,-1.222412109375,0.043701171875,-0.742919921875,Unknown
16099,-1.151123046875,0.093017578125,-0.78564453125,Unknown
16131,-1.12646484375,0.090087890625,-0.7734375,Unknown
16132,-1.01953125,0.1533203125,-0.67138671875,Unknown
16167,-1.00830078125,0.1982421875,-0.665283203125,Unknown
16169,-0.9873046875,0.257080078125,-0.679443359375,Unknown
16176,-0.936767578125,0.2666015625,-0.699951171875,Unknown
16191,-0.928955078125,0.359130859375,-0.731201171875,Unknown
16225,-1.0341796875,0.416259765625,-0.826416015625,Unknown
16226,-1.19140625,0.5849609375,-0.843994140625,Unknown
16259,-1.201416015625,0.613037109375,-0.915771484375,Unknown
16260,-1.23291015625,0.5400390625,-0.977294921875,Unknown
16286,-1.239013671875,0.54296875,-0.94677734375,Unknown
16287,-1.239501953125,0.551513671875,-0.89013671875,Unknown
16320,-1.26416015625,0.59814453125,-0.858154296875,Unknown
16321,-1.3115234375,0.50634765625,-0.845947265625,Unknown
16356,-1.3212890625,0.187255859375,-0.983154296875,Unknown
16357,-1.418701171875,0.06884765625,-0.978515625,Unknown
16390,-1.540771484375,-0.06396484375,-0.95849609375,Unknown
16391,-1.70361328125,-0.215087890625,-0.87744140625,Unknown
16400,-1.71875,-0.555908203125,-0.60986328125,Unknown
16415,-1.613037109375,-1.009033203125,-0.1865234375,Unknown
16447,-1.599609375,-1.236083984375,0.046142578125,Unknown
16449,-1.546142578125,-1.522216796875,0.228515625,Unknown
16484,-1.493896484375,-1.381103515625,0.195068359375,Unknown
16485,-1.178955078125,-1.087646484375,-0.25830078125,Unknown
16518,-0.415771484375,-0.780029296875,-0.909912109375,Unknown
16519,0.345947265625,-0.621826171875,-1.08349609375,Unknown
16527,0.801025390625,-0.153564453125,-0.801025390625,Start
16542,1.416259765625,0.04931640625,-0.553955078125,InProgress
16575,2.596923828125,1.039306640625,-0.319091796875,InProgress
16576,4.179443359375,2.8291015625,-0.81982421875,InProgress
16635,2.536865234375,3.929443359375,-2.45703125,Finish
16636,1.510009765625,0.992431640625,-3.1162109375,Resetting
16637,1.572998046875,1.535400390625,-1.358154296875,Resetting
16639,1.47314453125,0.946044921875,-0.665283203125,Resetting
16656,0.853759765625,0.39111328125,-0.641357421875,Resetting
16690,0.40380859375,0.074951171875,-0.475341796875,Resetting
16691,-0.2705078125,-0.214599609375,-0.105224609375,Resetting
16724,-1.118896484375,-0.76318359375,0.272705078125,Resetting
16725,-1.818115234375,-1.447021484375,0.739013671875,Resetting
16757,-2.61572265625,-2.1640625,1.02734375,Reset
16759,-2.6923828125,-2.621337890625,0.758056640625,Unknown
16766,-2.446533203125,-2.56689453125,0.02197265625,Unknown
16800,-1.83154296875,-1.952880859375,-0.469482421875,Unknown
16801,-1.1962890625,-1.504638671875,-0.396728515625,Unknown
16834,-0.5771484375,-0.9912109375,-0.386474609375,Unknown
16835,0.0517578125,-0.469970703125,-0.405517578125,Unknown
16869,0.777099609375,-0.26708984375,-0.504638671875,Start
16870,1.7236328125,1.250244140625,-1.705078125,InProgress
16902,2.61572265625,2.343994140625,-2.9375,InProgress
16904,1.919189453125,2.99169921875,-2.257080078125,Finish
16911,1.478515625,2.000732421875,-1.21533203125,Resetting
16944,0.94287109375,1.3642578125,-1.236328125,Resetting
16945,0.12744140625,0.531982421875,-1.373779296875,Resetting
16978,-0.727783203125,-0.121826171875,-1.073486328125,Resetting
16979,-1.38427734375,-0.66162109375,-0.134521484375,Resetting
17011,-1.493408203125,-1.64453125,0.88916015625,Reset
17013,-2.111572265625,-2.050048828125,0.971923828125,Unknown
17045,-2.35498046875,-2.174560546875,0.558349609375,Unknown
17046,-2.14111328125,-2.119140625,-0.364501953125,Unknown
17054,-1.72509765625,-1.508544921875,-0.985107421875,Unknown
17086,-1.072021484375,-0.81396484375,-0.906982421875,Unknown
17088,-0.388671875,-0.322021484375,-0.4921875,Unknown
17101,0.408447265625,-0.133056640625,-0.112548828125,Unknown
17134,1.6962890625,1.80810546875,-1.771240234375,Start
17135,2.76318359375,2.379150390625,-2.65283203125,InProgress
17168,1.606201171875,3.037109375,-1.52978515625,Finish
17169,1.170166015625,1.374267578125,-1.172119140625,Resetting
17201,0.35400390625,0.75390625,-1.232177734375,Resetting
17202,-0.463134765625,0.153564453125,-1.269287109375,Resetting
17235,-1.336181640625,-0.374267578125,-1.010986328125,Resetting
17237,-1.82763671875,-0.84912109375,-0.273193359375,Resetting
17268,-1.866943359375,-1.4189453125,0.241455078125,Resetting
17269,-2.203857421875,-1.92822265625,0.283203125,Reset
17302,-2.193115234375,-1.905029296875,-0.222412109375,Unknown
17303,-1.71728515625,-1.62890625,-0.951904296875,Unknown
17309,-1.013916015625,-0.8564453125,-1.239013671875,Unknown
17328,-0.1171875,-0.038330078125,-0.8134765625,Unknown
17362,0.8291015625,0.181396484375,-0.04638671875,Start
17363,1.94775390625,1.32275390625,-0.969482421875,InProgress
17398,2.87939453125,1.88916015625,-2.133544921875,InProgress
17399,1.94580078125,2.7685546875,-1.327880859375,Finish
17405,1.5546875,1.337890625,-1.058349609375,Resetting
17422,0.822998046875,0.65966796875,-1.16357421875,Resetting
17454,0.075439453125,0.335205078125,-1.060791015625,Resetting
17455,-0.87353515625,-0.004638671875,-0.904541015625,Resetting
17488,-1.873291015625,-0.446533203125,-0.51904296875,Resetting
17489,-2.0439453125,-1.1748046875,0.126220703125,Resetting
17503,-2.563720703125,-2.03955078125,0.401611328125,Reset
17535,-2.947021484375,-2.1318359375,0.001220703125,Unknown
17537,-2.3701171875,-1.942626953125,-0.829345703125,Unknown
17570,-1.720458984375,-1.23193359375,-1.23486328125,Unknown
17572,-0.881591796875,-0.591796875,-1.074462890625,Unknown
17604,-0.0576171875,-0.035888671875,-0.789794921875,Unknown
17605,0.97119140625,0.495849609375,-0.301513671875,Start
17614,2.477294921875,0.346923828125,-0.597412109375,InProgress
17632,3.328125,1.73291015625,-2.02734375,InProgress
17668,2.448486328125,2.38916015625,-1.438720703125,Finish
17669,1.5625,1.42431640625,-0.89990234375,Resetting
17678,1.2666015625,0.738037109375,-0.96044921875,Resetting
17693,1.124755859375,0.74560546875,-0.764892578125,Resetting
17725,0.56103515625,0.521484375,-0.68798828125,Resetting
17727,0.17919921875,0.247314453125,-0.672119140625,Resetting
17760,-0.115478515625,0.1181640625,-0.594482421875,Resetting
17762,-0.399169921875,-0.017822265625,-0.48291015625,Resetting
17794,-0.8544921875,-0.213134765625,-0.587158203125,Reset
17795,-1.34130859375,-0.517822265625,-0.8564453125,Unknown
17829,-1.859375,-0.484619140625,-1.00390625,Unknown
17830,-2.35693359375,-0.683349609375,-1.02685546875,Unknown
17837,-2.47509765625,-0.92041015625,-1.060546875,Unknown
17869,-2.3447265625,-1.270263671875,-1.251708984375,Unknown
17872,-2.32080078125,-1.377197265625,-1.374755859375,Unknown
17903,-2.262939453125,-1.542724609375,-1.298095703125,Unknown
17904,-2.135986328125,-1.666259765625,-1.0546875,Unknown
17926,-2.034912109375,-1.6845703125,-0.7109375,Unknown
17933,-2.0859375,-1.6689453125,-0.373291015625,Unknown
17965,-2.1259765625,-1.66357421875,0.0107421875,Unknown
17967,-1.98095703125,-2.106201171875,0.5595703125,Unknown
17999,-1.5771484375,-2.423095703125,0.806640625,Unknown
18000,-0.72265625,-2.238037109375,0.217041015625,Unknown
18034,0.58544921875,-1.0341796875,-1.085205078125,Start
18035,2.5615234375,0.045654296875,-1.837158203125,InProgress
18068,4.658203125,0.5615234375,-0.79931640625,InProgress
18069,7.999755859375,-0.307373046875,0.001220703125,InProgress
18075,4.546875,4.23583984375,-1.198486328125,Finish
18093,-0.354248046875,2.067626953125,-0.72900390625,Resetting
18125,-0.745361328125,0.92138671875,-0.7109375,Resetting
18127,2.07373046875,0.0244140625,-1.639892578125,Resetting
18159,2.550048828125,0.415771484375,-1.166259765625,Resetting
18160,2.322021484375,0.3525390625,-0.58447265625,Resetting
18193,1.5341796875,0.1640625,-0.43115234375,Resetting
18194,0.53369140625,-0.164794921875,-0.353271484375,Resetting
18227,-0.275634765625,-0.432373046875,-0.34130859375,Reset
18228,-0.8525390625,-0.555419921875,-0.4130859375,Unknown
18235,-1.21142578125,-0.44482421875,-0.465087890625,Unknown
18269,-1.466552734375,-0.47119140625,-0.495849609375,Unknown
18270,-1.60302734375,-0.552001953125,-0.39501953125,Unknown
18303,-1.495849609375,-0.728759765625,-0.3798828125,Unknown
18304,-1.308349609375,-0.77978515625,-0.428955078125,Unknown
18318,-1.09814453125,-0.73583984375,-0.614501953125,Unknown
18333,-1.2900390625,-0.607421875,-0.957763671875,Unknown
18366,-1.585205078125,-0.475830078125,-1.1796875,Unknown
18367,-1.709716796875,-0.461181640625,-1.300537109375,Unknown
18400,-1.626708984375,-0.577392578125,-1.31298828125,Unknown
18401,-1.56591796875,-0.663818359375,-1.184326171875,Unknown
18434,-1.58447265625,-0.678955078125,-1.1171875,Unknown
18435,-1.6005859375,-0.632568359375,-1.1162109375,Unknown
18442,-1.614013671875,-0.69921875,-1.188720703125,Unknown
18460,-1.726806640625,-0.848388671875,-1.1748046875,Unknown
18492,-1.90234375,-1.11181640625,-0.8642578125,Unknown
18494,-2.2333984375,-1.44384765625,-0.361083984375,Unknown
18555,-2.385986328125,-1.9462890625,0.14306640625,Unknown
18556,-2.225830078125,-1.858642578125,0.09765625,Unknown
18557,-1.5458984375,-1.62060546875,-0.25732421875,Unknown
18559,-0.361572265625,-0.684814453125,-0.786376953125,Unknown
18577,1.200439453125,0.228271484375,-1.427001953125,Start
18611,3.66455078125,0.0517578125,-0.72900390625,InProgress
18612,6.188720703125,-0.88720703125,-0.71875,InProgress
18617,6.23779296875,3.1962890625,-0.213623046875,InProgress
18651,1.43115234375,1.872314453125,-0.61474609375,Finish
18652,-1.130859375,0.177490234375,-1.62939453125,Resetting
18686,0.59619140625,-0.074951171875,-1.141357421875,Resetting
18687,2.097412109375,0.341552734375,-1.044189453125,Resetting
18721,2.476318359375,0.47021484375,-0.655029296875,Resetting
18722,2.092529296875,0.383544921875,-0.359130859375,Resetting
18736,1.146728515625,0.258544921875,-0.379150390625,Resetting
18769,0.28759765625,-0.08251953125,-0.614990234375,Resetting
18770,-0.388916015625,-0.439208984375,-0.780517578125,Reset
18778,-0.8994140625,-0.410888671875,-0.656494140625,Unknown
18794,-1.23095703125,-0.2236328125,-0.601318359375,Unknown
18826,-1.63134765625,-0.260498046875,-0.56005859375,Unknown
18827,-1.859375,-0.488037109375,-0.517822265625,Unknown
18860,-1.78955078125,-0.59716796875,-0.595458984375,Unknown
18861,-1.6806640625,-0.697265625,-0.84521484375,Unknown
18895,-1.944091796875,-0.867431640625,-1.105224609375,Unknown
18896,-1.921630859375,-0.791015625,-1.16943359375,Unknown
18929,-1.84375,-0.84619140625,-1.197998046875,Unknown
18930,-1.796142578125,-0.90478515625,-1.158447265625,Unknown
18936,-1.646728515625,-0.99072265625,-0.955322265625,Unknown
18970,-1.523681640625,-1.1337890625,-0.6572265625,Unknown
18971,-1.62353515625,-1.266357421875,-0.44775390625,Unknown
19004,-1.780517578125,-1.49951171875,-0.05908203125,Unknown
19005,-1.8818359375,-1.8701171875,0.300048828125,Unknown
19039,-1.794189453125,-1.98486328125,0.318603515625,Unknown
19040,-1.283935546875,-1.7265625,-0.081787109375,Unknown
19072,-0.126220703125,-0.6884765625,-1.141845703125,Unknown
19074,1.246826171875,-0.108154296875,-1.714599609375,Start
19081,2.81640625,0.217529296875,-1.115478515625,InProgress
19114,4.78515625,-0.697509765625,-0.84033203125,InProgress
19115,5.911865234375,2.107666015625,-0.65478515625,InProgress
19147,2.189697265625,2.85791015625,-0.78564453125,Finish
19149,-1.34765625,1.567626953125,-1.07421875,Resetting
19187,0.5927734375,0.163818359375,-1.438720703125,Resetting
19189,1.9130859375,0.267822265625,-1.3671875,Resetting
19192,1.598388671875,0.5185546875,-1.021484375,Resetting
19211,1.43603515625,0.306396484375,-0.72412109375,Resetting
19244,0.908447265625,0.276611328125,-0.442138671875,Resetting
19245,0.288818359375,0.145263671875,-0.30322265625,Resetting
19277,-0.186279296875,-0.20947265625,-0.39794921875,Reset
19278,-0.48095703125,-0.458984375,-0.560302734375,Unknown
19311,-0.71875,-0.48095703125,-0.68701171875,Unknown
19312,-1.029052734375,-0.349609375,-0.77734375,Unknown
19320,-1.244384765625,-0.324462890625,-0.779296875,Unknown
19354,-1.31103515625,-0.47412109375,-0.729736328125,Unknown
19355,-1.38330078125,-0.591064453125,-0.82275390625,Unknown
19389,-1.368896484375,-0.770263671875,-0.907958984375,Unknown
19390,-1.425537109375,-0.880126953125,-0.986083984375,Unknown
19424,-1.515869140625,-0.8447265625,-1.1181640625,Unknown
19425,-1.544677734375,-0.859619140625,-1.21337890625,Unknown
19432,-1.54443359375,-0.964111328125,-1.21044921875,Unknown
19465,-1.461669921875,-1.180419921875,-0.9404296875,Unknown
19466,-1.561279296875,-1.277099609375,-0.54736328125,Unknown
19499,-1.517333984375,-1.579345703125,-0.198486328125,Unknown
19500,-1.450439453125,-1.762939453125,-0.113525390625,Unknown
19533,-1.186767578125,-1.69775390625,-0.256591796875,Unknown
19534,-0.708984375,-0.904296875,-0.7431640625,Unknown
19567,0.0498046875,-0.222900390625,-1.080810546875,Unknown
19568,0.646728515625,-0.002197265625,-1.251708984375,Start
19582,1.08935546875,0.4326171875,-1.075927734375,InProgress
19601,1.932861328125,-0.10009765625,-0.474365234375,InProgress
19606,2.142333984375,2.031494140625,-1.53662109375,InProgress
19656,3.482666015625,2.434814453125,-1.49462890625,InProgress
19659,1.12060546875,2.87255859375,-0.50634765625,Finish
19659,1.120361328125,1.3896484375,-0.984375,Resetting
19691,1.09814453125,0.21142578125,-1.50439453125,Resetting
19704,0.147216796875,0.216552734375,-1.271240234375,Resetting
19725,-0.335693359375,0.099853515625,-1.089111328125,Resetting
19726,-0.92822265625,-0.164306640625,-0.83251953125,Resetting
19760,-1.361083984375,-0.652587890625,-0.22119140625,Resetting
19761,-1.306640625,-1.4169921875,0.60986328125,Resetting
19766,-1.93896484375,-2.232421875,0.54150390625,Reset
19784,-2.40771484375,-1.821533203125,-0.26513671875,Unknown
19823,-1.6279296875,-1.470947265625,-1.410400390625,Unknown
19824,-0.997314453125,-1.117431640625,-1.541015625,Unknown
19830,-0.495849609375,-0.32666015625,-0.920654296875,Unknown
19848,0.048828125,-0.06591796875,-0.43798828125,Unknown
19882,0.953369140625,0.10693359375,-0.812744140625,Start
19883,2.05908203125,1.5888671875,-2.266357421875,InProgress
19915,1.8203125,2.51220703125,-1.5107421875,Finish
19917,1.063232421875,1.962890625,-0.783447265625,Resetting
19952,0.85400390625,0.65966796875,-1.140869140625,Resetting
19953,0.008056640625,0.376708984375,-0.95166015625,Resetting
19958,-0.505615234375,0.17919921875,-0.825927734375,Resetting
19974,-0.910888671875,-0.22119140625,-0.716064453125,Resetting
20007,-0.997314453125,-0.497802734375,-0.523193359375,Resetting
20008,-0.64501953125,-0.58984375,-0.3330078125,Resetting
20040,-0.481201171875,-0.357177734375,-0.353271484375,Reset
20041,-0.343017578125,-0.232421875,-0.499755859375,Unknown
20074,-0.29150390625,-0.185791015625,-0.69189453125,Unknown
20075,-0.298583984375,-0.103515625,-0.790283203125,Unknown
20110,-0.29638671875,-0.122802734375,-0.85546875,Unknown
20113,-0.256591796875,-0.214111328125,-0.8896484375,Unknown
20118,-0.21044921875,-0.32080078125,-0.846923828125,Unknown
20134,-0.150634765625,-0.28125,-0.749267578125,Unknown
20168,-0.1240234375,-0.166015625,-0.62890625,Unknown
20169,-0.114990234375,-0.058837890625,-0.61279296875,Unknown
20202,-0.131591796875,0.130126953125,-0.665283203125,Unknown
20203,-0.165283203125,0.187744140625,-0.826171875,Unknown
20235,-0.208984375,0.1640625,-1.01904296875,Unknown
20236,-0.302978515625,0.203125,-1.08935546875,Unknown
20269,-0.428466796875,0.3818359375,-1.065673828125,Unknown
20270,-0.455078125,0.572998046875,-0.997314453125,Unknown
20278,-0.49560546875,0.7001953125,-0.9326171875,Unknown
20295,-0.51171875,0.73583984375,-0.979736328125,Unknown
20332,-0.52294921875,0.8193359375,-1.024658203125,Unknown
20333,-0.464111328125,0.8271484375,-0.99755859375,Unknown
20365,-0.443359375,0.768798828125,-0.973388671875,Unknown
20367,-0.438232421875,0.8369140625,-0.910888671875,Unknown
20389,-0.409912109375,0.91796875,-0.949462890625,Unknown
20390,-0.36328125,0.95361328125,-0.965576171875,Unknown
20423,-0.33203125,0.94384765625,-0.87451171875,Unknown
20424,-0.34716796875,0.888671875,-0.8515625,Unknown
20463,-0.330078125,0.856201171875,-0.859619140625,Unknown
20464,-0.307861328125,0.844970703125,-0.81787109375,Unknown
20469,-0.295166015625,0.833984375,-0.796630859375,Unknown
20488,-0.255615234375,0.7900390625,-0.815673828125,Unknown
20520,-0.189697265625,0.775146484375,-0.81005859375,Unknown
20522,-0.1630859375,0.73291015625,-0.807373046875,Unknown
20554,-0.14794921875,0.63818359375,-0.808349609375,Unknown
20555,-0.14404296875,0.551025390625,-0.857177734375,Unknown
20589,-0.11962890625,0.581298828125,-0.836669921875,Unknown
20590,-0.080078125,0.604736328125,-0.76806640625,Unknown
20597,-0.048583984375,0.634765625,-0.71435546875,Unknown
20613,-0.011474609375,0.630615234375,-0.719482421875,Unknown
20645,0.022216796875,0.575927734375,-0.70703125,Unknown
20647,0.0439453125,0.42724609375,-0.73583984375,Unknown
20680,0.033935546875,0.369140625,-0.787841796875,Unknown
20682,0.0185546875,0.44189453125,-0.80126953125,Unknown
20714,0.02294921875,0.43310546875,-0.8095703125,Unknown
20715,-0.00927734375,0.42626953125,-0.913818359375,Unknown
20748,-0.122802734375,0.763916015625,-1.36279296875,Unknown
20749,-0.12890625,1.035400390625,-1.23974609375,Unknown
20756,-0.103759765625,0.866943359375,-1.031005859375,Unknown
20773,-0.102783203125,0.47216796875,-0.926513671875,Unknown
20787,-0.08544921875,0.491943359375,-0.71044921875,Unknown
20808,-0.01220703125,0.42138671875,-0.611328125,Unknown
20840,-0.01513671875,0.443603515625,-0.680419921875,Unknown
20841,-0.04345703125,0.609130859375,-0.75341796875,Unknown
20874,-0.0712890625,0.6416015625,-0.817138671875,Unknown
20877,-0.12060546875,0.631591796875,-0.87744140625,Unknown
20884,-0.14013671875,0.573974609375,-0.977294921875,Unknown
20900,-0.1572265625,0.522705078125,-0.873046875,Unknown
20933,-0.160400390625,0.511474609375,-0.847900390625,Unknown
20934,-0.18408203125,0.679443359375,-0.7177734375,Unknown
20968,-0.1318359375,0.585693359375,-0.841552734375,Unknown
20969,-0.091064453125,0.51318359375,-0.876708984375,Unknown
21003,-0.062744140625,0.43212890625,-0.88623046875,Unknown
21004,-0.024658203125,0.3642578125,-0.854248046875,Unknown
21011,0.037353515625,0.33203125,-0.876953125,Unknown
21044,0.095947265625,0.3984375,-1.0009765625,Unknown
21045,0.140869140625,0.43603515625,-0.962890625,Unknown
21109,0.147216796875,0.425537109375,-0.925048828125,Unknown
21110,0.112548828125,0.544189453125,-0.8662109375,Unknown
21111,0.13330078125,0.391357421875,-0.84033203125,Unknown
21113,0.099365234375,0.299072265625,-0.9443359375,Unknown
21130,0.078857421875,0.357421875,-0.975830078125,Unknown
21165,0.038818359375,0.461669921875,-0.92236328125,Unknown
21166,0.008544921875,0.456298828125,-0.912841796875,Unknown
21171,-0.0078125,0.4638671875,-0.879638671875,Unknown
21186,-0.023193359375,0.463623046875,-0.8212890625,Unknown
21203,-0.009521484375,0.435791015625,-0.878173828125,Unknown
21235,-0.023193359375,0.427490234375,-0.948486328125,Unknown
21236,-0.017333984375,0.48876953125,-0.9306640625,Unknown
21270,-0.01904296875,0.4970703125,-0.892822265625,Unknown
21271,-0.00830078125,0.447509765625,-0.88232421875,Unknown
21304,0.00244140625,0.40380859375,-0.904296875,Unknown
21305,0.003662109375,0.463623046875,-0.891845703125,Unknown
21339,0.0283203125,0.4599609375,-0.91748046875,Unknown
21340,0.052001953125,0.438720703125,-0.908935546875,Unknown
21348,0.056884765625,0.4404296875,-0.86669921875,Unknown
21380,0.06005859375,0.406005859375,-0.89453125,Unknown
21381,0.036376953125,0.435791015625,-0.896728515625,Unknown
21415,0.03173828125,0.420654296875,-0.8876953125,Unknown
21416,0.045654296875,0.41064453125,-0.896728515625,Unknown
21449,0.04833984375,0.441650390625,-0.908447265625,Unknown
21450,0.05078125,0.4501953125,-0.93017578125,Unknown
21458,0.056884765625,0.418212890625,-0.928466796875,Unknown
21474,0.06103515625,0.38623046875,-0.913818359375,Unknown
21506,0.06689453125,0.392333984375,-0.876953125,Unknown
21508,0.076904296875,0.381103515625,-0.910888671875,Unknown
21540,0.087158203125,0.38525390625,-0.937255859375,Unknown
21541,0.100341796875,0.40966796875,-0.929443359375,Unknown
21574,0.103759765625,0.390625,-0.917724609375,Unknown
21575,0.107666015625,0.3740234375,-0.911376953125,Unknown
21600,0.09375,0.3935546875,-0.892333984375,Unknown
21601,0.093017578125,0.38427734375,-0.906494140625,Unknown
21634,0.0986328125,0.378662109375,-0.906494140625,Unknown
21635,0.103515625,0.3642578125,-0.9189453125,Unknown
21668,0.117431640625,0.37255859375,-0.911376953125,Unknown
21669,0.116943359375,0.397216796875,-0.908935546875,Unknown
21701,0.109619140625,0.37451171875,-0.9287109375,Unknown
21703,0.11572265625,0.361572265625,-0.916259765625,Unknown
21743,0.1123046875,0.345947265625,-0.916748046875,Unknown
21744,0.124267578125,0.33349609375,-0.908935546875,Unknown
21745,0.132080078125,0.3564453125,-0.906982421875,Unknown
21761,0.147705078125,0.3525390625,-0.913330078125,Unknown
21794,0.1533203125,0.341552734375,-0.93603515625,Unknown
21795,0.158203125,0.3466796875,-0.9169921875,Unknown
21828,0.13818359375,0.346435546875,-0.9130859375,Unknown
21829,0.14306640625,0.3359375,-0.9052734375,Unknown
21862,0.152587890625,0.310546875,-0.918212890625,Unknown
21863,0.160888671875,0.303466796875,-0.937255859375,Unknown
21895,0.16259765625,0.324951171875,-0.947998046875,Unknown
21896,0.159423828125,0.334228515625,-0.936279296875,Unknown
21928,0.163330078125,0.345458984375,-0.927978515625,Unknown
21930,0.16796875,0.351318359375,-0.923828125,Unknown
21936,0.17626953125,0.33203125,-0.913330078125,Unknown
21970,0.17431640625,0.354248046875,-0.890380859375,Unknown
21972,0.17333984375,0.373779296875,-0.892822265625,Unknown
22005,0.1826171875,0.372802734375,-0.925537109375,Unknown
22006,0.177001953125,0.341064453125,-0.925048828125,Unknown
22020,0.168212890625,0.37841796875,-0.90625,Unknown
22052,0.163818359375,0.395751953125,-0.901123046875,Unknown
22054,0.175048828125,0.381103515625,-0.92236328125,Unknown
22086,0.18359375,0.39111328125,-0.907958984375,Unknown
22087,0.17919921875,0.364501953125,-0.920654296875,Unknown
22120,0.18603515625,0.362060546875,-0.89013671875,Unknown
22121,0.188232421875,0.365966796875,-0.892822265625,Unknown
22127,0.208740234375,0.402587890625,-0.876953125,Unknown
22161,0.228271484375,0.408447265625,-0.891357421875,Unknown
22162,0.237060546875,0.380859375,-0.8994140625,Unknown
22195,0.22265625,0.376953125,-0.900146484375,Unknown
22196,0.240966796875,0.399658203125,-0.8701171875,Unknown
22232,0.244384765625,0.38623046875,-0.887939453125,Unknown
22234,0.24951171875,0.372314453125,-0.9091796875,Unknown
22240,0.23583984375,0.357421875,-0.890625,Unknown
22255,0.224853515625,0.3857421875,-0.859130859375,Unknown
22289,0.217529296875,0.424560546875,-0.84716796875,Unknown
22290,0.218505859375,0.3779296875,-0.857666015625,Unknown
22322,0.206298828125,0.40966796875,-0.905029296875,Unknown
22324,0.23876953125,0.390625,-0.906494140625,Unknown
22394,0.240966796875,0.419921875,-0.866455078125,Unknown
22395,0.2080078125,0.49755859375,-0.85693359375,Unknown
22396,0.2568359375,0.375,-0.89697265625,Unknown
22397,0.226806640625,0.4375,-0.873046875,Unknown
22399,0.223876953125,0.4375,-0.88818359375,Unknown
22415,0.20361328125,0.42724609375,-0.876220703125,Unknown
22431,0.19677734375,0.43310546875,-0.8671875,Unknown
22464,0.177734375,0.355224609375,-0.955078125,Unknown
22465,0.18359375,0.423583984375,-0.880126953125,Unknown
22498,0.189453125,0.41015625,-0.868408203125,Unknown
22499,0.203369140625,0.400390625,-0.884765625,Unknown
22531,0.216064453125,0.409912109375,-0.878662109375,Unknown
22532,0.21826171875,0.44091796875,-0.87353515625,Unknown
22565,0.228759765625,0.422119140625,-0.864501953125,Unknown
22566,0.221923828125,0.400634765625,-0.875732421875,Unknown
22599,0.217041015625,0.413818359375,-0.888916015625,Unknown
22600,0.215576171875,0.435546875,-0.88623046875,Unknown
22606,0.21826171875,0.430908203125,-0.884521484375,Unknown
22640,0.21826171875,0.430908203125,-0.86865234375,Unknown
22641,0.214111328125,0.409912109375,-0.879638671875,Unknown
22675,0.181396484375,0.404052734375,-0.883056640625,Unknown
22676,0.20751953125,0.438232421875,-0.8798828125,Unknown
22709,0.216552734375,0.451171875,-0.864501953125,Unknown
22710,0.212890625,0.432861328125,-0.867919921875,Unknown
22719,0.21240234375,0.41162109375,-0.869384765625,Unknown
22735,0.21142578125,0.410888671875,-0.874267578125,Unknown
22769,0.21435546875,0.418212890625,-0.87939453125,Unknown
22770,0.218994140625,0.414794921875,-0.8818359375,Unknown
22805,0.234130859375,0.40771484375,-0.881103515625,Unknown
22806,0.22900390625,0.408203125,-0.862548828125,Unknown
22839,0.2158203125,0.40234375,-0.885498046875,Unknown
22840,0.2109375,0.428466796875,-0.86328125,Unknown
22863,0.2138671875,0.436279296875,-0.874267578125,Unknown
22864,0.214599609375,0.4365234375,-0.88037109375,Unknown
22896,0.219482421875,0.43115234375,-0.872802734375,Unknown
22898,0.21728515625,0.430908203125,-0.87158203125,Unknown
22933,0.21826171875,0.430908203125,-0.87841796875,Unknown
22934,0.21435546875,0.443115234375,-0.872314453125,Unknown
22966,0.217529296875,0.440673828125,-0.8662109375,Unknown
22967,0.217041015625,0.435302734375,-0.871826171875,Unknown
22975,0.21533203125,0.425048828125,-0.88671875,Unknown
22990,0.213623046875,0.435791015625,-0.8818359375,Unknown
23026,0.205322265625,0.4375,-0.885986328125,Unknown
23028,0.21484375,0.43505859375,-0.8544921875,Unknown
23037,0.214599609375,0.4296875,-0.853759765625,Unknown
23053,0.21875,0.424072265625,-0.84619140625,Unknown
23086,0.2158203125,0.4189453125,-0.876953125,Unknown
23087,0.21826171875,0.4228515625,-0.89404296875,Unknown
23121,0.209716796875,0.4169921875,-0.889892578125,Unknown
23122,0.212646484375,0.40283203125,-0.87841796875,Unknown
23156,0.203857421875,0.413330078125,-0.879638671875,Unknown
23157,0.218017578125,0.41943359375,-0.875732421875,Unknown
23166,0.22705078125,0.388916015625,-0.887939453125,Unknown
23181,0.21728515625,0.40673828125,-0.87451171875,Unknown
23214,0.2265625,0.421875,-0.844482421875,Unknown
23215,0.235595703125,0.4208984375,-0.848876953125,Unknown
23249,0.23193359375,0.41064453125,-0.880859375,Unknown
23250,0.23388671875,0.4189453125,-0.87158203125,Unknown
23264,0.208740234375,0.387939453125,-0.907470703125,Unknown
23282,0.18603515625,0.3525390625,-0.936767578125,Unknown
23316,0.194580078125,0.33642578125,-0.919189453125,Unknown
23317,0.20068359375,0.3408203125,-0.911376953125,Unknown
23325,0.207763671875,0.401123046875,-0.904541015625,Unknown
23340,0.219970703125,0.37060546875,-0.902587890625,Unknown
23376,0.20849609375,0.365966796875,-0.906982421875,Unknown
23377,0.201171875,0.35498046875,-0.912109375,Unknown
23410,0.1953125,0.33837890625,-0.9140625,Unknown
23411,0.201416015625,0.328125,-0.923828125,Unknown
23445,0.20654296875,0.338134765625,-0.90625,Unknown
23446,0.21240234375,0.333740234375,-0.902099609375,Unknown
23453,0.205322265625,0.34375,-0.89892578125,Unknown
23485,0.19384765625,0.34521484375,-0.9248046875,Unknown
23486,0.194091796875,0.33642578125,-0.92138671875,Unknown
23519,0.185302734375,0.34375,-0.919921875,Unknown
23520,0.19580078125,0.340576171875,-0.908203125,Unknown
23553,0.195068359375,0.338134765625,-0.904296875,Unknown
23555,0.194091796875,0.32080078125,-0.929931640625,Unknown
23589,0.195556640625,0.325439453125,-0.924072265625,Unknown
23590,0.210205078125,0.318115234375,-0.911865234375,Unknown
23596,0.2021484375,0.324951171875,-0.907958984375,Unknown
23630,0.200439453125,0.355224609375,-0.8837890625,Unknown
23631,0.206787109375,0.3583984375,-0.8994140625,Unknown
23662,0.204833984375,0.364990234375,-0.917236328125,Unknown
23664,0.204833984375,0.357666015625,-0.916748046875,Unknown
23686,0.1962890625,0.310302734375,-0.926025390625,Unknown
23692,0.20068359375,0.33251953125,-0.917724609375,Unknown
23725,0.205078125,0.321533203125,-0.927734375,Unknown
23726,0.199951171875,0.325439453125,-0.927734375,Unknown
23761,0.19189453125,0.36181640625,-0.911865234375,Unknown
23762,0.195068359375,0.3896484375,-0.892333984375,Unknown
23795,0.193359375,0.39501953125,-0.89501953125,Unknown
23796,0.20361328125,0.36962890625,-0.915283203125,Unknown
23803,0.207275390625,0.330810546875,-0.917724609375,Unknown
23837,0.209716796875,0.364990234375,-0.89111328125,Unknown
23839,0.213134765625,0.37939453125,-0.88037109375,Unknown
23871,0.205078125,0.390380859375,-0.893310546875,Unknown
23873,0.2099609375,0.383056640625,-0.9140625,Unknown
23905,0.199462890625,0.361572265625,-0.914794921875,Unknown
23906,0.197021484375,0.399658203125,-0.894775390625,Unknown
23939,0.207275390625,0.372802734375,-0.89794921875,Unknown
23940,0.209228515625,0.38916015625,-0.888427734375,Unknown
23946,0.207275390625,0.4072265625,-0.87939453125,Unknown
23964,0.2001953125,0.390625,-0.901611328125,Unknown
23996,0.194580078125,0.3974609375,-0.89404296875,Unknown
23997,0.19677734375,0.396484375,-0.89599609375,Unknown
24030,0.20361328125,0.389404296875,-0.88916015625,Unknown
24031,0.206298828125,0.39404296875,-0.874755859375,Unknown
24064,0.2021484375,0.3974609375,-0.894287109375,Unknown
24065,0.204345703125,0.3994140625,-0.900634765625,Unknown
24090,0.200927734375,0.408447265625,-0.891357421875,Unknown
24091,0.201904296875,0.407958984375,-0.887451171875,Unknown
24124,0.20703125,0.396484375,-0.8916015625,Unknown
24125,0.202880859375,0.40234375,-0.88232421875,Unknown
24158,0.20068359375,0.411376953125,-0.888671875,Unknown
24159,0.20361328125,0.4052734375,-0.882568359375,Unknown
24191,0.20068359375,0.402099609375,-0.8916015625,Unknown
24192,0.200927734375,0.393310546875,-0.892822265625,Unknown
24225,0.199462890625,0.410400390625,-0.88134765625,Unknown
24226,0.203857421875,0.39794921875,-0.886474609375,Unknown
24260,0.19921875,0.401611328125,-0.886474609375,Unknown
24261,0.20166015625,0.418212890625,-0.8857421875,Unknown
24266,0.20947265625,0.403564453125,-0.89697265625,Unknown
24303,0.200439453125,0.404052734375,-0.888427734375,Unknown
24304,0.202880859375,0.399658203125,-0.883056640625,Unknown
24338,0.202392578125,0.3955078125,-0.88818359375,Unknown
24339,0.197021484375,0.399169921875,-0.89013671875,Unknown
24346,0.19970703125,0.407470703125,-0.890869140625,Unknown
24379,0.197265625,0.409423828125,-0.8857421875,Unknown
24380,0.1982421875,0.403076171875,-0.8876953125,Unknown
24413,0.196044921875,0.4091796875,-0.89111328125,Unknown
24414,0.197509765625,0.403564453125,-0.888427734375,Unknown
24446,0.19384765625,0.410400390625,-0.89111328125,Unknown
24448,0.2021484375,0.408447265625,-0.8837890625,Unknown
24480,0.19921875,0.405029296875,-0.884521484375,Unknown
24481,0.195068359375,0.41650390625,-0.88330078125,Unknown
24495,0.1953125,0.411376953125,-0.89306640625,Unknown
24513,0.192626953125,0.40625,-0.897705078125,Unknown
24549,0.197509765625,0.40478515625,-0.898681640625,Unknown
24550,0.198974609375,0.40576171875,-0.895263671875,Unknown
24551,0.197509765625,0.4052734375,-0.886962890625,Unknown
24585,0.196533203125,0.407958984375,-0.87548828125,Unknown
24586,0.198486328125,0.400146484375,-0.878662109375,Unknown
24619,0.19921875,0.4013671875,-0.875244140625,Unknown
24620,0.20068359375,0.404296875,-0.890869140625,Unknown
24655,0.199462890625,0.40185546875,-0.901611328125,Unknown
24656,0.193359375,0.4033203125,-0.89306640625,Unknown
24691,0.193603515625,0.402099609375,-0.895263671875,Unknown
24693,0.198486328125,0.401611328125,-0.88916015625,Unknown
24698,0.19873046875,0.396728515625,-0.887451171875,Unknown
24714,0.19775390625,0.3916015625,-0.894287109375,Unknown
24748,0.195068359375,0.408447265625,-0.88818359375,Unknown
24749,0.198486328125,0.40771484375,-0.8857421875,Unknown
24783,0.19580078125,0.404296875,-0.893798828125,Unknown
24784,0.196044921875,0.40771484375,-0.8876953125,Unknown
24819,0.19921875,0.3896484375,-0.881591796875,Unknown
24820,0.18798828125,0.395263671875,-0.895263671875,Unknown
24825,0.193603515625,0.41162109375,-0.890625,Unknown
24841,0.201416015625,0.396484375,-0.898193359375,Unknown
24875,0.198486328125,0.401611328125,-0.892822265625,Unknown
24876,0.20166015625,0.406494140625,-0.88623046875,Unknown
24890,0.199462890625,0.40625,-0.884521484375,Unknown
24953,0.192626953125,0.389892578125,-0.89892578125,Unknown
24954,0.186279296875,0.40185546875,-0.8984375,Unknown
24955,0.19775390625,0.396728515625,-0.8984375,Unknown
24956,0.1962890625,0.398681640625,-0.8916015625,Unknown
24989,0.195556640625,0.406005859375,-0.885009765625,Unknown
24990,0.19677734375,0.394775390625,-0.884033203125,Unknown
25023,0.19677734375,0.40283203125,-0.8837890625,Unknown
25024,0.19970703125,0.4091796875,-0.884765625,Unknown
25033,0.193603515625,0.3974609375,-0.8955078125,Unknown
25066,0.18798828125,0.4052734375,-0.89599609375,Unknown
25068,0.19580078125,0.397216796875,-0.89990234375,Unknown
25103,0.195556640625,0.391845703125,-0.890869140625,Unknown
25132,0.1923828125,0.4033203125,-0.89111328125,Unknown
25140,0.201416015625,0.40478515625,-0.891357421875,Unknown
25141,0.19873046875,0.402587890625,-0.891357421875,Unknown
25145,0.19091796875,0.40576171875,-0.890625,Unknown
