29.812427,0.20361328125,0.468017578125,-0.866455078125,Unknown
29.826410,0.2041015625,0.45458984375,-0.861083984375,Unknown
29.843917,0.20751953125,0.463623046875,-0.8583984375,Unknown
29.878928,0.207275390625,0.460205078125,-0.85595703125,Unknown
29.879911,0.20654296875,0.45947265625,-0.8681640625,Unknown
29.912426,0.205078125,0.454345703125,-0.865966796875,Unknown
29.913926,0.20751953125,0.461181640625,-0.864501953125,Unknown
29.946424,0.20751953125,0.458740234375,-0.865478515625,Unknown
29.947426,0.2080078125,0.46142578125,-0.8642578125,Unknown
29.961413,0.208740234375,0.465087890625,-0.864013671875,Unknown
29.993912,0.208251953125,0.458251953125,-0.857421875,Unknown
29.994912,0.201171875,0.462158203125,-0.856201171875,Unknown
30.002427,0.201416015625,0.46044921875,-0.85498046875,Unknown
30.034927,0.206787109375,0.465087890625,-0.865234375,Unknown
30.036413,0.20458984375,0.468017578125,-0.855224609375,Unknown
30.069426,0.2041015625,0.465576171875,-0.856689453125,Unknown
30.070422,0.206787109375,0.46435546875,-0.855224609375,Unknown
30.103925,0.20166015625,0.456787109375,-0.871826171875,Unknown
30.104926,0.2021484375,0.462158203125,-0.873779296875,Unknown
30.112426,0.203857421875,0.460693359375,-0.86767578125,Unknown
30.146424,0.20703125,0.459228515625,-0.864013671875,Unknown
30.147412,0.206298828125,0.464599609375,-0.858642578125,Unknown
30.180753,0.205810546875,0.456787109375,-0.8623046875,Unknown
30.181249,0.202880859375,0.46435546875,-0.86572265625,Unknown
30.215262,0.20751953125,0.4658203125,-0.857421875,Unknown
30.216255,0.207275390625,0.460693359375,-0.851806640625,Unknown
30.222764,0.21337890625,0.46240234375,-0.853759765625,Unknown
30.255262,0.214111328125,0.462890625,-0.859375,Unknown
30.256256,0.2109375,0.45849609375,-0.869140625,Unknown
30.288766,0.204345703125,0.45166015625,-0.872314453125,Unknown
30.290261,0.210693359375,0.46337890625,-0.872314453125,Unknown
30.322760,0.205810546875,0.467529296875,-0.872802734375,Unknown
30.323752,0.200927734375,0.452880859375,-0.86962890625,Unknown
30.356265,0.200439453125,0.457763671875,-0.85693359375,Unknown
30.357755,0.198974609375,0.458740234375,-0.84765625,Unknown
30.371265,0.1982421875,0.4580078125,-0.846923828125,Unknown
30.427750,0.2021484375,0.463134765625,-0.84716796875,Unknown
30.429749,0.20068359375,0.461181640625,-0.851318359375,Unknown
30.431253,0.1904296875,0.443115234375,-0.889892578125,Unknown
30.465252,0.18798828125,0.453369140625,-0.902587890625,Unknown
30.466253,0.197021484375,0.435546875,-0.922607421875,Unknown
30.498751,0.2275390625,0.457763671875,-0.887939453125,Unknown
30.499749,0.2314453125,0.433837890625,-0.860107421875,Unknown
30.507769,0.23388671875,0.45556640625,-0.860107421875,Unknown
30.540114,0.2080078125,0.468017578125,-0.872314453125,Unknown
30.541104,0.221435546875,0.451904296875,-0.86767578125,Unknown
30.574114,0.21533203125,0.40771484375,-0.916748046875,Unknown
30.575105,0.239501953125,0.43798828125,-0.961669921875,Unknown
30.607614,0.261962890625,0.570556640625,-0.845947265625,Unknown
30.608602,0.223876953125,0.5068359375,-0.8515625,Unknown
30.641099,0.311279296875,0.39501953125,-0.9111328125,Unknown
30.642598,0.365966796875,0.4267578125,-0.934326171875,Unknown
30.650114,0.396484375,0.553955078125,-0.958251953125,Unknown
30.682616,0.49072265625,0.646484375,-0.923828125,Unknown
30.684103,0.23681640625,0.72607421875,-0.82177734375,Unknown
30.717614,0.462890625,0.46337890625,-0.9501953125,Unknown
30.719099,0.62158203125,0.740234375,-0.89990234375,Start
30.752614,0.612060546875,0.838134765625,-0.951171875,Finish
30.753614,0.6904296875,0.935791015625,-0.905029296875,Unknown
30.767598,0.69189453125,0.99560546875,-0.843994140625,Unknown
30.800115,0.683837890625,1.05859375,-0.832763671875,Unknown
30.801609,0.67236328125,1.142822265625,-0.839599609375,Unknown
30.807613,0.595703125,1.171875,-0.818359375,Unknown
30.840114,0.5341796875,1.158203125,-0.702880859375,Unknown
30.841612,0.420654296875,1.171142578125,-0.552734375,Unknown
30.874098,0.2802734375,1.17822265625,-0.537841796875,Unknown
30.875098,0.243896484375,1.164794921875,-0.47900390625,Unknown
30.907614,0.16357421875,1.267333984375,-0.499267578125,Unknown
30.908613,0.052490234375,1.293212890625,-0.560791015625,Unknown
30.941602,-0.12060546875,1.263916015625,-0.61181640625,Unknown
30.942614,-0.262451171875,1.2958984375,-0.553466796875,Unknown
30.950115,-0.349365234375,1.302978515625,-0.421142578125,Unknown
30.982615,-0.42724609375,1.1875,-0.357177734375,Unknown
30.984108,-0.517333984375,1.039306640625,-0.45458984375,Unknown
31.017615,-0.581298828125,1.0166015625,-0.519775390625,Unknown
31.019100,-0.65625,0.949462890625,-0.54443359375,Unknown
31.067599,-0.685546875,0.886962890625,-0.548095703125,Unknown
31.069114,-0.690185546875,0.92822265625,-0.50537109375,Unknown
31.070115,-0.695068359375,0.8603515625,-0.49169921875,Unknown
31.076615,-0.74853515625,0.87109375,-0.452392578125,Unknown
31.109114,-0.726806640625,0.78515625,-0.421630859375,Unknown
31.110113,-0.73876953125,0.6416015625,-0.453857421875,Unknown
31.144114,-0.738037109375,0.640625,-0.3994140625,Unknown
31.145114,-0.68701171875,0.597900390625,-0.32666015625,Unknown
31.159114,-0.70947265625,0.528076171875,-0.274169921875,Unknown
31.191620,-0.6689453125,0.4765625,-0.282470703125,Unknown
31.192616,-0.6318359375,0.42431640625,-0.23388671875,Unknown
31.225116,-0.615966796875,0.41748046875,-0.1962890625,Unknown
31.226614,-0.60009765625,0.396484375,-0.13818359375,Unknown
31.234114,-0.6025390625,0.367919921875,-0.14697265625,Unknown
31.267614,-0.59228515625,0.394775390625,-0.17431640625,Unknown
31.268619,-0.602783203125,0.381591796875,-0.163818359375,Unknown
31.301616,-0.629150390625,0.35107421875,-0.072021484375,Unknown
31.302615,-0.618408203125,0.26904296875,-0.075927734375,Unknown
31.336616,-0.635986328125,0.15283203125,-0.134521484375,Unknown
31.337615,-0.626220703125,0.131103515625,-0.141357421875,Unknown
31.345099,-0.6630859375,0.04736328125,-0.1689453125,Unknown
31.380115,-0.634033203125,0.017578125,-0.219970703125,Unknown
31.381615,-0.627685546875,-0.005615234375,-0.21728515625,Unknown
31.414106,-0.598388671875,-0.05419921875,-0.241943359375,Unknown
31.415114,-0.60986328125,-0.0517578125,-0.2939453125,Unknown
31.447614,-0.620849609375,-0.039794921875,-0.26025390625,Unknown
31.449107,-0.662353515625,-0.052490234375,-0.255615234375,Unknown
31.456615,-0.687255859375,0.071044921875,-0.146484375,Unknown
31.489107,-0.740966796875,0.1552734375,-0.101318359375,Unknown
31.490114,-0.77734375,0.187255859375,-0.135986328125,Unknown
31.524112,-0.8203125,0.162353515625,-0.157958984375,Unknown
31.525115,-0.831787109375,0.18798828125,-0.12353515625,Unknown
31.557615,-0.871337890625,0.178955078125,-0.1591796875,Unknown
31.559108,-0.884521484375,0.139404296875,-0.214599609375,Unknown
31.574115,-0.908203125,0.105224609375,-0.21533203125,Unknown
31.581618,-0.933349609375,0.109130859375,-0.17822265625,Unknown
31.614115,-0.927490234375,0.09765625,-0.177001953125,Unknown
31.615114,-0.920166015625,0.08740234375,-0.1640625,Unknown
31.648615,-0.907958984375,0.109619140625,-0.1337890625,Unknown
31.650115,-0.9267578125,0.1181640625,-0.0966796875,Unknown
31.707616,-0.939697265625,0.124267578125,-0.03515625,Unknown
31.709122,-0.937744140625,0.122802734375,-0.0048828125,Unknown
31.710123,-0.93994140625,0.158447265625,-0.00341796875,Unknown
31.711616,-0.94873046875,0.16552734375,0.001953125,Unknown
31.745114,-0.958984375,0.18310546875,0.05615234375,Unknown
31.746616,-0.95703125,0.11767578125,0.034423828125,Unknown
31.779098,-0.947021484375,0.114013671875,0.00634765625,Unknown
31.780114,-0.9306640625,0.12841796875,0.058349609375,Unknown
31.788114,-0.91943359375,0.10107421875,0.011474609375,Unknown
31.822614,-0.925048828125,0.064208984375,-0.038330078125,Unknown
31.824116,-0.90625,0.04638671875,-0.05810546875,Unknown
31.856616,-0.87548828125,0.043212890625,-0.03759765625,Unknown
31.857614,-0.87939453125,0.052734375,-0.02490234375,Unknown
31.866616,-0.885009765625,0.068603515625,0.0068359375,Unknown
31.899099,-0.900390625,0.0361328125,-0.000244140625,Unknown
31.900115,-0.9140625,-0.016845703125,-0.026611328125,Unknown
31.933114,-0.9091796875,-0.008056640625,-0.044189453125,Unknown
31.933598,-0.910400390625,-0.048828125,-0.089599609375,Unknown
31.967614,-0.911376953125,-0.082275390625,-0.14697265625,Unknown
31.968598,-0.939697265625,-0.108642578125,-0.19189453125,Unknown
31.983114,-0.986572265625,-0.10595703125,-0.22314453125,Unknown
31.993114,-1.013427734375,-0.12255859375,-0.262939453125,Unknown
32.026614,-1.052001953125,-0.117919921875,-0.265380859375,Unknown
32.027615,-1.095947265625,-0.11767578125,-0.261962890625,Unknown
32.060614,-1.13916015625,-0.119140625,-0.272216796875,Unknown
32.061614,-1.150390625,-0.109130859375,-0.268798828125,Unknown
32.097615,-1.161865234375,-0.119140625,-0.26123046875,Unknown
32.098598,-1.148681640625,-0.0966796875,-0.254150390625,Unknown
32.104114,-1.135986328125,-0.037353515625,-0.21044921875,Unknown
32.138114,-1.12451171875,-0.0419921875,-0.1943359375,Unknown
32.139114,-1.0849609375,-0.046875,-0.19580078125,Unknown
32.171615,-1.05908203125,0.008544921875,-0.1787109375,Unknown
32.172614,-1.014404296875,-0.0556640625,-0.184326171875,Unknown
32.206614,-0.99755859375,-0.081298828125,-0.184814453125,Unknown
32.207614,-0.966064453125,-0.076904296875,-0.164794921875,Unknown
32.213614,-0.95263671875,-0.08203125,-0.1611328125,Unknown
32.246598,-0.925537109375,-0.1240234375,-0.168212890625,Unknown
32.247615,-0.9091796875,-0.14453125,-0.18408203125,Unknown
32.280114,-0.879638671875,-0.161865234375,-0.188232421875,Unknown
32.281114,-0.865478515625,-0.1650390625,-0.196044921875,Unknown
32.313614,-0.8466796875,-0.152099609375,-0.19970703125,Unknown
32.315114,-0.858642578125,-0.093505859375,-0.160400390625,Unknown
32.347615,-0.881591796875,-0.09521484375,-0.201416015625,Unknown
32.348614,-0.90185546875,-0.060791015625,-0.200439453125,Unknown
32.356614,-0.94775390625,-0.021484375,-0.211181640625,Unknown
32.391114,-0.9794921875,0.041748046875,-0.219482421875,Unknown
32.392614,-1.018798828125,0.109375,-0.175048828125,Unknown
32.406116,-1.053466796875,0.159912109375,-0.169921875,Unknown
32.439099,-1.058349609375,0.21142578125,-0.21337890625,Unknown
32.440115,-1.05712890625,0.301513671875,-0.215576171875,Unknown
32.472614,-1.056396484375,0.35302734375,-0.175048828125,Unknown
32.473608,-1.05859375,0.39013671875,-0.130126953125,Unknown
32.506598,-1.079833984375,0.407470703125,-0.116943359375,Unknown
32.507614,-1.0751953125,0.405517578125,-0.111572265625,Unknown
32.513609,-1.04443359375,0.394287109375,-0.10693359375,Unknown
32.546099,-1.020263671875,0.362060546875,-0.11181640625,Unknown
32.547614,-0.994873046875,0.3291015625,-0.1162109375,Unknown
32.581116,-0.979736328125,0.240234375,-0.12109375,Unknown
32.582615,-0.923095703125,0.240966796875,-0.091796875,Unknown
32.615115,-0.91552734375,0.1982421875,-0.111328125,Unknown
32.616115,-0.9560546875,0.125732421875,-0.146240234375,Unknown
32.625115,-0.99853515625,0.08935546875,-0.135009765625,Unknown
32.657615,-0.984375,0.04736328125,-0.1552734375,Unknown
32.659098,-0.97998046875,0.099365234375,-0.153564453125,Unknown
32.691601,-0.974853515625,0.091552734375,-0.09521484375,Unknown
32.692615,-0.978759765625,0.0166015625,-0.090087890625,Unknown
32.725114,-1.0146484375,-0.01513671875,-0.094970703125,Unknown
32.727615,-0.9873046875,0.052734375,-0.0625,Unknown
32.735115,-1.006103515625,-0.011474609375,-0.068359375,Unknown
32.767615,-1.0146484375,-0.11083984375,-0.132080078125,Unknown
32.768599,-1.013427734375,-0.096435546875,-0.191162109375,Unknown
32.801599,-1.010986328125,-0.093017578125,-0.185791015625,Unknown
32.802618,-0.97802734375,-0.076904296875,-0.1904296875,Unknown
32.816598,-0.96728515625,0.01953125,-0.2314453125,Unknown
32.849102,-0.996826171875,0.10791015625,-0.265869140625,Unknown
32.850103,-1.01708984375,0.149658203125,-0.302978515625,Unknown
32.884103,-1.02587890625,0.110107421875,-0.333251953125,Unknown
32.885105,-0.997802734375,0.106201171875,-0.303955078125,Unknown
32.892614,-0.97314453125,0.042724609375,-0.24560546875,Unknown
32.925115,-0.939697265625,-0.04638671875,-0.218017578125,Unknown
32.926606,-0.93408203125,-0.15087890625,-0.20263671875,Unknown
32.959105,-0.89111328125,-0.240966796875,-0.21142578125,Unknown
32.960604,-0.87744140625,-0.288330078125,-0.211669921875,Unknown
32.987614,-0.888916015625,-0.356201171875,-0.19384765625,Unknown
32.989104,-0.82666015625,-0.396728515625,-0.19580078125,Unknown
33.021603,-0.832763671875,-0.3447265625,-0.178466796875,Unknown
33.022605,-0.840576171875,-0.346435546875,-0.185791015625,Unknown
33.055114,-0.86376953125,-0.354736328125,-0.2119140625,Unknown
33.056603,-0.89453125,-0.29345703125,-0.2060546875,Unknown
33.089108,-0.92919921875,-0.255126953125,-0.187255859375,Unknown
33.090105,-0.9716796875,-0.2392578125,-0.171875,Unknown
33.122614,-0.99609375,-0.20654296875,-0.1875,Unknown
33.125614,-1.018310546875,-0.148193359375,-0.174072265625,Unknown
33.131606,-1.04833984375,-0.133544921875,-0.158935546875,Unknown
33.165114,-1.048095703125,-0.11865234375,-0.15283203125,Unknown
33.166614,-1.052978515625,-0.138427734375,-0.152587890625,Unknown
33.200106,-1.02587890625,-0.1416015625,-0.147705078125,Unknown
33.201603,-1.003662109375,-0.146484375,-0.1533203125,Unknown
33.215107,-0.989990234375,-0.16748046875,-0.162109375,Unknown
33.247614,-0.97314453125,-0.18994140625,-0.176025390625,Unknown
33.249103,-0.969482421875,-0.19580078125,-0.195556640625,Unknown
33.257614,-0.961669921875,-0.193115234375,-0.201171875,Unknown
33.290107,-0.9580078125,-0.193359375,-0.2333984375,Unknown
33.291607,-0.957275390625,-0.172119140625,-0.24365234375,Unknown
33.325116,-0.95751953125,-0.181640625,-0.255859375,Unknown
33.326602,-0.97119140625,-0.161376953125,-0.270263671875,Unknown
33.359115,-0.968994140625,-0.127685546875,-0.230224609375,Unknown
33.360102,-0.96826171875,-0.1494140625,-0.246337890625,Unknown
33.367617,-0.96435546875,-0.14697265625,-0.255615234375,Unknown
33.400114,-0.970703125,-0.1044921875,-0.244384765625,Unknown
33.401606,-0.97802734375,-0.10888671875,-0.2138671875,Unknown
33.434116,-0.99853515625,-0.12353515625,-0.205322265625,Unknown
33.435110,-1.000244140625,-0.111328125,-0.19091796875,Unknown
33.467614,-0.992431640625,-0.0947265625,-0.192138671875,Unknown
33.469102,-0.988525390625,-0.102783203125,-0.1982421875,Unknown
33.501615,-0.977294921875,-0.091796875,-0.190185546875,Unknown
33.502608,-0.97802734375,-0.093017578125,-0.206787109375,Unknown
33.509116,-0.969970703125,-0.083251953125,-0.212890625,Unknown
33.541615,-0.96142578125,-0.07958984375,-0.231201171875,Unknown
33.542606,-0.958984375,-0.03564453125,-0.22021484375,Unknown
33.576616,-0.960205078125,-0.018798828125,-0.229736328125,Unknown
33.577600,-0.96142578125,-0.0068359375,-0.2373046875,Unknown
33.627740,-0.951904296875,0.0263671875,-0.2421875,Unknown
33.629240,-0.951416015625,0.019287109375,-0.24462890625,Unknown
33.642740,-0.93896484375,0.0390625,-0.234619140625,Unknown
33.643728,-0.939697265625,0.052490234375,-0.220703125,Unknown
33.651740,-0.9326171875,0.028076171875,-0.221435546875,Unknown
33.684240,-0.92724609375,0.042236328125,-0.214599609375,Unknown
33.685229,-0.935302734375,0.049072265625,-0.205078125,Unknown
33.717860,-0.949951171875,0.063232421875,-0.185302734375,Unknown
33.720349,-0.94970703125,0.03955078125,-0.19775390625,Unknown
33.753858,-0.933837890625,0.039306640625,-0.21533203125,Unknown
33.755358,-0.925537109375,0.066650390625,-0.228271484375,Unknown
33.762860,-0.92236328125,0.074462890625,-0.236328125,Unknown
33.795139,-0.911376953125,0.05810546875,-0.23779296875,Unknown
33.796168,-0.865478515625,0.0478515625,-0.223388671875,Unknown
33.828914,-0.8251953125,0.015625,-0.226806640625,Unknown
33.830408,-0.76953125,0.036376953125,-0.22509765625,Unknown
33.862915,-0.68359375,0.080810546875,-0.179443359375,Unknown
33.863902,-0.6171875,0.11474609375,-0.15966796875,Unknown
33.896412,-0.587890625,0.216552734375,-0.1875,Unknown
33.897902,-0.65283203125,0.316162109375,-0.22607421875,Unknown
33.903913,-0.664794921875,0.373779296875,-0.24609375,Unknown
33.939332,-0.7216796875,0.412841796875,-0.189453125,Unknown
33.940337,-0.827392578125,0.342529296875,-0.11279296875,Unknown
33.972839,-1.04052734375,0.153564453125,-0.196044921875,Unknown
33.975340,-1.512939453125,-0.156005859375,-0.39306640625,Unknown
33.983843,-1.997802734375,-0.53076171875,-0.58837890625,Unknown
34.016344,-2.417724609375,-0.976806640625,-0.679931640625,Unknown
34.017837,-2.654052734375,-1.4326171875,-0.750732421875,Unknown
34.050338,-2.97998046875,-2.028076171875,-0.85205078125,Unknown
34.051835,-3.208984375,-2.42333984375,-0.658447265625,Unknown
34.065331,-3.367431640625,-2.9716796875,-0.066162109375,Unknown
34.097839,-3.41552734375,-3.333251953125,0.6552734375,Unknown
34.098830,-2.96484375,-2.980224609375,1.2421875,Unknown
34.134340,-1.7958984375,-2.6025390625,1.39013671875,Unknown
34.135337,-0.13671875,-2.0087890625,0.9033203125,Unknown
34.141342,2.1416015625,-1.929443359375,-0.535888671875,Start
34.174344,7.523193359375,-0.43603515625,-2.4208984375,InProgress
34.175334,7.999755859375,4.258544921875,-3.202392578125,InProgress
34.209339,1.291015625,4.656005859375,-2.2919921875,Finish
34.210337,-0.12353515625,3.146484375,2.72607421875,Unknown
34.267845,1.65234375,3.16845703125,0.4150390625,Unknown
34.269337,5.212890625,0.654541015625,-3.640625,Unknown
34.270336,4.097412109375,-0.913818359375,-1.702392578125,Unknown
34.272842,1.195068359375,0.3671875,-0.759033203125,Unknown
34.305338,0.39599609375,0.633544921875,-0.208251953125,Unknown
34.306336,-1.029052734375,0.576171875,-0.329345703125,Unknown
34.315502,-2.32470703125,-0.475830078125,-0.87744140625,Unknown
34.348030,-1.933349609375,-0.94287109375,-0.834228515625,Unknown
34.349019,-1.74609375,-0.780517578125,-0.4208984375,Unknown
34.383030,-1.457275390625,-0.828125,-0.091064453125,Unknown
34.384022,-1.212646484375,-0.94921875,0.212646484375,Unknown
34.416574,-1.2216796875,-1.126708984375,0.023193359375,Unknown
34.418064,-1.32763671875,-1.43701171875,-0.650390625,Unknown
34.428074,-1.25634765625,-1.525634765625,-0.89892578125,Unknown
34.460574,-1.2421875,-1.317626953125,-0.681396484375,Unknown
34.461566,-1.27197265625,-1.159423828125,-0.506591796875,Unknown
34.475574,-1.3515625,-0.742431640625,-0.638427734375,Unknown
34.510074,-1.709228515625,-0.350341796875,-0.923583984375,Unknown
34.513074,-2.11669921875,-0.24169921875,-1.052978515625,Unknown
34.520074,-2.50341796875,-0.28125,-0.96484375,Unknown
34.554075,-2.8173828125,-0.472900390625,-0.781005859375,Unknown
34.556576,-3.031982421875,-0.707275390625,-0.610595703125,Unknown
34.591574,-3.158935546875,-1.00732421875,-0.641357421875,Unknown
34.593063,-3.401611328125,-1.321533203125,-0.5556640625,Unknown
34.625075,-3.44482421875,-1.902099609375,0.03662109375,Unknown
34.626563,-3.375,-2.70751953125,0.979248046875,Unknown
34.631574,-3.199462890625,-2.527099609375,1.61083984375,Unknown
34.664076,-2.25537109375,-2.028564453125,1.471923828125,Unknown
34.665066,-0.480712890625,-2.008544921875,0.4580078125,Unknown
34.699063,1.986572265625,-1.76708984375,-1.0166015625,Start
34.700061,7.861328125,-0.606689453125,-2.739013671875,InProgress
34.734074,7.999755859375,4.145263671875,-4.48388671875,InProgress
34.735063,0.294677734375,5.4365234375,-1.866455078125,Unknown
34.742576,1.006103515625,1.365966796875,3.172119140625,InProgress
34.775074,4.958740234375,4.392578125,2.30078125,InProgress
34.776570,5.128662109375,1.24267578125,-5.1318359375,InProgress
34.810074,2.685791015625,-1.994140625,-2.768310546875,Finish
34.811563,0.929931640625,0.09912109375,-0.054931640625,Unknown
34.844074,0.193603515625,0.13037109375,0.661376953125,Unknown
34.845065,-1.7685546875,0.06591796875,0.488525390625,Unknown
34.861574,-3.053466796875,-0.794921875,-0.503662109375,Unknown
34.867574,-1.968505859375,-0.908203125,-0.800537109375,Unknown
34.907574,-2.00244140625,-0.765625,-0.287109375,Unknown
34.909074,-1.822021484375,-0.897705078125,-0.077880859375,Unknown
34.916574,-1.76171875,-0.89013671875,0.07666015625,Unknown
34.949071,-1.880615234375,-0.672119140625,0.235107421875,Unknown
34.950071,-1.989990234375,-0.64404296875,0.164306640625,Unknown
34.985076,-1.866943359375,-0.79541015625,-0.205810546875,Unknown
34.986564,-1.67138671875,-0.7705078125,-0.5224609375,Unknown
35.019074,-1.516845703125,-0.375732421875,-0.585205078125,Unknown
35.020065,-1.408935546875,0.028564453125,-0.531494140625,Unknown
35.026574,-1.3369140625,0.2705078125,-0.49462890625,Unknown
35.060074,-1.36767578125,0.397705078125,-0.71240234375,Unknown
35.062675,-1.547119140625,0.557373046875,-0.8134765625,Unknown
35.095202,-1.710693359375,0.65283203125,-0.7412109375,Unknown
35.096690,-1.921142578125,0.588623046875,-0.7841796875,Unknown
35.131204,-2.05712890625,0.38671875,-0.76904296875,Unknown
35.142693,-2.38037109375,0.078369140625,-0.85595703125,Unknown
35.143688,-2.709228515625,-0.285888671875,-1.023193359375,Unknown
35.177689,-2.874755859375,-0.621337890625,-1.046875,Unknown
35.178677,-2.869384765625,-0.933349609375,-0.731689453125,Unknown
35.183680,-3.0703125,-1.349853515625,-0.2646484375,Unknown
35.216183,-3.1904296875,-2.041748046875,0.47705078125,Unknown
35.217675,-3.216796875,-2.593994140625,1.3349609375,Unknown
35.251178,-2.85205078125,-2.243408203125,1.933837890625,Unknown
35.252685,-1.748046875,-1.8212890625,1.771240234375,Unknown
35.266284,0.089111328125,-2.00537109375,0.370361328125,Unknown
35.299290,3.16357421875,-1.4658203125,-0.775146484375,Start
35.300292,7.999755859375,-1.322509765625,-3.099365234375,InProgress
35.332795,7.999755859375,3.043212890625,-5.95068359375,InProgress
35.333791,0.14794921875,4.037353515625,-0.212890625,Unknown
35.366798,-1.868408203125,1.234130859375,3.493408203125,Unknown
35.367798,-0.111083984375,3.10595703125,0.5634765625,Unknown
35.373798,4.794677734375,0.66455078125,-4.99462890625,InProgress
35.406298,7.009521484375,-1.31494140625,-2.167236328125,InProgress
35.407798,1.541015625,0.282958984375,-0.275146484375,Finish
35.441298,0.85107421875,0.3134765625,0.426025390625,Unknown
35.442791,0.186279296875,0.490966796875,0.42138671875,Unknown
35.475300,-1.45263671875,0.546630859375,-0.510986328125,Unknown
35.476288,-2.65087890625,-0.277587890625,-1.13525390625,Unknown
35.483798,-2.208251953125,-0.986083984375,-1.087646484375,Unknown
35.516789,-2.014404296875,-0.660888671875,-0.71240234375,Unknown
35.517789,-1.647216796875,-0.43212890625,-0.2001953125,Unknown
35.547800,-1.53466796875,-0.37109375,0.2236328125,Unknown
35.548785,-1.545166015625,-0.55126953125,0.223388671875,Unknown
35.581300,-1.522705078125,-0.835205078125,-0.000244140625,Unknown
35.582795,-1.401611328125,-0.872314453125,-0.0341796875,Unknown
35.616296,-1.262939453125,-0.682373046875,-0.072021484375,Unknown
35.617788,-1.17138671875,-0.51708984375,-0.183837890625,Unknown
35.650293,-1.10009765625,-0.30908203125,-0.278076171875,Unknown
35.653798,-1.18603515625,-0.160888671875,-0.30712890625,Unknown
35.667800,-1.1708984375,0.181640625,-0.312744140625,Unknown
35.673800,-1.281005859375,0.423828125,-0.526611328125,Unknown
35.707744,-1.602783203125,0.55615234375,-0.611083984375,Unknown
35.710243,-1.97802734375,0.476806640625,-0.63623046875,Unknown
35.743795,-2.281982421875,0.2578125,-0.705322265625,Unknown
35.745288,-2.584716796875,-0.094482421875,-0.731201171875,Unknown
35.777797,-2.93505859375,-0.284912109375,-0.81689453125,Unknown
35.778786,-3.130615234375,-0.467529296875,-0.8759765625,Unknown
35.785298,-3.252197265625,-0.80224609375,-1.090576171875,Unknown
35.818859,-3.456787109375,-0.952392578125,-1.019775390625,Unknown
35.821360,-3.4267578125,-0.9814453125,-0.4912109375,Unknown
35.855362,-3.19287109375,-1.316162109375,0.034912109375,Unknown
35.856351,-2.8486328125,-1.74169921875,0.943603515625,Unknown
35.863862,-2.53564453125,-2.219482421875,2.093017578125,Unknown
35.896359,-1.438720703125,-1.77490234375,2.75927734375,Unknown
35.898853,0.484619140625,-1.431396484375,1.54052734375,Unknown
35.932861,3.152587890625,-2.839111328125,-1.870361328125,Start
35.933847,7.999755859375,0.568359375,-4.65087890625,InProgress
35.966359,7.999755859375,4.61767578125,-4.521240234375,InProgress
35.967852,0.979248046875,3.47802734375,-0.144775390625,Finish
35.975362,-0.204833984375,1.4013671875,2.82861328125,Unknown
36.007862,0.938232421875,2.611572265625,0.29248046875,Unknown
36.008850,4.8544921875,-1.602783203125,-4.03125,Unknown
36.041850,3.2451171875,-0.60107421875,-1.10302734375,Unknown
36.042851,1.65576171875,0.09619140625,0.02392578125,Unknown
36.075361,0.421142578125,0.283447265625,0.265869140625,Unknown
36.076350,-0.448486328125,0.38720703125,-0.1787109375,Unknown
36.091850,-1.590576171875,0.233642578125,-0.890380859375,Unknown
36.100359,-2.060302734375,0.119873046875,-0.856689453125,Unknown
36.132860,-2.12353515625,0.25439453125,-0.5087890625,Unknown
36.133850,-1.777587890625,0.354736328125,-0.443359375,Unknown
36.190348,-1.63330078125,0.26123046875,-0.610595703125,Unknown
36.191350,-1.5703125,0.163330078125,-0.802001953125,Unknown
36.195361,-1.4169921875,-0.183349609375,-0.8642578125,Unknown
36.196351,-1.22705078125,-0.21435546875,-0.627685546875,Unknown
36.229352,-1.09765625,-0.0703125,-0.26708984375,Unknown
36.230346,-1.0966796875,0.05126953125,-0.171142578125,Unknown
36.262862,-1.0146484375,-0.004638671875,-0.3056640625,Unknown
36.263851,-1.0869140625,-0.10107421875,-0.454345703125,Unknown
36.296852,-1.0888671875,0.066162109375,-0.459228515625,Unknown
36.297847,-1.142333984375,0.364013671875,-0.373779296875,Unknown
36.332860,-1.2080078125,0.51513671875,-0.376708984375,Unknown
36.333858,-1.396484375,0.482177734375,-0.5322265625,Unknown
36.337862,-1.585205078125,0.37744140625,-0.62646484375,Unknown
36.371361,-1.93603515625,0.487060546875,-0.60302734375,Unknown
36.372848,-2.30419921875,0.412841796875,-0.7216796875,Unknown
36.406361,-2.655029296875,-0.00244140625,-0.896240234375,Unknown
36.421860,-2.839111328125,-0.35986328125,-1.017822265625,Unknown
36.422850,-2.926025390625,-0.480224609375,-1.02978515625,Unknown
36.455361,-2.93505859375,-0.70849609375,-0.97314453125,Unknown
36.456352,-2.8330078125,-0.929443359375,-0.838134765625,Unknown
36.464352,-2.722900390625,-1.30419921875,-0.447265625,Unknown
36.499358,-2.75732421875,-1.8896484375,0.099609375,Unknown
36.500351,-2.894775390625,-2.42578125,0.909912109375,Unknown
36.513860,-2.819580078125,-2.572265625,1.721435546875,Unknown
36.546852,-1.935791015625,-2.06494140625,1.814208984375,Unknown
36.547851,-0.1435546875,-2.14697265625,0.702392578125,Unknown
36.558862,2.2568359375,-2.16650390625,-0.5,Start
36.591854,7.160888671875,-0.83447265625,-1.628662109375,InProgress
36.592860,7.999755859375,1.922119140625,-3.380615234375,InProgress
36.626853,2.774658203125,4.04638671875,-3.798095703125,Finish
36.627850,-0.49951171875,0.63916015625,2.1162109375,Unknown
36.660362,-0.5283203125,1.987060546875,2.36181640625,Unknown
36.661852,2.591796875,1.353759765625,-2.85693359375,Unknown
36.669350,5.810791015625,-1.812744140625,-2.439208984375,Unknown
36.701360,2.379638671875,0.544677734375,0.135498046875,Unknown
36.704349,0.925048828125,0.50439453125,0.602294921875,Unknown
36.737867,0.3330078125,0.82177734375,0.3486328125,Unknown
36.738850,-0.677001953125,0.609619140625,-0.940185546875,Unknown
36.771361,-1.859130859375,0.295166015625,-1.447021484375,Unknown
36.772852,-2.018798828125,0.218994140625,-0.784423828125,Unknown
36.780360,-1.883544921875,0.27685546875,-0.331787109375,Unknown
36.827862,-1.650146484375,0.12109375,-0.3994140625,Unknown
36.830360,-1.689697265625,0.093994140625,-0.60205078125,Unknown
36.832862,-1.66162109375,-0.021484375,-0.694580078125,Unknown
36.842860,-1.564208984375,-0.15283203125,-0.61328125,Unknown
36.875350,-1.438232421875,-0.198974609375,-0.39013671875,Unknown
36.876352,-1.37646484375,-0.08740234375,-0.25,Unknown
36.909362,-1.387939453125,0.012451171875,-0.190673828125,Unknown
36.910351,-1.371826171875,0.110107421875,-0.37158203125,Unknown
36.924364,-1.42041015625,0.107421875,-0.584228515625,Unknown
36.956361,-1.40087890625,0.1806640625,-0.72802734375,Unknown
36.957846,-1.587890625,0.4111328125,-0.693603515625,Unknown
36.992860,-1.679931640625,0.471923828125,-0.67822265625,Unknown
36.994349,-1.833251953125,0.62548828125,-0.769775390625,Unknown
37.001344,-1.9990234375,0.50830078125,-0.847900390625,Unknown
37.034344,-2.147705078125,0.435546875,-0.892333984375,Unknown
37.034849,-2.320556640625,0.205322265625,-0.923828125,Unknown
37.048860,-2.459228515625,0.008544921875,-0.92626953125,Unknown
37.081360,-2.68017578125,-0.306640625,-1.11279296875,Unknown
37.082861,-2.837890625,-0.63525390625,-1.095458984375,Unknown
37.117860,-2.7705078125,-0.962890625,-0.793701171875,Unknown
37.118855,-2.81591796875,-1.246826171875,-0.376953125,Unknown
37.151351,-2.917236328125,-1.655517578125,0.240478515625,Unknown
37.152849,-2.92822265625,-2.45556640625,1.2998046875,Unknown
37.159349,-2.76123046875,-2.29248046875,2.2431640625,Unknown
37.191360,-1.632568359375,-2.206787109375,2.55810546875,Unknown
37.192350,0.1826171875,-2.498779296875,0.470703125,Unknown
37.225349,2.427490234375,-2.800537109375,-2.07568359375,Start
37.226351,6.89453125,-0.522216796875,-1.386962890625,InProgress
37.258860,7.999755859375,1.54296875,-3.085205078125,InProgress
37.260350,3.457275390625,4.80810546875,-3.372314453125,Finish
37.292859,-0.857177734375,2.49267578125,2.804931640625,Unknown
37.293865,-0.87353515625,2.86572265625,1.28955078125,Unknown
37.301360,3.0703125,1.341796875,-3.30712890625,Unknown
37.317860,6.795654296875,-1.9365234375,-2.494873046875,Unknown
37.350349,2.17138671875,0.15869140625,-0.64013671875,Unknown
37.351347,0.977294921875,0.579833984375,0.15185546875,Unknown
37.383860,0.234130859375,0.65966796875,0.275146484375,Unknown
37.385356,-0.98583984375,0.70654296875,-0.343994140625,Unknown
37.417849,-2.29541015625,0.0263671875,-1.162109375,Unknown
37.418851,-1.98974609375,-0.66015625,-1.309326171875,Unknown
37.467850,-1.755126953125,-0.290283203125,-0.96435546875,Unknown
37.468850,-1.532470703125,0.095458984375,-0.45849609375,Unknown
37.470356,-1.47705078125,0.052490234375,-0.2177734375,Unknown
37.475351,-1.436279296875,-0.130615234375,-0.301025390625,Unknown
37.507860,-1.37890625,-0.376220703125,-0.54833984375,Unknown
37.508851,-1.341796875,-0.519775390625,-0.607421875,Unknown
37.541360,-1.24609375,-0.43994140625,-0.45703125,Unknown
37.542860,-1.156005859375,-0.251953125,-0.32177734375,Unknown
37.575360,-1.187744140625,-0.073974609375,-0.222900390625,Unknown
37.576351,-1.198486328125,-0.064697265625,-0.199462890625,Unknown
37.608860,-1.256591796875,-0.013671875,-0.3779296875,Unknown
37.610350,-1.373291015625,0.114501953125,-0.5419921875,Unknown
37.617895,-1.48779296875,0.298095703125,-0.48876953125,Unknown
37.651390,-1.530517578125,0.380126953125,-0.498779296875,Unknown
37.652885,-1.716064453125,0.429443359375,-0.59619140625,Unknown
37.686392,-2.041259765625,0.3798828125,-0.7216796875,Unknown
37.687885,-2.251220703125,0.169677734375,-0.9091796875,Unknown
37.696390,-2.47021484375,-0.1328125,-1.1611328125,Unknown
37.730390,-2.790771484375,-0.164794921875,-1.17822265625,Unknown
37.731383,-3.201904296875,-0.431396484375,-1.09716796875,Unknown
37.745390,-3.318603515625,-0.753662109375,-0.883056640625,Unknown
37.777888,-3.09912109375,-1.17626953125,-0.310791015625,Unknown
37.778882,-2.966552734375,-1.487060546875,0.433349609375,Unknown
37.811390,-2.710693359375,-2.23486328125,1.364990234375,Unknown
37.812884,-2.68115234375,-2.30322265625,2.06787109375,Unknown
37.846390,-1.937255859375,-1.9052734375,2.292724609375,Unknown
37.847885,-0.271240234375,-1.66748046875,1.93310546875,Unknown
37.855391,1.817626953125,-2.50244140625,-0.426513671875,Start
37.887891,6.1259765625,-1.224609375,-2.854248046875,InProgress
37.888883,7.999755859375,-0.5546875,-2.451904296875,InProgress
37.922885,4.03173828125,4.177490234375,-5.18017578125,Finish
37.923882,0.619140625,1.13525390625,1.75732421875,Unknown
37.956392,-1.705322265625,2.759765625,3.154052734375,Unknown
37.957886,0.379638671875,2.001953125,-1.65185546875,Unknown
37.965390,5.024658203125,-2.01806640625,-4.473388671875,Unknown
37.997891,4.646240234375,0.118408203125,-0.69140625,Unknown
37.998883,1.67919921875,0.341064453125,0.244384765625,Unknown
38.031391,0.5986328125,0.481201171875,0.679443359375,Unknown
38.032886,0.244140625,0.44482421875,0.27392578125,Unknown
38.065390,-0.7587890625,0.32080078125,-0.726806640625,Unknown
38.066383,-1.9130859375,-0.0869140625,-1.197998046875,Unknown
38.107890,-2.1640625,-0.356201171875,-0.771240234375,Unknown
38.108883,-1.707275390625,-0.19189453125,-0.33154296875,Unknown
38.110385,-1.4150390625,-0.016357421875,-0.25048828125,Unknown
38.142890,-1.26953125,-0.125732421875,-0.369873046875,Unknown
38.144382,-1.251220703125,-0.161376953125,-0.435791015625,Unknown
38.157891,-1.28466796875,-0.198486328125,-0.384765625,Unknown
38.190390,-1.296142578125,-0.273193359375,-0.25146484375,Unknown
38.191382,-1.31298828125,-0.253662109375,-0.139892578125,Unknown
38.223892,-1.270263671875,-0.07421875,-0.184326171875,Unknown
38.225385,-1.360595703125,0.025634765625,-0.27392578125,Unknown
38.257890,-1.40576171875,0.22802734375,-0.423828125,Unknown
38.258883,-1.617919921875,0.21044921875,-0.608642578125,Unknown
38.265389,-1.881103515625,0.36962890625,-0.779052734375,Unknown
38.298901,-2.087890625,0.489990234375,-0.841064453125,Unknown
38.300390,-2.275146484375,0.515625,-1.014892578125,Unknown
38.332890,-2.49267578125,0.421142578125,-1.174072265625,Unknown
38.333881,-2.53955078125,0.244140625,-1.129150390625,Unknown
38.367890,-2.5263671875,0.031982421875,-1.015625,Unknown
38.372890,-2.48779296875,-0.10400390625,-0.8486328125,Unknown
38.373883,-2.525146484375,-0.16455078125,-0.81591796875,Unknown
38.406892,-2.47265625,-0.699951171875,-0.72705078125,Unknown
38.407885,-2.5654296875,-1.22509765625,-0.453857421875,Unknown
38.440389,-2.79345703125,-1.834716796875,0.128173828125,Unknown
38.441382,-2.9912109375,-2.835693359375,1.150634765625,Unknown
38.473891,-3.1728515625,-2.2998046875,1.76318359375,Unknown
38.475385,-2.501953125,-1.912109375,1.5947265625,Unknown
38.507889,-0.7451171875,-2.21875,0.776123046875,Unknown
38.508883,1.42236328125,-1.944091796875,-0.486572265625,Start
38.541887,5.874267578125,-0.81494140625,-0.725341796875,InProgress
38.542886,7.999755859375,-0.35107421875,-1.308837890625,InProgress
38.556390,3.674072265625,4.034912109375,-5.112060546875,Finish
38.588860,0.624267578125,1.426513671875,1.757080078125,Unknown
38.590365,-0.18115234375,2.142578125,2.482666015625,Unknown
38.597865,2.5908203125,2.314208984375,-1.928466796875,Unknown
38.630365,6.69189453125,-0.430419921875,-2.65869140625,Unknown
38.631354,2.403076171875,-0.6181640625,-1.1318359375,Unknown
38.664355,0.630859375,-0.013916015625,-0.557861328125,Unknown
38.665365,-0.098876953125,0.748779296875,0.19873046875,Unknown
38.697865,-1.0126953125,0.421630859375,-0.2080078125,Unknown
38.700354,-2.142578125,0.010009765625,-0.523193359375,Unknown
38.707865,-2.09912109375,-0.015380859375,-0.323486328125,Unknown
38.747865,-2.067626953125,0.179931640625,-0.21923828125,Unknown
38.748854,-1.845947265625,0.01953125,-0.490478515625,Unknown
38.755366,-1.650146484375,-0.28466796875,-0.71630859375,Unknown
38.790363,-1.562744140625,-0.135498046875,-0.517578125,Unknown
38.796852,-1.520751953125,0.059814453125,-0.25537109375,Unknown
38.802850,-1.3720703125,0.114013671875,-0.1484375,Unknown
38.835629,-1.304931640625,0.115234375,-0.3427734375,Unknown
38.836747,-1.237060546875,0.136962890625,-0.5498046875,Unknown
38.869243,-1.04052734375,0.233642578125,-0.638916015625,Unknown
38.870252,-1.04833984375,0.4609375,-0.54638671875,Unknown
38.902753,-1.06591796875,0.68212890625,-0.30615234375,Unknown
38.904246,-1.164306640625,0.77001953125,-0.26220703125,Unknown
38.937754,-1.416748046875,0.632080078125,-0.347900390625,Unknown
38.939253,-1.6767578125,0.67822265625,-0.445068359375,Unknown
38.952753,-2.03271484375,0.6611328125,-0.615966796875,Unknown
38.960254,-2.306884765625,0.4306640625,-0.728271484375,Unknown
38.993041,-2.457763671875,0.353759765625,-0.745849609375,Unknown
38.994043,-2.63671875,0.037109375,-0.80224609375,Unknown
39.026552,-2.783203125,-0.3017578125,-0.9384765625,Unknown
39.028042,-2.75439453125,-0.55224609375,-0.913818359375,Unknown
39.061553,-2.67138671875,-0.81201171875,-0.599853515625,Unknown
39.062539,-2.63720703125,-1.084228515625,-0.358642578125,Unknown
39.095540,-2.849853515625,-1.41162109375,-0.059814453125,Unknown
39.096543,-2.90087890625,-2.0322265625,0.678955078125,Unknown
39.103039,-3,-2.439208984375,1.55419921875,Unknown
39.135542,-2.757568359375,-2.157958984375,2.181884765625,Unknown
39.136545,-1.40576171875,-2.024658203125,1.89208984375,Unknown
39.170540,0.48388671875,-2.667236328125,-0.5361328125,Unknown
39.171541,4.776123046875,-1.6826171875,-1.302978515625,Start
39.204040,7.999755859375,-2.288330078125,-1.0390625,InProgress
39.205541,7.522705078125,3.55517578125,-7.310302734375,Finish
39.214052,-0.1630859375,2.770751953125,1.70166015625,Unknown
39.246553,-2.400390625,1.53955078125,3.29638671875,Unknown
39.247540,0.891845703125,1.783203125,-1.210205078125,Unknown
39.280540,6.32177734375,-2.19091796875,-3.95947265625,Unknown
39.281541,4.032470703125,-0.149169921875,-0.257080078125,Unknown
39.315543,1.320068359375,0.32861328125,0.8271484375,Unknown
39.316541,0.601318359375,0.630615234375,0.77294921875,Unknown
39.324052,-0.068115234375,0.802001953125,-0.361083984375,Unknown
39.359052,-1.556640625,0.488525390625,-1.474365234375,Unknown
39.360541,-1.961669921875,-0.225830078125,-1.5107421875,Unknown
39.389043,-1.559326171875,-0.086669921875,-1.108642578125,Unknown
39.390541,-1.55322265625,0.39404296875,-0.685791015625,Unknown
39.424052,-1.551513671875,0.513671875,-0.427978515625,Unknown
39.425541,-1.53076171875,0.3193359375,-0.33056640625,Unknown
39.457552,-1.556884765625,0.1025390625,-0.462646484375,Unknown
39.459042,-1.50244140625,-0.1455078125,-0.682373046875,Unknown
39.466553,-1.336669921875,-0.156494140625,-0.642822265625,Unknown
39.499042,-1.263916015625,0.095703125,-0.302734375,Unknown
39.500039,-1.162353515625,0.18115234375,-0.20751953125,Unknown
39.532962,-1.161865234375,0.07958984375,-0.377685546875,Unknown
39.533950,-1.238037109375,0.0556640625,-0.399658203125,Unknown
39.566467,-1.3251953125,0.217529296875,-0.321044921875,Unknown
39.567451,-1.4697265625,0.29248046875,-0.275634765625,Unknown
39.600461,-1.5703125,0.4013671875,-0.3486328125,Unknown
39.601449,-1.662353515625,0.448486328125,-0.4443359375,Unknown
39.607961,-1.720458984375,0.675537109375,-0.6279296875,Unknown
39.639962,-1.952392578125,0.51708984375,-0.751708984375,Unknown
39.641450,-2.046875,0.540283203125,-0.773681640625,Unknown
39.675451,-2.1923828125,0.33837890625,-0.7470703125,Unknown
39.676951,-2.29150390625,0.136474609375,-0.63037109375,Unknown
39.686459,-2.45703125,-0.156494140625,-0.589111328125,Unknown
39.720113,-2.5830078125,-0.673828125,-0.555908203125,Unknown
39.721625,-2.602294921875,-1.18408203125,-0.472900390625,Unknown
39.754125,-2.73388671875,-1.833984375,-0.529052734375,Unknown
39.755114,-3.078369140625,-1.906494140625,-0.213623046875,Unknown
39.789125,-3.480224609375,-1.9677734375,0.727294921875,Unknown
39.790125,-3.5107421875,-1.959716796875,1.79541015625,Unknown
39.797625,-2.716796875,-1.91015625,1.896728515625,Unknown
39.830125,-0.89990234375,-2.723388671875,1.11669921875,Unknown
39.831618,1.76708984375,-2.990234375,-0.78857421875,Start
39.864125,6.732177734375,-0.22705078125,-2.193359375,InProgress
39.865114,7.999755859375,0.2587890625,-3.29150390625,InProgress
39.897625,4.626708984375,4.2890625,-5.57177734375,Finish
39.899114,-0.5576171875,1.2255859375,4.189453125,Unknown
39.931630,-3.24169921875,3.67431640625,6.27197265625,Unknown
39.932614,1.478759765625,1.611328125,-2.021484375,Unknown
39.940115,6.122802734375,-3.549072265625,-4.283935546875,Unknown
39.974125,3.406982421875,-0.716064453125,-0.652587890625,Unknown
39.975117,0.878173828125,1.33154296875,1.037841796875,Unknown
40.027627,0.530029296875,2.322509765625,0.739990234375,Unknown
40.029113,0.291748046875,2.07177734375,-1.480712890625,Unknown
40.030114,-1.1572265625,0.716552734375,-2.63330078125,Unknown
40.035125,-2.098876953125,0.865478515625,-1.507568359375,Unknown
40.067627,-1.907958984375,0.788818359375,-0.62158203125,Unknown
40.069120,-1.330322265625,0.65869140625,-0.531005859375,Unknown
40.102622,-1.190185546875,0.312744140625,-0.74951171875,Unknown
40.104122,-1.40234375,0.01806640625,-0.875244140625,Unknown
40.136622,-1.472412109375,-0.12109375,-0.717529296875,Unknown
40.138125,-1.415771484375,-0.13818359375,-0.51708984375,Unknown
40.145126,-1.320068359375,-0.134033203125,-0.467529296875,Unknown
40.177626,-1.33642578125,-0.241455078125,-0.54052734375,Unknown
40.179114,-1.28369140625,-0.20361328125,-0.494384765625,Unknown
40.211627,-1.231201171875,-0.075439453125,-0.39599609375,Unknown
40.212616,-1.367431640625,-0.015380859375,-0.357666015625,Unknown
40.245126,-1.47802734375,0.009765625,-0.43603515625,Unknown
40.246614,-1.5673828125,0.119873046875,-0.494873046875,Unknown
40.279132,-1.5361328125,0.31298828125,-0.623779296875,Unknown
40.280112,-1.624267578125,0.33544921875,-0.824462890625,Unknown
40.287615,-1.628173828125,0.431396484375,-0.796142578125,Unknown
40.320122,-1.655029296875,0.590087890625,-0.88916015625,Unknown
40.321625,-1.833740234375,0.608642578125,-0.9248046875,Unknown
40.355122,-1.96728515625,0.379638671875,-0.954345703125,Unknown
40.356613,-2.054443359375,0.098876953125,-0.86328125,Unknown
40.389125,-2.211669921875,-0.123779296875,-0.7041015625,Unknown
40.390115,-2.4296875,-0.519775390625,-0.76708984375,Unknown
40.397625,-2.538818359375,-0.7568359375,-0.796875,Unknown
40.430125,-2.514892578125,-0.93505859375,-0.772216796875,Unknown
40.431625,-2.515625,-1.113037109375,-0.540771484375,Unknown
40.464127,-2.563232421875,-1.485595703125,-0.052490234375,Unknown
40.465115,-2.69384765625,-1.945068359375,0.50439453125,Unknown
40.497626,-2.59326171875,-2.40771484375,1.38330078125,Unknown
40.499114,-1.937255859375,-2.13671875,1.8916015625,Unknown
40.531626,-0.427978515625,-2.1171875,1.284423828125,Unknown
40.532616,1.482177734375,-2.41259765625,-1.897705078125,Start
40.540125,4.8974609375,-0.130859375,-2.5615234375,InProgress
40.572626,7.999755859375,-0.281005859375,0.37158203125,InProgress
40.574114,7.999755859375,3.971435546875,-7.4970703125,InProgress
40.607627,-0.85205078125,3.661376953125,1.852294921875,Unknown
40.609114,-3.85498046875,1.692138671875,4.42236328125,Unknown
40.641627,0.03173828125,2.659423828125,0.351318359375,Unknown
40.643125,4.705322265625,1.04248046875,-4.32421875,InProgress
40.669127,7.999755859375,-1.653076171875,-2.004150390625,InProgress
40.670111,1.972900390625,0.6875,0.681884765625,Finish
40.682626,1.210205078125,0.321533203125,1.192138671875,Unknown
40.716627,0.4375,0.205322265625,0.7802734375,Unknown
40.717615,-0.443359375,0.144287109375,-0.076171875,Unknown
40.750125,-2.18603515625,-0.076171875,-1.094970703125,Unknown
40.751613,-2.76318359375,-1.0361328125,-1.504150390625,Unknown
40.785125,-1.7314453125,-0.625,-0.822509765625,Unknown
40.786613,-1.569091796875,-0.123779296875,-0.3125,Unknown
40.792625,-1.569091796875,0.01904296875,-0.130126953125,Unknown
40.825617,-1.68896484375,-0.169921875,-0.503173828125,Unknown
40.827625,-1.7978515625,-0.290283203125,-0.94921875,Unknown
40.860617,-1.68115234375,-0.12939453125,-1.013671875,Unknown
40.861627,-1.49462890625,-0.023193359375,-0.812744140625,Unknown
40.894127,-1.521240234375,0.13232421875,-0.65478515625,Unknown
40.895111,-1.619873046875,0.250732421875,-0.614013671875,Unknown
40.928114,-1.669189453125,0.449462890625,-0.854736328125,Unknown
40.929111,-1.751220703125,0.486083984375,-1.24560546875,Unknown
40.935617,-1.75537109375,0.3408203125,-1.45166015625,Unknown
40.969117,-1.74365234375,0.27294921875,-1.206298828125,Unknown
40.970114,-1.804931640625,0.435791015625,-0.91162109375,Unknown
41.003114,-1.931884765625,0.620849609375,-0.82373046875,Unknown
41.004116,-1.904052734375,0.476806640625,-0.948486328125,Unknown
41.037615,-1.920166015625,0.21337890625,-1.10693359375,Unknown
41.039114,-1.848388671875,-0.008544921875,-0.970458984375,Unknown
41.046625,-1.839111328125,-0.088134765625,-0.737548828125,Unknown
41.079130,-1.81591796875,-0.204345703125,-0.604248046875,Unknown
41.080118,-1.9140625,-0.47412109375,-0.5966796875,Unknown
41.113125,-2.0244140625,-0.716064453125,-0.5830078125,Unknown
41.114112,-2.2255859375,-0.76904296875,-0.58544921875,Unknown
41.146630,-2.236083984375,-0.71142578125,-0.430908203125,Unknown
41.148111,-2.26806640625,-1.106689453125,-0.047119140625,Unknown
41.156625,-2.4375,-1.65625,0.7646484375,Unknown
41.194626,-2.451904296875,-2.05615234375,2.068603515625,Unknown
41.224130,-0.345703125,-1.2158203125,1.460205078125,Unknown
41.225615,2.347412109375,-1.577880859375,-1.0185546875,Start
41.258125,6.2919921875,-0.405517578125,-2.936279296875,InProgress
41.259112,7.999755859375,-0.00439453125,-3.5078125,InProgress
41.266625,3.499755859375,4.613037109375,-3.888427734375,Finish
41.308125,-0.799072265625,1.1435546875,3.072509765625,Unknown
41.309115,-1.786865234375,2.451904296875,3.467041015625,Unknown
41.314125,0.76611328125,1.607666015625,-2.696044921875,Unknown
41.348116,5.850341796875,-2.03466796875,-4.0712890625,Unknown
41.349122,4.33740234375,-0.4990234375,-0.609375,Unknown
41.381626,1.01806640625,0.354248046875,0.106689453125,Unknown
41.383116,0.267822265625,0.384033203125,0.26806640625,Unknown
41.416625,-0.29248046875,0.59765625,0.193603515625,Unknown
41.418116,-1.130126953125,0.61767578125,-0.455078125,Unknown
41.425614,-2.178466796875,0.44091796875,-0.903564453125,Unknown
41.458115,-2.1865234375,0.059814453125,-0.755126953125,Unknown
41.459112,-1.851806640625,0.1337890625,-0.557861328125,Unknown
41.493123,-1.578369140625,0.35693359375,-0.436279296875,Unknown
41.496626,-1.582275390625,0.480224609375,-0.44970703125,Unknown
41.504111,-1.5625,0.298583984375,-0.5654296875,Unknown
41.539123,-1.461669921875,0.109375,-0.61279296875,Unknown
41.540112,-1.34375,0.03271484375,-0.447265625,Unknown
41.573125,-1.2744140625,0.078857421875,-0.330810546875,Unknown
41.574113,-1.333251953125,0.177978515625,-0.2431640625,Unknown
41.583125,-1.27978515625,0.35400390625,-0.2626953125,Unknown
41.615625,-1.3154296875,0.340087890625,-0.389404296875,Unknown
41.616615,-1.4296875,0.471435546875,-0.555419921875,Unknown
41.649114,-1.616943359375,0.459228515625,-0.640869140625,Unknown
41.650116,-1.66650390625,0.68359375,-0.61181640625,Unknown
41.684127,-1.815185546875,0.92578125,-0.687255859375,Unknown
41.686614,-2.0693359375,0.925537109375,-0.918701171875,Unknown
41.694125,-2.29541015625,0.861572265625,-1.05859375,Unknown
41.726625,-2.452880859375,0.517578125,-1.05517578125,Unknown
41.727612,-2.5439453125,0.158203125,-0.927001953125,Unknown
41.760614,-2.538330078125,-0.095458984375,-0.729736328125,Unknown
41.761611,-2.4248046875,-0.44482421875,-0.62255859375,Unknown
41.795625,-2.36328125,-0.962158203125,-0.626708984375,Unknown
41.796625,-2.39453125,-1.24462890625,-0.490478515625,Unknown
41.804111,-2.531005859375,-1.486572265625,-0.18798828125,Unknown
41.838123,-2.599609375,-1.77392578125,0.603515625,Unknown
41.839113,-2.543212890625,-2.623779296875,1.71044921875,Unknown
41.871622,-2.28076171875,-2.24072265625,2.2333984375,Unknown
41.872613,-1.10595703125,-1.80712890625,1.756103515625,Unknown
41.906623,0.4921875,-2.7626953125,-0.1796875,Unknown
41.907612,3.962646484375,-1.3447265625,-2.358642578125,Start
41.915625,7.999755859375,0.322021484375,-2.26025390625,InProgress
41.947625,7.999755859375,-0.308349609375,-5.229248046875,InProgress
41.949116,2.992919921875,5.2666015625,-2.596923828125,Finish
41.981627,-2.235595703125,1.778564453125,1.4580078125,Unknown
41.982615,-4.61328125,2.493408203125,2.148193359375,Unknown
42.015625,1.199951171875,0.488525390625,-1.63818359375,Unknown
42.016115,3.50732421875,-0.18701171875,-3.21630859375,Unknown
42.050625,6.691162109375,-0.737060546875,-1.60693359375,Unknown
42.051616,2.150634765625,0.540283203125,0.14990234375,Unknown
42.057627,0.879150390625,0.277587890625,0.40673828125,Unknown
42.091625,0.06591796875,0.371826171875,0.347900390625,Unknown
42.092612,-0.52490234375,0.48095703125,-0.1123046875,Unknown
42.125625,-1.547607421875,0.794677734375,-0.620849609375,Unknown
42.126616,-2.142822265625,0.445556640625,-0.8994140625,Unknown
42.160625,-1.6376953125,0.11376953125,-0.775634765625,Unknown
42.161612,-1.1357421875,0.162841796875,-0.5703125,Unknown
42.167627,-1.28857421875,0.187255859375,-0.614013671875,Unknown
42.200125,-1.270263671875,0.27197265625,-0.6826171875,Unknown
42.201615,-1.235595703125,0.151123046875,-0.667236328125,Unknown
42.235125,-1.260498046875,0.0537109375,-0.447509765625,Unknown
42.236612,-1.279052734375,-0.06787109375,-0.224609375,Unknown
42.269125,-1.312255859375,-0.093505859375,-0.187255859375,Unknown
42.270114,-1.328369140625,-0.03125,-0.327392578125,Unknown
42.303127,-1.40283203125,0.10107421875,-0.42138671875,Unknown
42.304114,-1.376708984375,0.292724609375,-0.619384765625,Unknown
42.310125,-1.572998046875,0.348876953125,-0.773681640625,Unknown
42.344127,-1.66064453125,0.3564453125,-0.688232421875,Unknown
42.345117,-1.638671875,0.439453125,-0.5498046875,Unknown
42.377625,-1.637451171875,0.468017578125,-0.567138671875,Unknown
42.379114,-1.787353515625,0.45654296875,-0.75048828125,Unknown
42.412625,-1.91455078125,0.35546875,-0.915771484375,Unknown
42.414115,-1.998779296875,0.27197265625,-1.005126953125,Unknown
42.420126,-2.026611328125,0.03271484375,-1.112548828125,Unknown
42.453023,-2.15185546875,-0.144775390625,-1.163818359375,Unknown
42.454014,-2.3095703125,-0.2353515625,-1.108154296875,Unknown
42.486523,-2.48876953125,-0.39794921875,-0.86083984375,Unknown
42.487514,-2.566162109375,-0.59228515625,-0.3994140625,Unknown
42.520523,-2.635009765625,-0.887451171875,0.014404296875,Unknown
42.521514,-2.734130859375,-1.39697265625,0.5908203125,Unknown
42.553998,-2.873046875,-1.8115234375,1.530029296875,Unknown
42.554993,-2.8037109375,-1.749267578125,2.46728515625,Unknown
42.587989,-2.184814453125,-1.14501953125,1.98388671875,Unknown
42.588988,-1.08203125,-1.44873046875,-0.728515625,Unknown
42.593999,1.484619140625,-1.8076171875,-1.19384765625,Start
42.626498,4.7099609375,-1.038330078125,-0.99609375,InProgress
42.627987,7.999755859375,-2.385498046875,-0.780029296875,InProgress
42.661497,6.1845703125,1.8486328125,-6.425537109375,Finish
42.662987,0.509521484375,2.06787109375,1.608154296875,Unknown
42.696498,-3.576904296875,1.722412109375,2.922119140625,Unknown
42.697989,-0.25927734375,1.441162109375,0.28466796875,Unknown
42.705487,3.863037109375,-0.197265625,-3.312255859375,Unknown
42.737989,7.2587890625,-1.3232421875,-0.66015625,Unknown
42.738988,1.743896484375,0.38037109375,0.21923828125,Unknown
42.772992,0.7998046875,0.8955078125,0.5361328125,Unknown
42.773997,0.379150390625,1.484130859375,0.443115234375,Unknown
42.806495,-0.276611328125,1.30712890625,-0.701904296875,Unknown
42.807986,-1.591064453125,0.674560546875,-1.60009765625,Unknown
42.816497,-2.280029296875,0.07763671875,-1.47119140625,Unknown
42.849000,-1.6064453125,0.076171875,-0.9287109375,Unknown
42.849988,-1.489013671875,0.584228515625,-0.58251953125,Unknown
42.882986,-1.4765625,0.523193359375,-0.527099609375,Unknown
42.883986,-1.5791015625,0.25146484375,-0.62353515625,Unknown
42.916497,-1.552490234375,-0.080078125,-0.58935546875,Unknown
42.917486,-1.482666015625,-0.2685546875,-0.582763671875,Unknown
42.950486,-1.43603515625,-0.1015625,-0.50146484375,Unknown
42.951487,-1.390380859375,0.068603515625,-0.492431640625,Unknown
42.957986,-1.367919921875,0.0361328125,-0.511474609375,Unknown
42.990487,-1.31982421875,0.16650390625,-0.419921875,Unknown
42.991487,-1.300537109375,0.294921875,-0.388671875,Unknown
43.025486,-1.4609375,0.301513671875,-0.55615234375,Unknown
43.026487,-1.61376953125,0.3876953125,-0.621826171875,Unknown
43.061497,-1.6748046875,0.4609375,-0.706787109375,Unknown
43.062987,-1.790771484375,0.468994140625,-0.82275390625,Unknown
43.068992,-1.921875,0.475830078125,-0.792724609375,Unknown
43.101497,-1.98974609375,0.3388671875,-0.72509765625,Unknown
43.102987,-2.026123046875,0.11279296875,-0.70556640625,Unknown
43.135497,-2.0380859375,-0.157470703125,-0.704833984375,Unknown
43.136488,-2.131103515625,-0.325439453125,-0.703369140625,Unknown
43.168994,-2.191650390625,-0.505859375,-0.639404296875,Unknown
43.170497,-2.31591796875,-0.834228515625,-0.701904296875,Unknown
43.228000,-2.576171875,-1.045654296875,-0.7021484375,Unknown
43.228987,-2.637939453125,-1.10546875,-0.3466796875,Unknown
43.229988,-2.82421875,-1.15283203125,0.2451171875,Unknown
43.231488,-2.824951171875,-1.631591796875,1.152587890625,Unknown
43.263998,-2.70068359375,-1.934326171875,1.862548828125,Unknown
43.265496,-1.856201171875,-1.99609375,2.185302734375,Unknown
43.298049,-0.286376953125,-1.60595703125,1.6337890625,Unknown
43.299040,2.16015625,-1.303466796875,-0.967041015625,Start
43.305541,4.9541015625,0.100830078125,-2.95263671875,InProgress
43.339038,7.999755859375,-0.128173828125,-0.998779296875,InProgress
43.340044,7.357666015625,1.375732421875,-7.37158203125,Finish
43.373045,-1.489013671875,2.507568359375,2.8623046875,Unknown
43.374545,-3.953125,4.166259765625,4.677490234375,Unknown
43.408045,0.201171875,1.171875,-2.731689453125,Unknown
43.409041,3.7255859375,-0.554931640625,-4.458984375,Unknown
43.416549,7.07568359375,-1.369873046875,-1.47265625,Unknown
43.449049,1.748046875,0.576171875,0.044189453125,Unknown
43.450040,0.69482421875,0.824462890625,0.883056640625,Unknown
43.483049,0.100830078125,1.06396484375,0.66357421875,Unknown
43.484049,-0.497314453125,0.78564453125,-0.66259765625,Unknown
43.498049,-1.401611328125,0.278564453125,-1.384765625,Unknown
43.531551,-1.89697265625,-0.016845703125,-1.021240234375,Unknown
43.533040,-1.630859375,-0.05419921875,-0.633056640625,Unknown
43.565548,-1.54833984375,0.135498046875,-0.556396484375,Unknown
43.566550,-1.436279296875,0.268798828125,-0.4482421875,Unknown
43.574049,-1.334716796875,0.227294921875,-0.47802734375,Unknown
43.606539,-1.302490234375,-0.013671875,-0.582763671875,Unknown
43.608043,-1.214111328125,-0.124755859375,-0.517333984375,Unknown
43.640540,-1.203857421875,-0.081787109375,-0.406982421875,Unknown
43.641542,-1.26123046875,0.035888671875,-0.3671875,Unknown
43.675402,-1.382080078125,0.180908203125,-0.294921875,Unknown
43.676404,-1.37353515625,0.25,-0.40380859375,Unknown
43.685416,-1.46044921875,0.224365234375,-0.62109375,Unknown
43.719401,-1.546875,0.3154296875,-0.774658203125,Unknown
43.720415,-1.56396484375,0.421142578125,-0.756591796875,Unknown
43.752914,-1.66259765625,0.62548828125,-0.696533203125,Unknown
43.754414,-1.83203125,0.6005859375,-0.79638671875,Unknown
43.786915,-2.013671875,0.323974609375,-1.01708984375,Unknown
43.787914,-2.2177734375,0.10791015625,-1.164794921875,Unknown
43.795414,-2.310546875,0.05029296875,-1.16064453125,Unknown
43.831915,-2.37109375,-0.142822265625,-1.134765625,Unknown
43.832914,-2.469482421875,-0.167724609375,-0.971923828125,Unknown
43.867916,-2.416748046875,-0.3828125,-0.767822265625,Unknown
43.869406,-2.40576171875,-0.7724609375,-0.5498046875,Unknown
43.875419,-2.341064453125,-1.04833984375,-0.248779296875,Unknown
43.889405,-2.38134765625,-1.364013671875,0.189453125,Unknown
43.921915,-2.515625,-1.9228515625,1.090576171875,Unknown
43.922904,-2.654052734375,-1.8955078125,2.059326171875,Unknown
43.956904,-2.46337890625,-1.660888671875,1.621337890625,Unknown
43.957904,-1.55517578125,-1.892822265625,0.169677734375,Unknown
43.990403,0.341552734375,-1.73046875,-0.521240234375,Unknown
43.991915,2.766357421875,-1.20556640625,-0.596923828125,Start
44.000414,7.452880859375,0.04443359375,-1.131591796875,InProgress
44.032915,7.999755859375,0.0458984375,-5.31787109375,InProgress
44.033903,1.84716796875,4.92919921875,-2.62548828125,Finish
44.066915,-1.45703125,2.411376953125,2.17041015625,Unknown
44.067905,-3.686279296875,2.517822265625,1.884033203125,Unknown
44.100415,1.329345703125,0.094970703125,-2.525146484375,Unknown
44.101404,4.445556640625,-1.140869140625,-2.765625,Unknown
44.134415,5.667236328125,-0.40185546875,-0.47119140625,Unknown
44.134915,1.249755859375,0.435791015625,0.25634765625,Unknown
44.142915,0.41259765625,0.32666015625,0.226318359375,Unknown
44.175415,-0.04443359375,0.634521484375,-0.02490234375,Unknown
44.176914,-0.69189453125,0.7177734375,-0.672607421875,Unknown
44.211915,-1.710205078125,0.489990234375,-1.096435546875,Unknown
44.212906,-2,0.181396484375,-1.01171875,Unknown
44.245415,-1.4990234375,0.241455078125,-0.69384765625,Unknown
44.246914,-1.2109375,0.583984375,-0.491455078125,Unknown
44.252914,-1.136474609375,0.536376953125,-0.501953125,Unknown
44.285415,-1.1953125,0.368408203125,-0.533203125,Unknown
44.286404,-1.162109375,0.163330078125,-0.548583984375,Unknown
44.300415,-1.112548828125,-0.012451171875,-0.587158203125,Unknown
44.334415,-1.111572265625,-0.047119140625,-0.53173828125,Unknown
44.335402,-1.19189453125,0.020263671875,-0.379150390625,Unknown
44.367914,-1.247802734375,0.14404296875,-0.2431640625,Unknown
44.368905,-1.371337890625,0.160888671875,-0.22412109375,Unknown
44.402915,-1.40087890625,0.13623046875,-0.439208984375,Unknown
44.403917,-1.536376953125,0.216796875,-0.668212890625,Unknown
44.411915,-1.6201171875,0.367431640625,-0.747802734375,Unknown
44.445415,-1.802001953125,0.483154296875,-0.942138671875,Unknown
44.446905,-1.935302734375,0.52001953125,-0.984130859375,Unknown
44.479415,-2.121826171875,0.384521484375,-0.972900390625,Unknown
44.480415,-2.17138671875,0.302978515625,-0.974365234375,Unknown
44.508917,-2.265380859375,0.16259765625,-1.03369140625,Unknown
44.511918,-2.223876953125,0.078125,-1.016845703125,Unknown
44.543915,-2.21630859375,0.014404296875,-0.96240234375,Unknown
44.545415,-2.302978515625,-0.17919921875,-0.857421875,Unknown
44.552915,-2.281982421875,-0.446044921875,-0.772705078125,Unknown
44.587915,-2.275146484375,-0.8291015625,-0.675048828125,Unknown
44.588902,-2.42041015625,-1.37255859375,-0.128662109375,Unknown
44.621416,-2.665283203125,-2.047607421875,0.79248046875,Unknown
44.622904,-2.822998046875,-2.047607421875,1.607666015625,Unknown
44.656404,-2.426513671875,-1.826904296875,1.66015625,Unknown
44.657904,-1.392822265625,-2.021240234375,1.099853515625,Unknown
44.663915,0.3017578125,-2.22802734375,0.112548828125,Unknown
44.696415,3.294677734375,-1.0537109375,-1.752685546875,Start
44.711415,7.999755859375,1.1025390625,-0.0107421875,InProgress
44.712915,7.999755859375,-0.524169921875,-5.6142578125,InProgress
44.745422,3.69482421875,5.265869140625,-6.009033203125,Finish
44.746404,-6.14013671875,3.10009765625,1.936767578125,Unknown
44.778917,-2.304931640625,2.51025390625,4.73583984375,Unknown
44.780415,0.847900390625,2.094482421875,-1.875244140625,Unknown
44.812903,5.706787109375,-1.03515625,-4.8544921875,Unknown
44.813905,6.344970703125,-2.63818359375,-1.826171875,Unknown
44.821416,1.565185546875,0.236083984375,0.08056640625,Unknown
44.853916,0.956787109375,0.627197265625,0.832763671875,Unknown
44.855415,0.123291015625,0.966064453125,0.7119140625,Unknown
44.888915,-0.56982421875,0.868408203125,-0.18212890625,Unknown
44.890412,-1.219970703125,0.512451171875,-1.1328125,Unknown
44.922917,-1.63134765625,0.158203125,-1.168212890625,Unknown
44.923904,-1.567138671875,0.088623046875,-0.6611328125,Unknown
44.932916,-1.454345703125,0.248779296875,-0.419189453125,Unknown
44.965417,-1.45849609375,0.251220703125,-0.392333984375,Unknown
44.966406,-1.51513671875,0.22607421875,-0.373291015625,Unknown
45.000418,-1.57275390625,0.189697265625,-0.359130859375,Unknown
45.001404,-1.560302734375,0.129150390625,-0.289306640625,Unknown
45.033916,-1.66748046875,0.09521484375,-0.1875,Unknown
45.035403,-1.64794921875,0.175537109375,-0.129150390625,Unknown
45.067916,-1.634765625,0.1357421875,-0.423583984375,Unknown
45.068906,-1.540283203125,0.324951171875,-0.620361328125,Unknown
45.075418,-1.4736328125,0.394775390625,-0.644287109375,Unknown
45.107905,-1.3701171875,0.454345703125,-0.734619140625,Unknown
45.108905,-1.43115234375,0.585693359375,-0.748046875,Unknown
45.122917,-1.484375,0.70703125,-0.7998046875,Unknown
45.148923,-1.538818359375,0.656005859375,-0.8994140625,Unknown
45.153917,-1.57861328125,0.645751953125,-0.90234375,Unknown
45.186418,-1.64453125,0.4677734375,-0.886962890625,Unknown
45.187915,-1.6943359375,0.421630859375,-0.790771484375,Unknown
45.220404,-1.71728515625,0.286865234375,-0.701171875,Unknown
45.221414,-1.799072265625,0.066650390625,-0.693115234375,Unknown
45.254415,-1.80078125,-0.13037109375,-0.68896484375,Unknown
45.255415,-1.8056640625,-0.148681640625,-0.577392578125,Unknown
45.287917,-1.84716796875,-0.29345703125,-0.544921875,Unknown
45.288915,-1.93359375,-0.623046875,-0.59326171875,Unknown
45.296416,-2.15478515625,-0.893798828125,-0.6484375,Unknown
45.330417,-2.36865234375,-0.890625,-0.411376953125,Unknown
45.331406,-2.43603515625,-1.0859375,0.15380859375,Unknown
45.363917,-2.369140625,-1.524169921875,1.1552734375,Unknown
45.365404,-2.041748046875,-1.86572265625,1.933837890625,Unknown
45.398915,-1.298095703125,-1.499755859375,1.236328125,Unknown
45.400415,0.45703125,-1.794189453125,-0.455810546875,Unknown
45.406415,2.544189453125,-1.036865234375,-1.74267578125,Start
45.438589,5.399658203125,-0.419677734375,0.62548828125,InProgress
45.440604,7.999755859375,0.2333984375,-2.122802734375,InProgress
45.472698,4.22265625,2.5849609375,-4.60546875,Finish
45.474188,0.251220703125,2.2705078125,0.604736328125,Unknown
45.506700,-5.700927734375,2.856201171875,1.035888671875,Unknown
45.507689,-0.1259765625,0.280029296875,-1.55615234375,Unknown
45.522699,2.8076171875,-0.47705078125,-3.404541015625,Unknown
45.555198,4.78271484375,-0.908447265625,-1.768310546875,Unknown
45.556690,3.469970703125,1.059814453125,0.497314453125,Unknown
45.564189,1.44287109375,0.699462890625,0.672607421875,Unknown
45.596700,0.733642578125,0.32470703125,-0.103759765625,Unknown
45.597689,0.24951171875,0.39453125,-0.587890625,Unknown
45.630698,-0.2451171875,0.20263671875,-0.9033203125,Unknown
45.631689,-1.006103515625,-0.083984375,-0.80908203125,Unknown
45.664200,-1.4521484375,-0.0888671875,-0.482177734375,Unknown
45.665188,-1.12890625,-0.06884765625,-0.3173828125,Unknown
45.698198,-0.92529296875,-0.087158203125,-0.346435546875,Unknown
45.700198,-1.080322265625,-0.14306640625,-0.4638671875,Unknown
45.707698,-1.131103515625,-0.30859375,-0.577880859375,Unknown
45.740691,-1.2431640625,-0.154541015625,-0.330810546875,Unknown
45.741687,-1.34521484375,-0.0419921875,-0.0546875,Unknown
45.787699,-1.36669921875,0.078369140625,-0.199951171875,Unknown
45.789193,-1.431640625,-0.06103515625,-0.551513671875,Unknown
45.790185,-1.492431640625,0.05322265625,-0.705078125,Unknown
45.824198,-1.507568359375,0.43701171875,-0.728759765625,Unknown
45.825189,-1.859619140625,0.26708984375,-0.88134765625,Unknown
45.832698,-2.0244140625,0.283203125,-0.940185546875,Unknown
45.865690,-2.164794921875,0.145751953125,-0.98486328125,Unknown
45.866689,-2.284423828125,0.353515625,-1.100830078125,Unknown
45.899201,-2.41015625,0.21142578125,-1.156982421875,Unknown
45.900189,-2.321044921875,0.02392578125,-1.184326171875,Unknown
45.933190,-2.255615234375,-0.2353515625,-1.058349609375,Unknown
45.934191,-2.37451171875,-0.3330078125,-0.934326171875,Unknown
45.947689,-2.400390625,-0.505859375,-0.72705078125,Unknown
45.980687,-2.44091796875,-0.82568359375,-0.590576171875,Unknown
45.981697,-2.4541015625,-1.05224609375,-0.48876953125,Unknown
46.015687,-2.512939453125,-1.192626953125,-0.271484375,Unknown
46.016695,-2.628662109375,-1.244384765625,-0.028076171875,Unknown
46.022700,-2.696533203125,-1.49365234375,0.5380859375,Unknown
46.055697,-2.3681640625,-1.615478515625,1.29248046875,Unknown
46.056685,-1.41015625,-1.482177734375,1.92578125,Unknown
46.090697,0.20849609375,-1.734375,2.225341796875,Unknown
46.091698,1.7265625,-1.30615234375,-0.50439453125,Start
46.124191,5.1298828125,-0.059814453125,-2.282958984375,InProgress
46.125188,7.999755859375,-0.344970703125,-1.49951171875,InProgress
46.132698,4.9443359375,2.439208984375,-3.19873046875,Finish
46.165698,1.084716796875,1.0517578125,1.578857421875,Unknown
46.166700,-2.114501953125,3.060302734375,2.572021484375,Unknown
46.200688,-0.817138671875,-0.378662109375,-1.29638671875,Unknown
46.201685,3.15380859375,-1.14697265625,-2.546142578125,Unknown
46.234198,4.591796875,-0.780029296875,-0.852294921875,Unknown
46.235688,2.283447265625,0.4658203125,0.454345703125,Unknown
46.244199,0.80419921875,0.45751953125,0.16943359375,Unknown
46.276707,0.473388671875,0.381591796875,-0.87060546875,Unknown
46.277690,-0.1201171875,0.6708984375,-1.46533203125,Unknown
46.310703,-0.524658203125,0.724609375,-1.551513671875,Unknown
46.311698,-0.796142578125,0.448974609375,-1.405029296875,Unknown
46.345698,-1.012451171875,0.2060546875,-1.119873046875,Unknown
46.346684,-1.29931640625,0.174560546875,-0.813232421875,Unknown
46.360698,-1.398193359375,0.049072265625,-0.528564453125,Unknown
46.394198,-1.379150390625,-0.025146484375,-0.5419921875,Unknown
46.395190,-1.2763671875,-0.23486328125,-0.58935546875,Unknown
46.429198,-1.2333984375,-0.269775390625,-0.507568359375,Unknown
46.430698,-1.231201171875,-0.016357421875,-0.2470703125,Unknown
46.434199,-1.314697265625,-0.051025390625,-0.18798828125,Unknown
46.466699,-1.40185546875,-0.14697265625,-0.336669921875,Unknown
46.467690,-1.40869140625,-0.033447265625,-0.3876953125,Unknown
46.500698,-1.38720703125,0.25,-0.620361328125,Unknown
46.501189,-1.478515625,0.47509765625,-0.74560546875,Unknown
46.535698,-1.647216796875,0.466064453125,-0.87353515625,Unknown
46.536190,-1.785400390625,0.395263671875,-0.872802734375,Unknown
46.544198,-1.744384765625,0.515869140625,-0.921142578125,Unknown
46.579190,-1.915771484375,0.665283203125,-1.02685546875,Unknown
46.580696,-1.984130859375,0.513671875,-1.133544921875,Unknown
46.613198,-2.018310546875,0.206298828125,-1.127685546875,Unknown
46.614198,-2.00146484375,0.040283203125,-0.97412109375,Unknown
46.623198,-2.13427734375,-0.137451171875,-0.953125,Unknown
46.656698,-2.240234375,-0.4716796875,-1.010986328125,Unknown
46.657689,-2.351806640625,-0.695068359375,-0.85986328125,Unknown
46.690698,-2.49560546875,-0.98828125,-0.7724609375,Unknown
46.698198,-2.6044921875,-1.2529296875,-0.6015625,Unknown
46.701698,-2.792724609375,-1.69677734375,0.074951171875,Unknown
46.734198,-2.830322265625,-1.7841796875,1.13232421875,Unknown
46.735190,-2.646240234375,-1.879150390625,1.67041015625,Unknown
46.751698,-1.814208984375,-1.979736328125,1.755859375,Unknown
46.784200,-0.334716796875,-1.7490234375,0.337890625,Unknown
46.785188,1.754638671875,-1.70556640625,-1.10107421875,Start
46.819198,4.367919921875,-0.597900390625,0.345947265625,InProgress
46.820191,7.999755859375,0.191162109375,-0.56982421875,InProgress
46.853198,5.943359375,1.51025390625,-6.1337890625,Finish
46.854188,1.134033203125,2.751953125,0.64599609375,Unknown
46.860198,-0.84765625,2.69287109375,2.789794921875,Unknown
46.893198,-0.53759765625,1.986083984375,-2.010498046875,Unknown
46.894198,4.800048828125,-2.15673828125,-3.965576171875,Unknown
46.926687,3.81494140625,-0.279052734375,-0.807373046875,Unknown
46.927686,1.7177734375,0.700927734375,0.6708984375,Unknown
46.960188,0.6875,0.46533203125,0.659423828125,Unknown
46.961698,0.16259765625,0.25390625,-0.183349609375,Unknown
46.994198,-0.555419921875,-0.064453125,-1.12353515625,Unknown
46.995188,-1.27294921875,-0.27392578125,-1.263427734375,Unknown
47.002685,-1.407958984375,-0.097900390625,-0.864013671875,Unknown
47.035199,-1.264404296875,0.011962890625,-0.46240234375,Unknown
47.036686,-1.1357421875,0.14111328125,-0.313232421875,Unknown
47.067700,-1.10693359375,0.283935546875,-0.466796875,Unknown
47.069198,-1.2578125,0.169677734375,-0.496337890625,Unknown
47.101698,-1.353759765625,0.113037109375,-0.421142578125,Unknown
47.102689,-1.3388671875,0.138427734375,-0.581787109375,Unknown
47.136708,-1.348876953125,0.11328125,-0.646484375,Unknown
47.137690,-1.369384765625,0.00830078125,-0.792236328125,Unknown
47.144187,-1.372314453125,0.11572265625,-0.713134765625,Unknown
47.160190,-1.35205078125,0.44970703125,-0.49951171875,Unknown
47.194187,-1.328369140625,0.466552734375,-0.576904296875,Unknown
47.195189,-1.502197265625,0.39501953125,-0.74169921875,Unknown
47.227698,-1.418701171875,0.52880859375,-0.907470703125,Unknown
47.229188,-1.59716796875,0.72265625,-0.947998046875,Unknown
47.262700,-1.825927734375,0.719482421875,-1.074462890625,Unknown
47.264187,-1.93359375,0.586181640625,-1.258056640625,Unknown
47.271699,-1.92724609375,0.588623046875,-1.2734375,Unknown
47.304188,-1.948486328125,0.43359375,-1.230224609375,Unknown
47.305190,-2.03662109375,0.172119140625,-1.14599609375,Unknown
47.337698,-2.1279296875,0.030029296875,-1.0517578125,Unknown
47.339188,-2.16650390625,-0.20263671875,-0.989501953125,Unknown
47.371699,-2.21826171875,-0.344482421875,-0.949462890625,Unknown
47.372688,-2.3056640625,-0.555908203125,-0.792236328125,Unknown
47.405198,-2.3603515625,-0.6884765625,-0.49365234375,Unknown
47.406686,-2.53173828125,-0.981201171875,-0.028076171875,Unknown
47.414200,-2.71044921875,-1.525390625,0.68408203125,Unknown
47.447698,-2.729736328125,-1.90185546875,1.47802734375,Unknown
47.449189,-2.068603515625,-1.869140625,1.77783203125,Unknown
47.481702,-0.576171875,-2.140380859375,0.926513671875,Unknown
47.482690,1.32958984375,-2.49658203125,-1.166015625,Start
47.491702,3.76708984375,-0.895263671875,-1.32861328125,InProgress
47.524197,7.999755859375,-1.705078125,-0.2255859375,InProgress
47.525187,7.976806640625,1.322509765625,-5.7841796875,Finish
47.557700,1.630615234375,3.385498046875,0.231689453125,Unknown
47.559189,-1.887451171875,2.2431640625,2.1044921875,Unknown
47.572831,-1.3486328125,1.914794921875,-0.909912109375,Unknown
47.605345,2.933349609375,-1.00537109375,-3.223388671875,Unknown
47.606845,4.61376953125,-0.535888671875,-1.1806640625,Unknown
47.640345,2.7431640625,0.833984375,0.365234375,Unknown
47.641836,1.026123046875,0.5693359375,0.511474609375,Unknown
47.674345,0.466552734375,0.393310546875,0.088623046875,Unknown
47.675335,-0.104248046875,0.15185546875,-0.64501953125,Unknown
47.681845,-0.82958984375,-0.020263671875,-1.1376953125,Unknown
47.709334,-1.28271484375,-0.198486328125,-1.00927734375,Unknown
47.714334,-1.3095703125,0.009521484375,-0.6943359375,Unknown
47.747845,-1.11328125,0.1728515625,-0.3984375,Unknown
47.748835,-1.012451171875,0.221435546875,-0.39013671875,Unknown
47.781834,-1.045654296875,0.00439453125,-0.6279296875,Unknown
47.782847,-1.105224609375,-0.048828125,-0.73974609375,Unknown
47.792845,-1.201904296875,-0.13330078125,-0.721435546875,Unknown
47.825347,-1.242431640625,0.052490234375,-0.442138671875,Unknown
47.826333,-1.232666015625,0.21240234375,-0.331298828125,Unknown
47.860333,-1.336669921875,0.197998046875,-0.42333984375,Unknown
47.861339,-1.384033203125,0.251708984375,-0.592529296875,Unknown
47.893845,-1.442138671875,0.28955078125,-0.703125,Unknown
47.895333,-1.435302734375,0.431640625,-0.66064453125,Unknown
47.902845,-1.57861328125,0.39208984375,-0.7451171875,Unknown
47.936845,-1.710693359375,0.58447265625,-0.762939453125,Unknown
47.937834,-1.86865234375,0.541015625,-0.979248046875,Unknown
47.970345,-2.09765625,0.513671875,-1.18212890625,Unknown
47.984345,-2.26025390625,0.40966796875,-1.30859375,Unknown
47.985335,-2.34521484375,0.3544921875,-1.227783203125,Unknown
48.017847,-2.311279296875,0.33544921875,-1.05859375,Unknown
48.018836,-2.28076171875,0.002685546875,-1.0712890625,Unknown
48.051834,-2.185546875,-0.185302734375,-1.01611328125,Unknown
48.052838,-2.078125,-0.32177734375,-0.823974609375,Unknown
48.060345,-2.041748046875,-0.57373046875,-0.7099609375,Unknown
48.092845,-2.096435546875,-0.855712890625,-0.615234375,Unknown
48.094341,-2.123046875,-1.138427734375,-0.396484375,Unknown
48.127845,-2.15625,-1.487548828125,0.19091796875,Unknown
48.128836,-2.21923828125,-1.744140625,1.015380859375,Unknown
48.161845,-1.9677734375,-1.8212890625,1.773681640625,Unknown
48.162845,-1.029052734375,-1.754638671875,1.6650390625,Unknown
48.171845,0.641845703125,-1.493896484375,0.15087890625,Start
48.204345,3.1953125,-0.978515625,-1.8564453125,InProgress
48.205345,6.600341796875,-0.127197265625,-0.343017578125,InProgress
48.237845,7.999755859375,-0.349853515625,-3.736083984375,InProgress
48.238840,3.86474609375,3.05908203125,-4.656005859375,Finish
48.271841,-0.815673828125,2.02880859375,3.5244140625,Unknown
48.272837,-3.313720703125,4.551025390625,2.7978515625,Unknown
48.305346,1.9462890625,0.660400390625,-3.77001953125,Unknown
48.306834,4.139404296875,-3.110595703125,-3.208740234375,Unknown
48.314334,3.337158203125,0.23388671875,-0.35498046875,Unknown
48.347846,0.8759765625,1.138427734375,0.586181640625,Unknown
48.349336,0.14306640625,1.001953125,0.36572265625,Unknown
48.382847,-0.059326171875,0.794677734375,-0.63134765625,Unknown
48.383835,-0.5498046875,0.586669921875,-1.356201171875,Unknown
48.397845,-1.147216796875,0.33935546875,-1.47021484375,Unknown
48.430345,-1.251708984375,0.3720703125,-1.265625,Unknown
48.431833,-0.974609375,0.518798828125,-0.7744140625,Unknown
48.440345,-0.8876953125,0.4609375,-0.626708984375,Unknown
48.472845,-1.007568359375,0.060791015625,-0.770263671875,Unknown
48.474334,-1.0673828125,-0.105224609375,-0.775634765625,Unknown
48.507846,-1.10546875,-0.1533203125,-0.595947265625,Unknown
48.509334,-1.12158203125,-0.014892578125,-0.50341796875,Unknown
48.541847,-1.14453125,-0.045654296875,-0.5908203125,Unknown
48.542836,-1.171875,-0.094482421875,-0.7978515625,Unknown
48.550336,-1.21728515625,-0.13623046875,-0.886474609375,Unknown
48.582845,-1.1982421875,0.0888671875,-0.84228515625,Unknown
48.584335,-1.253173828125,0.11181640625,-0.858642578125,Unknown
48.616847,-1.353515625,0.38720703125,-0.759765625,Unknown
48.617832,-1.53466796875,0.3671875,-1.026123046875,Unknown
48.652847,-1.874755859375,0.37646484375,-1.27197265625,Unknown
48.654345,-2.191162109375,0.272216796875,-1.363037109375,Unknown
48.661847,-2.408203125,0.35693359375,-1.28515625,Unknown
48.700347,-2.567626953125,0.3505859375,-1.202392578125,Unknown
48.701832,-2.619873046875,0.26416015625,-1.1953125,Unknown
48.734345,-2.533935546875,0.06201171875,-1.2197265625,Unknown
48.737845,-2.25732421875,-0.105712890625,-1.123046875,Unknown
48.739333,-1.983154296875,-0.49462890625,-1.028076171875,Unknown
48.771847,-1.86767578125,-0.973388671875,-0.92431640625,Unknown
48.772837,-1.771728515625,-1.25146484375,-0.61181640625,Unknown
48.806849,-1.68896484375,-1.58349609375,-0.208984375,Unknown
48.807836,-1.67236328125,-1.9794921875,0.296875,Unknown
48.821849,-1.57373046875,-2.21533203125,0.6728515625,Unknown
48.854347,-0.981689453125,-2.052490234375,0.688232421875,Unknown
48.855340,0.072509765625,-1.530029296875,-0.041015625,Unknown
48.887845,1.2080078125,-0.7197265625,-1.030517578125,Start
48.889332,3.488525390625,-0.114501953125,-0.435546875,InProgress
48.921847,7.999755859375,0.0166015625,0.0126953125,InProgress
48.922832,7.999755859375,0.947509765625,-4.04833984375,InProgress
48.930345,1.993408203125,3.875732421875,-1.73974609375,Finish
48.987847,-1.176025390625,1.6650390625,0.964111328125,Unknown
48.989332,-2.63134765625,0.718994140625,0.822998046875,Unknown
48.990335,-0.033447265625,1.109130859375,0.393798828125,Unknown
48.994336,2.03271484375,0.8701171875,-0.67822265625,Unknown
49.026845,3.611572265625,-0.21875,-0.9482421875,Unknown
49.027833,3.520751953125,-0.662841796875,-0.69140625,Unknown
49.061847,1.647705078125,-0.224853515625,0.136962890625,Unknown
49.062839,1.07080078125,-0.141845703125,0.44384765625,Unknown
49.095345,0.779541015625,-0.1416015625,0.409423828125,Unknown
49.096844,0.504638671875,-0.054443359375,0.201171875,Unknown
49.104349,0.181640625,0.01611328125,-0.132080078125,Unknown
49.136847,-0.140380859375,-0.02783203125,-0.57763671875,Unknown
49.137838,-0.303466796875,-0.1611328125,-1.0126953125,Unknown
49.170836,-0.286865234375,0.184814453125,-1.089111328125,Unknown
49.171336,0.00927734375,0.549560546875,-0.977294921875,Unknown
49.205345,0.236572265625,0.6845703125,-1.0234375,Unknown
49.206836,0.4453125,0.710693359375,-1.19287109375,Unknown
49.214347,0.593505859375,0.6201171875,-1.4091796875,Start
49.230345,0.6767578125,0.630859375,-1.271728515625,InProgress
49.262847,0.753173828125,0.814697265625,-1.345703125,InProgress
49.263832,0.9189453125,1.026611328125,-1.74658203125,InProgress
49.296845,1.03369140625,0.832763671875,-2.229736328125,InProgress
49.297845,0.957275390625,0.85595703125,-2.030517578125,Finish
49.330347,0.93994140625,0.68115234375,-1.755859375,Unknown
49.331336,0.9775390625,0.52978515625,-1.58349609375,Unknown
49.364347,1.1171875,0.56005859375,-1.3701171875,Unknown
49.365338,1.130126953125,0.58837890625,-1.21826171875,Unknown
49.372852,1.16943359375,0.61767578125,-1.13037109375,Unknown
49.405347,1.07958984375,0.532958984375,-1.14013671875,Unknown
49.406337,0.979248046875,0.476318359375,-1.050048828125,Unknown
49.440347,0.85400390625,0.462158203125,-1.37158203125,Unknown
49.441337,1.14501953125,0.39013671875,-1.215087890625,Unknown
49.473846,0.894775390625,0.074462890625,-1.339111328125,Unknown
49.475337,0.7939453125,0.229736328125,-1.047607421875,Unknown
49.482849,1.015625,0.212890625,-0.57177734375,Unknown
49.515347,1.154052734375,-0.239013671875,-0.578369140625,Unknown
49.516339,0.974365234375,-0.42822265625,-0.760009765625,Unknown
49.549345,0.822265625,-0.0576171875,-0.822509765625,Unknown
49.550339,1.003173828125,0.15380859375,-0.502197265625,Unknown
49.582846,0.90087890625,0.580322265625,-0.03173828125,Unknown
49.583842,0.947509765625,0.672119140625,-0.109619140625,Unknown
49.627845,0.7509765625,-0.323974609375,-0.79248046875,Unknown
49.628838,0.3984375,-0.26904296875,-0.802490234375,Unknown
49.642845,0.737548828125,0.481689453125,-0.2236328125,Unknown
49.643842,0.8330078125,0.40625,-0.047119140625,Unknown
49.676846,0.829833984375,0.31982421875,-0.1982421875,Unknown
49.679335,0.98095703125,0.247802734375,-0.12255859375,Unknown
49.711347,1.055419921875,0.34375,0.051025390625,Unknown
49.712838,0.993896484375,-0.619873046875,-0.6962890625,Unknown
49.746346,1.32958984375,-0.304931640625,-0.194091796875,Unknown
49.747843,1.2734375,0.385498046875,-0.113525390625,Unknown
49.751845,1.27587890625,-0.088623046875,-0.169189453125,Unknown
49.784345,1.14453125,0.02978515625,0.1640625,Unknown
49.785337,1.081298828125,-0.00732421875,0.193603515625,Unknown
49.817845,0.993408203125,-0.367919921875,-0.008544921875,Unknown
49.818836,1.0068359375,0.070556640625,-0.35888671875,Unknown
49.851835,0.85400390625,0.219482421875,0.12890625,Unknown
49.852845,1.1826171875,0.1796875,-0.255126953125,Unknown
49.885347,1.052978515625,0.150390625,-0.16796875,Unknown
49.886336,1.06201171875,-0.40576171875,-0.183837890625,Unknown
49.894342,1.03369140625,-0.311279296875,-0.186767578125,Unknown
49.927845,1.03759765625,-0.267822265625,-0.212890625,Unknown
49.928834,1.045654296875,-0.0859375,-0.224365234375,Unknown
49.961835,1.094482421875,-0.0869140625,-0.28076171875,Unknown
49.962845,1.044677734375,-0.00927734375,-0.350830078125,Unknown
49.996835,1.03515625,0.227294921875,-0.473388671875,Unknown
49.997832,1.066650390625,0.35400390625,-0.399169921875,Unknown
50.004334,1.034423828125,0.029541015625,-0.2578125,Unknown
50.036835,0.98388671875,-0.136474609375,-0.057373046875,Unknown
50.037837,1.117431640625,0.156494140625,-0.18701171875,Unknown
50.051835,1.1220703125,0.406982421875,-0.72607421875,Unknown
50.084334,1.035888671875,0.478759765625,-1.347412109375,Unknown
50.085351,0.9736328125,0.52587890625,-1.368896484375,Unknown
50.119335,0.8232421875,0.4677734375,-0.92236328125,Unknown
50.120346,0.5947265625,0.337890625,-0.91552734375,Unknown
50.152845,0.538330078125,-0.01513671875,-1.095458984375,Unknown
50.154337,0.525634765625,0.326416015625,-1.0791015625,Unknown
50.162846,0.773193359375,0.656005859375,-0.754638671875,Unknown
50.195334,0.76611328125,0.6943359375,-0.786865234375,Unknown
50.196334,0.701171875,0.406982421875,-0.911376953125,Unknown
50.229335,0.607421875,0.15673828125,-0.7470703125,Unknown
50.230345,0.490478515625,0.15087890625,-0.484619140625,Unknown
50.267845,0.428955078125,0.265380859375,-0.46044921875,Unknown
50.268836,0.43212890625,0.28466796875,-0.541748046875,Unknown
50.272846,0.455810546875,0.258056640625,-0.666748046875,Unknown
50.306835,0.54931640625,0.218505859375,-0.557373046875,Unknown
50.307836,0.6328125,0.155029296875,-0.53759765625,Unknown
50.340346,0.660400390625,0.041259765625,-0.609375,Unknown
50.341837,0.75390625,0.13525390625,-0.576171875,Unknown
50.375345,0.871337890625,0.260986328125,-0.5419921875,Unknown
50.376336,0.9931640625,0.386474609375,-0.568359375,Unknown
50.384335,1.144287109375,0.484375,-0.543212890625,Unknown
50.416834,1.192626953125,0.4501953125,-0.5224609375,Unknown
50.417840,1.15625,0.287109375,-0.560302734375,Unknown
50.450346,1.161376953125,0.268798828125,-0.569091796875,Unknown
50.451342,1.114990234375,0.257568359375,-0.555908203125,Unknown
50.465347,1.12744140625,0.3203125,-0.449462890625,Unknown
50.499335,1.10205078125,0.358154296875,-0.370849609375,Unknown
50.500345,1.052734375,0.322998046875,-0.3759765625,Unknown
50.532845,1.029541015625,0.31298828125,-0.4384765625,Unknown
50.534345,0.95654296875,0.315185546875,-0.519287109375,Unknown
50.541845,0.870849609375,0.3408203125,-0.55322265625,Unknown
50.574346,0.8076171875,0.357421875,-0.5341796875,Unknown
50.575343,0.749755859375,0.35302734375,-0.512451171875,Unknown
50.607845,0.70751953125,0.41748046875,-0.50634765625,Unknown
50.609335,0.6923828125,0.386962890625,-0.56884765625,Unknown
50.641834,0.71435546875,0.356689453125,-0.5869140625,Unknown
50.642845,0.7109375,0.41015625,-0.605712890625,Unknown
50.675333,0.713134765625,0.492431640625,-0.59130859375,Unknown
50.677839,0.693359375,0.486328125,-0.610595703125,Unknown
50.684334,0.697509765625,0.538818359375,-0.57861328125,Unknown
50.716834,0.719482421875,0.516845703125,-0.56884765625,Unknown
50.717835,0.7060546875,0.50732421875,-0.552978515625,Unknown
50.750345,0.65478515625,0.501953125,-0.6015625,Unknown
50.751840,0.63134765625,0.443359375,-0.72412109375,Unknown
50.784334,0.636962890625,0.483642578125,-0.74365234375,Unknown
50.785336,0.603515625,0.48681640625,-0.71875,Unknown
50.817845,0.563232421875,0.446533203125,-0.72216796875,Unknown
50.819335,0.5625,0.4951171875,-0.695556640625,Unknown
50.826834,0.5263671875,0.490478515625,-0.732177734375,Unknown
50.860347,0.5419921875,0.4970703125,-0.767333984375,Unknown
50.861836,0.52783203125,0.44921875,-0.801513671875,Unknown
50.875346,0.480224609375,0.44580078125,-0.7763671875,Unknown
50.908345,0.4814453125,0.420654296875,-0.796142578125,Unknown
50.909332,0.505615234375,0.35693359375,-0.82568359375,Unknown
50.942845,0.4755859375,0.408935546875,-0.802978515625,Unknown
50.944333,0.474609375,0.4462890625,-0.839111328125,Unknown
50.951832,0.494384765625,0.405029296875,-0.919677734375,Unknown
50.985333,0.50732421875,0.4482421875,-0.869873046875,Unknown
50.986833,0.540283203125,0.37841796875,-0.869140625,Unknown
51.019336,0.529052734375,0.5400390625,-0.79833984375,Unknown
51.020337,0.595458984375,0.46240234375,-0.87353515625,Unknown
51.054338,0.594970703125,0.44384765625,-0.863525390625,Unknown
51.055332,0.619873046875,0.4736328125,-0.82861328125,Unknown
51.062834,0.533935546875,0.39697265625,-0.82177734375,Unknown
51.095333,0.465087890625,0.346923828125,-0.80419921875,Unknown
51.096834,0.46923828125,0.356201171875,-0.773193359375,Unknown
51.130335,0.496337890625,0.32861328125,-0.777099609375,Unknown
51.131841,0.5234375,0.358642578125,-0.734375,Unknown
51.164336,0.529052734375,0.3623046875,-0.69921875,Unknown
51.166847,0.52880859375,0.37158203125,-0.709228515625,Unknown
51.172846,0.55126953125,0.392333984375,-0.672119140625,Unknown
51.205333,0.5400390625,0.39599609375,-0.674072265625,Unknown
51.206836,0.52001953125,0.392822265625,-0.749267578125,Unknown
51.240347,0.49169921875,0.4453125,-0.758056640625,Unknown
51.241845,0.466796875,0.4921875,-0.734130859375,Unknown
51.274347,0.42138671875,0.4697265625,-0.770263671875,Unknown
51.275337,0.445556640625,0.43701171875,-0.8173828125,Unknown
51.289337,0.461669921875,0.44775390625,-0.827880859375,Unknown
51.321847,0.467041015625,0.447021484375,-0.81689453125,Unknown
51.322841,0.434814453125,0.479736328125,-0.808349609375,Unknown
51.355837,0.42626953125,0.51513671875,-0.783203125,Unknown
51.356838,0.43701171875,0.497802734375,-0.800048828125,Unknown
51.363845,0.452880859375,0.48876953125,-0.760498046875,Unknown
51.396833,0.470947265625,0.48388671875,-0.716796875,Unknown
51.397839,0.471923828125,0.4365234375,-0.76904296875,Unknown
51.431840,0.462646484375,0.436279296875,-0.794921875,Unknown
51.433839,0.46826171875,0.43896484375,-0.78564453125,Unknown
51.441838,0.473876953125,0.439453125,-0.76904296875,Unknown
51.473839,0.484619140625,0.446533203125,-0.755126953125,Unknown
51.475333,0.474609375,0.42138671875,-0.745361328125,Unknown
51.507839,0.463623046875,0.400390625,-0.75537109375,Unknown
51.508831,0.470703125,0.405517578125,-0.768310546875,Unknown
51.547847,0.480224609375,0.44287109375,-0.749755859375,Unknown
51.548830,0.476318359375,0.469970703125,-0.742431640625,Unknown
51.552845,0.47509765625,0.47802734375,-0.739501953125,Unknown
51.585333,0.46728515625,0.4599609375,-0.74560546875,Unknown
51.586346,0.473388671875,0.44482421875,-0.759521484375,Unknown
51.620351,0.47607421875,0.446044921875,-0.760498046875,Unknown
51.621334,0.4658203125,0.462646484375,-0.763427734375,Unknown
51.653833,0.453369140625,0.47265625,-0.771484375,Unknown
51.655334,0.452392578125,0.463623046875,-0.772216796875,Unknown
51.662829,0.4501953125,0.45361328125,-0.7568359375,Unknown
51.695341,0.46142578125,0.45654296875,-0.75390625,Unknown
51.696340,0.471435546875,0.463134765625,-0.752197265625,Unknown
51.730347,0.480712890625,0.464111328125,-0.760498046875,Unknown
51.731333,0.47998046875,0.461669921875,-0.747314453125,Unknown
51.766345,0.471923828125,0.4375,-0.7490234375,Unknown
51.767848,0.464111328125,0.4384765625,-0.75439453125,Unknown
51.773830,0.460205078125,0.4521484375,-0.760009765625,Unknown
51.806333,0.46337890625,0.45654296875,-0.76171875,Unknown
51.807854,0.4677734375,0.46826171875,-0.761962890625,Unknown
51.840345,0.468017578125,0.469482421875,-0.7392578125,Unknown
51.841339,0.4677734375,0.453125,-0.750244140625,Unknown
51.875347,0.45849609375,0.45458984375,-0.73974609375,Unknown
51.876347,0.457275390625,0.4619140625,-0.748046875,Unknown
51.909331,0.456787109375,0.461669921875,-0.75537109375,Unknown
51.910346,0.453125,0.478271484375,-0.751953125,Unknown
51.916348,0.460205078125,0.478515625,-0.75,Unknown
51.948848,0.462890625,0.47021484375,-0.7470703125,Unknown
51.950346,0.465576171875,0.465087890625,-0.744384765625,Unknown
51.985348,0.4599609375,0.452880859375,-0.751220703125,Unknown
51.986346,0.4609375,0.46484375,-0.74267578125,Unknown
52.018847,0.469482421875,0.461669921875,-0.76513671875,Unknown
52.020345,0.470947265625,0.4697265625,-0.758056640625,Unknown
52.027845,0.46337890625,0.473876953125,-0.76123046875,Unknown
52.061347,0.464599609375,0.462890625,-0.761474609375,Unknown
52.062830,0.462890625,0.467041015625,-0.757080078125,Unknown
52.076330,0.462890625,0.458740234375,-0.76513671875,Unknown
52.110345,0.463134765625,0.467041015625,-0.75048828125,Unknown
52.111346,0.4609375,0.475830078125,-0.7255859375,Unknown
52.144330,0.45458984375,0.458251953125,-0.74462890625,Unknown
52.145348,0.453369140625,0.46826171875,-0.728271484375,Unknown
52.152847,0.4599609375,0.469482421875,-0.73291015625,Unknown
52.187833,0.45751953125,0.472412109375,-0.740966796875,Unknown
52.188833,0.45947265625,0.453857421875,-0.763427734375,Unknown
52.221333,0.4599609375,0.47265625,-0.748046875,Unknown
52.222833,0.455078125,0.45703125,-0.76123046875,Unknown
