22:50:16.363677,0.44091796875,0.353515625,-0.844482421875,Unknown
22:50:16.378677,0.428466796875,0.333984375,-0.81396484375,Unknown
22:50:16.416192,0.466796875,0.33251953125,-0.833740234375,Unknown
22:50:16.417691,0.466064453125,0.34765625,-0.81787109375,Unknown
22:50:16.426192,0.47119140625,0.330322265625,-0.81591796875,Unknown
22:50:16.443679,0.484619140625,0.32421875,-0.836181640625,Unknown
22:50:16.477685,0.49072265625,0.31640625,-0.82568359375,Unknown
22:50:16.478679,0.479736328125,0.31005859375,-0.79150390625,Unknown
22:50:16.511681,0.48486328125,0.319091796875,-0.82763671875,Unknown
22:50:16.512177,0.466552734375,0.30615234375,-0.835205078125,Unknown
22:50:16.518694,0.466064453125,0.3408203125,-0.8212890625,Unknown
22:50:16.551181,0.483642578125,0.390625,-0.82177734375,Unknown
22:50:16.552192,0.479248046875,0.354248046875,-0.828369140625,Unknown
22:50:16.566181,0.47509765625,0.325927734375,-0.799560546875,Unknown
22:50:16.600176,0.459228515625,0.298095703125,-0.794921875,Unknown
22:50:16.601192,0.472412109375,0.336181640625,-0.78759765625,Unknown
22:50:16.633677,0.481689453125,0.354736328125,-0.801513671875,Unknown
22:50:16.634692,0.4892578125,0.367431640625,-0.828857421875,Unknown
22:50:16.668693,0.480712890625,0.3740234375,-0.806640625,Unknown
22:50:16.669694,0.48681640625,0.344970703125,-0.8037109375,Unknown
22:50:16.677677,0.4794921875,0.3232421875,-0.80419921875,Unknown
22:50:16.709693,0.47900390625,0.335693359375,-0.79833984375,Unknown
22:50:16.711195,0.486083984375,0.375244140625,-0.81787109375,Unknown
22:50:16.744692,0.484619140625,0.39208984375,-0.830078125,Unknown
22:50:16.746192,0.46142578125,0.369140625,-0.825927734375,Unknown
22:50:16.778678,0.461181640625,0.355224609375,-0.789794921875,Unknown
22:50:16.779692,0.466796875,0.351806640625,-0.7841796875,Unknown
22:50:16.787192,0.483154296875,0.344482421875,-0.785888671875,Unknown
22:50:16.820177,0.48828125,0.378662109375,-0.820068359375,Unknown
22:50:16.821192,0.4912109375,0.351318359375,-0.793212890625,Unknown
22:50:16.854677,0.4970703125,0.34033203125,-0.80322265625,Unknown
22:50:16.856192,0.4912109375,0.345947265625,-0.79638671875,Unknown
22:50:16.870177,0.484375,0.337890625,-0.8017578125,Unknown
22:50:16.902677,0.4794921875,0.34765625,-0.796142578125,Unknown
22:50:16.903678,0.477783203125,0.357177734375,-0.791748046875,Unknown
22:50:16.936193,0.474853515625,0.341796875,-0.794921875,Unknown
22:50:16.937678,0.47900390625,0.3515625,-0.806396484375,Unknown
22:50:16.970177,0.4814453125,0.3583984375,-0.799560546875,Unknown
22:50:16.971176,0.48388671875,0.351806640625,-0.790771484375,Unknown
22:50:16.977692,0.483642578125,0.343994140625,-0.801025390625,Unknown
22:50:17.009693,0.486083984375,0.34619140625,-0.78515625,Unknown
22:50:17.012692,0.48095703125,0.347412109375,-0.800048828125,Unknown
22:50:17.046192,0.481689453125,0.35400390625,-0.788330078125,Unknown
22:50:17.047194,0.477783203125,0.343505859375,-0.78369140625,Unknown
22:50:17.080192,0.480224609375,0.354248046875,-0.783935546875,Unknown
22:50:17.081192,0.49853515625,0.35791015625,-0.79248046875,Unknown
22:50:17.088683,0.4990234375,0.3505859375,-0.814208984375,Unknown
22:50:17.121187,0.50146484375,0.363525390625,-0.81298828125,Start
22:50:17.122176,0.49169921875,0.35693359375,-0.81103515625,Unknown
22:50:17.155192,0.479248046875,0.34228515625,-0.813232421875,Unknown
22:50:17.156177,0.47802734375,0.34765625,-0.813232421875,Unknown
22:50:17.190192,0.483154296875,0.36376953125,-0.79736328125,Unknown
22:50:17.191192,0.484130859375,0.354248046875,-0.8046875,Unknown
22:50:17.197679,0.488525390625,0.339111328125,-0.796142578125,Unknown
22:50:17.230192,0.4853515625,0.340087890625,-0.79931640625,Unknown
22:50:17.231193,0.47705078125,0.35205078125,-0.80029296875,Unknown
22:50:17.263676,0.47119140625,0.359130859375,-0.8076171875,Unknown
22:50:17.265192,0.474365234375,0.36669921875,-0.799560546875,Unknown
22:50:17.308692,0.47802734375,0.34912109375,-0.79296875,Unknown
22:50:17.309677,0.49609375,0.344970703125,-0.791259765625,Unknown
22:50:17.311175,0.499267578125,0.33984375,-0.8046875,Unknown
22:50:17.345197,0.49853515625,0.3408203125,-0.793212890625,Unknown
22:50:17.346192,0.49951171875,0.342529296875,-0.790283203125,Unknown
22:50:17.379132,0.490966796875,0.346923828125,-0.793701171875,Unknown
22:50:17.380119,0.47998046875,0.338623046875,-0.814453125,Unknown
22:50:17.388632,0.47216796875,0.355224609375,-0.81005859375,Unknown
22:50:17.421131,0.473876953125,0.34326171875,-0.83642578125,Unknown
22:50:17.422618,0.468994140625,0.352294921875,-0.819091796875,Unknown
22:50:17.455117,0.46337890625,0.34619140625,-0.8212890625,Unknown
22:50:17.456131,0.48095703125,0.33349609375,-0.790283203125,Unknown
22:50:17.488618,0.50732421875,0.327880859375,-0.78466796875,InProgress
22:50:17.489618,0.529541015625,0.331298828125,-0.788818359375,InProgress
22:50:17.522615,0.53662109375,0.32177734375,-0.795166015625,InProgress
22:50:17.523615,0.504150390625,0.320556640625,-0.8330078125,Finish
22:50:17.530114,0.516845703125,0.363037109375,-0.81103515625,Unknown
22:50:17.562614,0.5361328125,0.3076171875,-0.8798828125,Unknown
22:50:17.563617,0.548583984375,0.30224609375,-0.9013671875,Unknown
22:50:17.597149,0.568603515625,0.316162109375,-0.892333984375,Unknown
22:50:17.598137,0.618408203125,0.28466796875,-0.93212890625,Unknown
22:50:17.631213,0.77001953125,0.364501953125,-0.829833984375,Unknown
22:50:17.632701,0.938720703125,0.314697265625,-0.91552734375,Unknown
22:50:17.641212,0.97216796875,0.501708984375,-0.849365234375,Unknown
22:50:17.673714,0.83837890625,0.520751953125,-0.793701171875,Unknown
22:50:17.675201,0.854248046875,0.557861328125,-0.764404296875,Unknown
22:50:17.707699,0.869384765625,0.45556640625,-0.863037109375,Unknown
22:50:17.708703,0.918701171875,0.457275390625,-0.888427734375,Unknown
22:50:17.741196,0.966796875,0.572021484375,-0.810546875,Unknown
22:50:17.742196,1.02880859375,0.630859375,-0.833984375,Unknown
22:50:17.775197,1.08740234375,0.684326171875,-0.879150390625,Unknown
22:50:17.776212,1.091796875,0.650634765625,-0.9267578125,Unknown
22:50:17.783701,1.12109375,0.57421875,-0.94140625,Unknown
22:50:17.816212,1.061767578125,0.459228515625,-0.936767578125,Unknown
22:50:17.817698,1.043701171875,0.474853515625,-0.99853515625,Unknown
22:50:17.851199,1.0810546875,0.60693359375,-1.001708984375,Unknown
22:50:17.852697,1.051513671875,0.896484375,-1.01318359375,Unknown
22:50:17.885199,1.068603515625,1.1806640625,-0.89599609375,Unknown
22:50:17.886212,1.0078125,1.04150390625,-0.81103515625,Unknown
22:50:17.893713,0.748046875,1.021240234375,-0.818359375,Unknown
22:50:17.948714,0.551025390625,1.274658203125,-0.7724609375,Unknown
22:50:17.950200,0.49072265625,1.329833984375,-0.734375,Unknown
22:50:17.951198,0.38720703125,1.163818359375,-0.713134765625,Unknown
22:50:17.957697,0.177978515625,0.9208984375,-0.74267578125,Unknown
22:50:17.990197,0.00830078125,0.668212890625,-0.731689453125,Unknown
22:50:17.991215,-0.172119140625,0.602783203125,-0.683837890625,Unknown
22:50:18.023714,-0.2470703125,0.58056640625,-0.673583984375,Unknown
22:50:18.025197,-0.25390625,0.41845703125,-0.67236328125,Unknown
22:50:18.057697,-0.3037109375,0.4375,-0.512939453125,Unknown
22:50:18.058713,-0.370849609375,0.37939453125,-0.361083984375,Unknown
22:50:18.091212,-0.44482421875,0.24560546875,-0.29638671875,Unknown
22:50:18.092700,-0.516357421875,0.35498046875,-0.146240234375,Unknown
22:50:18.100201,-0.569091796875,0.334716796875,-0.022705078125,Unknown
22:50:18.132701,-0.584716796875,0.226806640625,0.001708984375,Unknown
22:50:18.133704,-0.57666015625,0.136474609375,-0.028564453125,Unknown
22:50:18.168709,-0.596435546875,0.05810546875,-0.05810546875,Unknown
22:50:18.170200,-0.6884765625,0.0166015625,-0.008056640625,Unknown
22:50:18.202700,-0.734130859375,0.103759765625,0.036376953125,Unknown
22:50:18.205202,-0.716064453125,0.1572265625,0.04443359375,Unknown
22:50:18.211214,-0.751708984375,0.218017578125,0.028564453125,Unknown
22:50:18.244203,-0.83984375,0.28759765625,0.017578125,Unknown
22:50:18.245200,-0.869873046875,0.405029296875,0.004638671875,Unknown
22:50:18.279203,-0.83544921875,0.40478515625,-0.089599609375,Unknown
22:50:18.280202,-0.847900390625,0.426513671875,-0.27197265625,Unknown
22:50:18.312701,-0.82421875,0.427734375,-0.4052734375,Unknown
22:50:18.313704,-0.787353515625,0.42041015625,-0.4296875,Unknown
22:50:18.320201,-0.728271484375,0.302490234375,-0.417236328125,Unknown
22:50:18.352702,-0.671630859375,0.18408203125,-0.40380859375,Unknown
22:50:18.353701,-0.63916015625,0.154296875,-0.3955078125,Unknown
22:50:18.386215,-0.62744140625,0.07421875,-0.444580078125,Unknown
22:50:18.387700,-0.635009765625,0.010986328125,-0.49169921875,Unknown
22:50:18.420201,-0.63330078125,-0.10888671875,-0.5146484375,Unknown
22:50:18.421203,-0.661376953125,-0.107177734375,-0.47216796875,Unknown
22:50:18.453713,-0.66748046875,-0.121826171875,-0.414794921875,Unknown
22:50:18.455200,-0.68115234375,-0.175537109375,-0.400634765625,Unknown
22:50:18.462700,-0.6904296875,-0.2490234375,-0.43994140625,Unknown
22:50:18.495201,-0.7099609375,-0.27490234375,-0.462646484375,Unknown
22:50:18.496213,-0.69921875,-0.257080078125,-0.444091796875,Unknown
22:50:18.530201,-0.705078125,-0.23095703125,-0.4287109375,Unknown
22:50:18.531207,-0.725830078125,-0.203369140625,-0.455810546875,Unknown
22:50:18.588713,-0.740478515625,-0.14208984375,-0.480712890625,Unknown
22:50:18.590200,-0.745849609375,-0.104736328125,-0.477294921875,Unknown
22:50:18.591213,-0.7451171875,-0.0185546875,-0.442138671875,Unknown
22:50:18.592701,-0.72705078125,0.120361328125,-0.4072265625,Unknown
22:50:18.625200,-0.778564453125,0.21533203125,-0.45361328125,Unknown
22:50:18.626213,-0.817626953125,0.28955078125,-0.482177734375,Unknown
22:50:18.636202,-0.828369140625,0.408935546875,-0.422607421875,Unknown
22:50:18.668711,-0.855224609375,0.4501953125,-0.365478515625,Unknown
22:50:18.669704,-0.909423828125,0.509033203125,-0.34521484375,Unknown
22:50:18.702701,-0.923828125,0.56982421875,-0.302734375,Unknown
22:50:18.703700,-0.937255859375,0.6064453125,-0.25830078125,Unknown
22:50:18.737711,-0.936767578125,0.64404296875,-0.28076171875,Unknown
22:50:18.738700,-0.913330078125,0.721923828125,-0.316162109375,Unknown
22:50:18.771215,-0.90478515625,0.659423828125,-0.25,Unknown
22:50:18.772700,-0.951904296875,0.630859375,-0.203369140625,Unknown
22:50:18.779714,-0.94580078125,0.5986328125,-0.2177734375,Unknown
22:50:18.812716,-0.91455078125,0.575439453125,-0.265869140625,Unknown
22:50:18.813699,-0.88671875,0.5341796875,-0.279052734375,Unknown
22:50:18.847715,-0.880615234375,0.501708984375,-0.2392578125,Unknown
22:50:18.848699,-0.85302734375,0.449951171875,-0.19580078125,Unknown
22:50:18.881705,-0.87158203125,0.42529296875,-0.181884765625,Unknown
22:50:18.882699,-0.847412109375,0.467529296875,-0.168701171875,Unknown
22:50:18.890203,-0.865966796875,0.43115234375,-0.198486328125,Unknown
22:50:18.922714,-0.875732421875,0.451904296875,-0.211669921875,Unknown
22:50:18.923704,-0.8896484375,0.458984375,-0.221923828125,Unknown
22:50:18.956702,-0.934326171875,0.47021484375,-0.217529296875,Unknown
22:50:18.957703,-0.958740234375,0.46484375,-0.27197265625,Unknown
22:50:18.991705,-0.950439453125,0.440673828125,-0.3076171875,Unknown
22:50:18.992703,-0.978515625,0.40380859375,-0.288818359375,Unknown
22:50:19.000202,-1.02392578125,0.423828125,-0.197509765625,Unknown
22:50:19.033716,-1.044677734375,0.372802734375,-0.172119140625,Unknown
22:50:19.034702,-1.07666015625,0.330078125,-0.24755859375,Unknown
22:50:19.067704,-1.108154296875,0.239990234375,-0.3203125,Unknown
22:50:19.068705,-1.10595703125,0.269775390625,-0.29931640625,Unknown
22:50:19.102709,-1.0732421875,0.230224609375,-0.273681640625,Unknown
22:50:19.103702,-1.062255859375,0.19921875,-0.241943359375,Unknown
22:50:19.111212,-1.020263671875,0.17822265625,-0.203857421875,Unknown
22:50:19.143716,-1.00244140625,0.224853515625,-0.1552734375,Unknown
22:50:19.144713,-0.984619140625,0.22412109375,-0.13623046875,Unknown
22:50:19.177705,-0.996337890625,0.191650390625,-0.175537109375,Unknown
22:50:19.178715,-0.995361328125,0.302734375,-0.13232421875,Unknown
22:50:19.230204,-1.001220703125,0.35498046875,-0.16748046875,Unknown
22:50:19.231703,-0.955078125,0.31884765625,-0.156982421875,Unknown
22:50:19.232705,-0.933837890625,0.321044921875,-0.17431640625,Unknown
22:50:19.238714,-0.906494140625,0.329345703125,-0.210693359375,Unknown
22:50:19.272705,-0.887451171875,0.3251953125,-0.26806640625,Unknown
22:50:19.273713,-0.86669921875,0.343994140625,-0.27490234375,Unknown
22:50:19.306217,-0.888916015625,0.290771484375,-0.2421875,Unknown
22:50:19.307701,-0.904296875,0.16064453125,-0.28369140625,Unknown
22:50:19.341214,-0.906494140625,0.12841796875,-0.323486328125,Unknown
22:50:19.342705,-0.8798828125,0.158203125,-0.287841796875,Unknown
22:50:19.348714,-0.866943359375,0.11376953125,-0.319091796875,Unknown
22:50:19.381202,-0.860107421875,0.109130859375,-0.367919921875,Unknown
22:50:19.382201,-0.8583984375,0.113037109375,-0.36669921875,Unknown
22:50:19.415201,-0.864501953125,0.07666015625,-0.394775390625,Unknown
22:50:19.416199,-0.8583984375,0.068115234375,-0.3798828125,Unknown
22:50:19.448713,-0.84375,0.0869140625,-0.3359375,Unknown
22:50:19.450202,-0.83642578125,0.080810546875,-0.309814453125,Unknown
22:50:19.482711,-0.84375,0.06787109375,-0.32275390625,Unknown
22:50:19.483713,-0.864013671875,0.1142578125,-0.30908203125,Unknown
22:50:19.490201,-0.891357421875,0.135009765625,-0.306884765625,Unknown
22:50:19.523713,-0.919189453125,0.1162109375,-0.314208984375,Unknown
22:50:19.525203,-0.95654296875,0.12744140625,-0.299560546875,Unknown
22:50:19.557702,-0.965087890625,0.165771484375,-0.2822265625,Unknown
22:50:19.558708,-0.97119140625,0.205078125,-0.251708984375,Unknown
22:50:19.592702,-0.9892578125,0.192626953125,-0.2568359375,Unknown
22:50:19.593713,-1.0009765625,0.208740234375,-0.25244140625,Unknown
22:50:19.601213,-1.00048828125,0.23681640625,-0.222412109375,Unknown
22:50:19.633715,-1.01806640625,0.21240234375,-0.19189453125,Unknown
22:50:19.635201,-1.01806640625,0.1787109375,-0.171142578125,Unknown
22:50:19.667701,-1.035400390625,0.128662109375,-0.199951171875,Unknown
22:50:19.668709,-1.05078125,0.1484375,-0.18798828125,Unknown
22:50:19.701213,-1.09619140625,0.126953125,-0.177734375,Unknown
22:50:19.702702,-1.125732421875,0.080810546875,-0.23046875,Unknown
22:50:19.735203,-1.105224609375,0.08251953125,-0.26220703125,Unknown
22:50:19.736212,-1.083984375,0.084716796875,-0.27978515625,Unknown
22:50:19.743714,-1.055908203125,0.058349609375,-0.290771484375,Unknown
22:50:19.777701,-1.020751953125,0.041015625,-0.2783203125,Unknown
22:50:19.778713,-0.994140625,0.03564453125,-0.241943359375,Unknown
22:50:19.811213,-0.95849609375,-0.012451171875,-0.242919921875,Unknown
22:50:19.812701,-0.92138671875,-0.0576171875,-0.242431640625,Unknown
22:50:19.868717,-0.906982421875,-0.058349609375,-0.222900390625,Unknown
22:50:19.870202,-0.91455078125,-0.02978515625,-0.1728515625,Unknown
22:50:19.871213,-0.94921875,-0.037841796875,-0.173828125,Unknown
22:50:19.872701,-0.9140625,0.0341796875,-0.197021484375,Unknown
22:50:19.906214,-0.91259765625,0.1162109375,-0.21142578125,Unknown
22:50:19.907702,-0.92626953125,0.150390625,-0.168212890625,Unknown
22:50:19.940202,-0.9638671875,0.15576171875,-0.17724609375,Unknown
22:50:19.941206,-0.937255859375,0.2431640625,-0.174560546875,Unknown
22:50:19.950201,-0.949951171875,0.302978515625,-0.1826171875,Unknown
22:50:19.982701,-0.96142578125,0.2568359375,-0.200927734375,Unknown
22:50:19.983713,-0.953125,0.15869140625,-0.216552734375,Unknown
22:50:20.016214,-0.919189453125,0.069580078125,-0.204833984375,Unknown
22:50:20.017701,-0.900634765625,-0.02392578125,-0.18505859375,Unknown
22:50:20.050203,-0.8876953125,-0.091796875,-0.175537109375,Unknown
22:50:20.051213,-0.863525390625,-0.141845703125,-0.1435546875,Unknown
22:50:20.083713,-0.85791015625,-0.174560546875,-0.1572265625,Unknown
22:50:20.085200,-0.8564453125,-0.212646484375,-0.1767578125,Unknown
22:50:20.091214,-0.867919921875,-0.188232421875,-0.184814453125,Unknown
22:50:20.123717,-0.896484375,-0.17626953125,-0.20166015625,Unknown
22:50:20.125201,-0.900634765625,-0.101318359375,-0.169189453125,Unknown
22:50:20.158705,-0.951416015625,-0.051025390625,-0.097412109375,Unknown
22:50:20.160201,-0.994384765625,-0.028564453125,-0.080078125,Unknown
22:50:20.192701,-1.016845703125,-0.005859375,-0.10595703125,Unknown
22:50:20.195200,-1.033203125,0.00341796875,-0.154296875,Unknown
22:50:20.202703,-1.020263671875,0.0830078125,-0.13037109375,Unknown
22:50:20.235201,-1.0419921875,0.10546875,-0.121826171875,Unknown
22:50:20.236202,-1.03125,0.08935546875,-0.15576171875,Unknown
22:50:20.270204,-1.01953125,0.070556640625,-0.195556640625,Unknown
22:50:20.271204,-1.002685546875,0.042724609375,-0.215576171875,Unknown
22:50:20.303711,-1.00244140625,0.052490234375,-0.19384765625,Unknown
22:50:20.305201,-0.986572265625,0.027587890625,-0.17333984375,Unknown
22:50:20.312701,-0.971923828125,0.01513671875,-0.182861328125,Unknown
22:50:20.345201,-0.96533203125,0.03173828125,-0.180908203125,Unknown
22:50:20.346213,-0.992919921875,0.00537109375,-0.189453125,Unknown
22:50:20.378715,-1.01171875,-0.00830078125,-0.17822265625,Unknown
22:50:20.380201,-1.0126953125,0.004150390625,-0.166015625,Unknown
22:50:20.412701,-1.002197265625,0.03173828125,-0.180419921875,Unknown
22:50:20.413713,-0.987060546875,0.02099609375,-0.18017578125,Unknown
22:50:20.446213,-0.995849609375,0.030517578125,-0.203857421875,Unknown
22:50:20.447701,-0.992431640625,0.0517578125,-0.1923828125,Unknown
22:50:20.455201,-0.989501953125,0.080322265625,-0.208251953125,Unknown
22:50:20.508713,-0.97021484375,0.105712890625,-0.23291015625,Unknown
22:50:20.510200,-0.95458984375,0.112060546875,-0.247314453125,Unknown
22:50:20.511204,-0.934326171875,0.097412109375,-0.262451171875,Unknown
22:50:20.517701,-0.925537109375,0.0966796875,-0.24462890625,Unknown
22:50:20.550201,-0.91455078125,0.099853515625,-0.24951171875,Unknown
22:50:20.551207,-0.89892578125,0.09912109375,-0.267822265625,Unknown
22:50:20.585201,-0.875732421875,0.085693359375,-0.28466796875,Unknown
22:50:20.586209,-0.865966796875,0.106201171875,-0.290771484375,Unknown
22:50:20.619206,-0.878173828125,0.122314453125,-0.27099609375,Unknown
22:50:20.620201,-0.902099609375,0.126708984375,-0.2802734375,Unknown
22:50:20.628713,-0.9091796875,0.121826171875,-0.29541015625,Unknown
22:50:20.661709,-0.909912109375,0.119140625,-0.3193359375,Unknown
22:50:20.662704,-0.875244140625,0.130615234375,-0.30908203125,Unknown
22:50:20.695459,-0.845458984375,0.155517578125,-0.31005859375,Unknown
22:50:20.695855,-0.83056640625,0.154541015625,-0.323486328125,Unknown
22:50:20.729984,-0.812255859375,0.170166015625,-0.328369140625,Unknown
22:50:20.731485,-0.78662109375,0.17919921875,-0.34619140625,Unknown
22:50:20.763996,-0.725830078125,0.186767578125,-0.330322265625,Unknown
22:50:20.765486,-0.661865234375,0.181396484375,-0.336181640625,Unknown
22:50:20.771496,-0.608642578125,0.19580078125,-0.339599609375,Unknown
22:50:20.804079,-0.58349609375,0.208984375,-0.345947265625,Unknown
22:50:20.805080,-0.595947265625,0.214599609375,-0.349365234375,Unknown
22:50:20.839079,-0.595947265625,0.228515625,-0.3779296875,Unknown
22:50:20.840093,-0.57763671875,0.2685546875,-0.402587890625,Unknown
22:50:20.872592,-0.568115234375,0.27392578125,-0.417236328125,Unknown
22:50:20.874083,-0.548583984375,0.29150390625,-0.448974609375,Unknown
22:50:20.882592,-0.48876953125,0.330078125,-0.44677734375,Unknown
22:50:20.915171,-0.466064453125,0.39404296875,-0.4375,Unknown
22:50:20.916165,-0.469970703125,0.48486328125,-0.44091796875,Unknown
22:50:20.949161,-0.529052734375,0.530029296875,-0.46826171875,Unknown
22:50:20.950162,-0.57666015625,0.59765625,-0.4609375,Unknown
22:50:20.966526,-0.67041015625,0.725341796875,-0.46435546875,Unknown
22:50:20.999025,-0.76708984375,0.821533203125,-0.621826171875,Unknown
22:50:21.000015,-0.904296875,0.931396484375,-0.892333984375,Unknown
22:50:21.008746,-1.099365234375,1.06689453125,-1.09814453125,Unknown
22:50:21.041253,-1.373291015625,1.276123046875,-1.273193359375,Unknown
22:50:21.042747,-1.801025390625,1.52001953125,-1.408935546875,Unknown
22:50:21.075246,-2.26953125,1.80029296875,-1.30615234375,Unknown
22:50:21.076234,-2.85400390625,1.968017578125,-0.792236328125,Unknown
22:50:21.110386,-3.6064453125,2.23388671875,-0.157958984375,Unknown
22:50:21.111372,-3.9443359375,2.98193359375,-0.216552734375,Unknown
22:50:21.118887,-3.6943359375,3.30810546875,-0.87744140625,Unknown
22:50:21.148886,-3.184326171875,3.416748046875,-1.597412109375,Unknown
22:50:21.150376,-2.669921875,3.918701171875,-1.910400390625,Unknown
22:50:21.182886,-2.124755859375,4.644775390625,-1.8583984375,Unknown
22:50:21.185385,-1.399169921875,4.968994140625,-1.80078125,Unknown
22:50:21.217886,-0.942138671875,5.3603515625,-2.081298828125,Unknown
22:50:21.218876,-0.481201171875,6.172119140625,-2.4560546875,Unknown
22:50:21.251388,0.44091796875,6.630615234375,-2.713623046875,Unknown
22:50:21.252885,1.3486328125,6.792724609375,-2.7802734375,Start
22:50:21.285386,2.845458984375,6.332275390625,-2.030517578125,InProgress
22:50:21.286376,5.337158203125,5.1865234375,-1.360107421875,InProgress
22:50:21.292886,7.999755859375,3.534423828125,-0.41748046875,InProgress
22:50:21.327886,7.999755859375,0.021484375,-1.291259765625,InProgress
22:50:21.328872,7.999755859375,-1.422607421875,0.02685546875,InProgress
22:50:21.361388,7.84814453125,-3.537109375,-0.64599609375,Finish
22:50:21.362371,6.13427734375,-3.519775390625,-1.59814453125,Unknown
22:50:21.376386,4.586181640625,-1.853515625,-1.913330078125,Unknown
22:50:21.408886,3.282470703125,0.19091796875,-2.2392578125,Unknown
22:50:21.409877,1.991943359375,2.124755859375,-2.35791015625,Unknown
22:50:21.442890,0.590087890625,3.35595703125,-1.8056640625,Unknown
22:50:21.443876,-0.5703125,3.999755859375,-1.034423828125,Unknown
22:50:21.449886,-1.454833984375,4.113037109375,-0.305419921875,Unknown
22:50:21.482886,-2.142822265625,3.509521484375,0.100830078125,Unknown
22:50:21.483876,-2.55908203125,2.681396484375,0.404541015625,Unknown
22:50:21.517387,-2.419189453125,1.892578125,0.614013671875,Unknown
22:50:21.518874,-2.1337890625,1.3662109375,0.8203125,Unknown
22:50:21.551388,-1.814697265625,0.878173828125,0.781982421875,Unknown
22:50:21.552374,-1.501708984375,0.494384765625,0.551513671875,Unknown
22:50:21.561387,-1.227294921875,0.208740234375,0.411376953125,Unknown
22:50:21.596388,-0.92138671875,-0.0224609375,0.37744140625,Unknown
22:50:21.597374,-0.64794921875,-0.119140625,0.46484375,Unknown
22:50:21.629886,-0.479248046875,-0.282958984375,0.457275390625,Unknown
22:50:21.631376,-0.33203125,-0.3916015625,0.470458984375,Unknown
22:50:21.663888,-0.1025390625,-0.505126953125,0.52392578125,Unknown
22:50:21.664872,0.126953125,-0.504638671875,0.480224609375,Unknown
22:50:21.671376,0.30224609375,-0.451904296875,0.32177734375,Unknown
22:50:21.704886,0.353271484375,-0.249267578125,0.170166015625,Unknown
22:50:21.706375,0.2939453125,0.048828125,0.13623046875,Unknown
22:50:21.738874,0.117919921875,0.43701171875,0.1044921875,Unknown
22:50:21.739876,-0.112060546875,1.0009765625,0.009521484375,Unknown
22:50:21.788888,-0.248046875,1.7470703125,-0.3271484375,Unknown
22:50:21.789873,-0.4580078125,2.287109375,-0.82861328125,Unknown
22:50:21.803878,-0.8642578125,2.4580078125,-1.30224609375,Unknown
22:50:21.804876,-1.203369140625,2.76318359375,-1.39599609375,Unknown
22:50:21.813881,-1.392578125,3.18212890625,-1.467529296875,Unknown
22:50:21.846388,-1.673095703125,3.14599609375,-1.68994140625,Unknown
22:50:21.847373,-1.957763671875,2.66064453125,-1.891357421875,Unknown
22:50:21.881388,-2.156982421875,2.45458984375,-1.869873046875,Unknown
22:50:21.882374,-2.48291015625,2.452880859375,-1.693603515625,Unknown
22:50:21.916388,-2.847412109375,2.57080078125,-1.32177734375,Unknown
22:50:21.917374,-3.283203125,2.785888671875,-0.81005859375,Unknown
22:50:21.924886,-3.4248046875,3.06787109375,-0.793212890625,Unknown
22:50:21.962386,-3.312744140625,3.289306640625,-1.222900390625,Unknown
22:50:21.963877,-3.0126953125,3.81884765625,-1.325927734375,Unknown
22:50:21.996388,-2.466796875,4.514404296875,-1.153076171875,Unknown
22:50:21.997374,-1.82666015625,5.282958984375,-1.018798828125,Unknown
22:50:22.003879,-1.155029296875,6.37255859375,-1.071044921875,Unknown
22:50:22.036388,-0.518798828125,7.032470703125,-1.717529296875,Unknown
22:50:22.038891,0.19970703125,7.552978515625,-2.098388671875,Unknown
22:50:22.071375,1.460693359375,7.999755859375,-1.936767578125,Start
22:50:22.072374,3.035400390625,7.999755859375,-2.240966796875,InProgress
22:50:22.104886,4.8046875,7.3251953125,-2.176025390625,InProgress
22:50:22.106377,6.779296875,5.525146484375,-1.03466796875,InProgress
22:50:22.113888,7.999755859375,2.18994140625,-0.073974609375,InProgress
22:50:22.147387,7.999755859375,-1.413818359375,0.750244140625,InProgress
22:50:22.148875,7.999755859375,-4.13330078125,0.982421875,InProgress
22:50:22.181387,7.564208984375,-4.308837890625,0.317626953125,Finish
22:50:22.183895,6.338623046875,-3.218505859375,-0.497802734375,Unknown
22:50:22.197844,5.0087890625,-1.329345703125,-1.61572265625,Unknown
22:50:22.230341,3.990966796875,0.623291015625,-2.2890625,Unknown
22:50:22.231342,2.90771484375,2.185791015625,-2.192626953125,Unknown
22:50:22.240349,1.578857421875,3.24169921875,-1.69873046875,Unknown
22:50:22.272342,0.357421875,3.8046875,-1.20703125,Unknown
22:50:22.273842,-0.53515625,4.005126953125,-0.705810546875,Unknown
22:50:22.306343,-1.405029296875,3.63134765625,-0.091552734375,Unknown
22:50:22.307339,-2.091552734375,2.977294921875,0.312255859375,Unknown
22:50:22.340341,-2.269775390625,2.27880859375,0.220458984375,Unknown
22:50:22.341343,-2.10888671875,1.60693359375,-0.165283203125,Unknown
22:50:22.373840,-2.000244140625,1.0322265625,-0.462646484375,Unknown
22:50:22.375342,-1.890380859375,0.85595703125,-0.200927734375,Unknown
22:50:22.382852,-1.732177734375,0.686767578125,-0.13916015625,Unknown
22:50:22.428848,-1.5771484375,0.43212890625,-0.300048828125,Unknown
22:50:22.429839,-1.422119140625,0.172607421875,-0.39990234375,Unknown
22:50:22.431343,-1.247314453125,0.091796875,-0.3203125,Unknown
22:50:22.463852,-1.082763671875,-0.01220703125,-0.217529296875,Unknown
22:50:22.465343,-0.95458984375,-0.086669921875,-0.10009765625,Unknown
22:50:22.497852,-0.8505859375,-0.04736328125,0.030029296875,Unknown
22:50:22.498841,-0.774169921875,-0.06298828125,0.03369140625,Unknown
22:50:22.531352,-0.701416015625,-0.086181640625,0.0166015625,Unknown
22:50:22.532341,-0.611572265625,-0.06005859375,0.031982421875,Unknown
22:50:22.565352,-0.531005859375,0.08837890625,0.0380859375,Unknown
22:50:22.566343,-0.46826171875,0.19140625,0.030517578125,Unknown
22:50:22.572381,-0.481689453125,0.43310546875,0.1044921875,Unknown
22:50:22.605342,-0.510986328125,0.55419921875,-0.02783203125,Unknown
22:50:22.606343,-0.55810546875,0.608642578125,-0.3134765625,Unknown
22:50:22.620352,-0.58837890625,0.640380859375,-0.429443359375,Unknown
22:50:22.652852,-0.623046875,0.686767578125,-0.41015625,Unknown
22:50:22.653842,-0.551513671875,0.907470703125,-0.27001953125,Unknown
22:50:22.686352,-0.572021484375,1.278076171875,-0.171142578125,Unknown
22:50:22.687343,-0.623291015625,1.50830078125,-0.3828125,Unknown
22:50:22.720352,-0.755126953125,1.454345703125,-0.8486328125,Unknown
22:50:22.721342,-0.810546875,1.392822265625,-1.240966796875,Unknown
22:50:22.753852,-1.004638671875,1.73388671875,-1.172607421875,Unknown
22:50:22.754841,-1.30712890625,1.982177734375,-1.0439453125,Unknown
22:50:22.762842,-1.56494140625,1.950927734375,-1.15673828125,Unknown
22:50:22.795341,-1.844970703125,1.77001953125,-1.466552734375,Unknown
22:50:22.796342,-2.053466796875,1.708740234375,-1.681640625,Unknown
22:50:22.830341,-2.360595703125,1.881591796875,-1.63037109375,Unknown
22:50:22.831342,-2.6630859375,2.270751953125,-1.4111328125,Unknown
22:50:22.863852,-2.8095703125,2.765625,-1.4345703125,Unknown
22:50:22.864840,-2.79345703125,3.308837890625,-1.487548828125,Unknown
22:50:22.872847,-2.603515625,3.4853515625,-1.672607421875,Unknown
22:50:22.906344,-2.37109375,3.841552734375,-1.867919921875,Unknown
22:50:22.907339,-2.02099609375,4.442138671875,-1.7783203125,Unknown
22:50:22.940341,-1.443115234375,5.156005859375,-1.48974609375,Unknown
22:50:22.941342,-0.789306640625,6.422119140625,-1.167236328125,Unknown
22:50:22.973861,0.037353515625,7.999755859375,-1.83544921875,Unknown
22:50:22.975342,1.0927734375,7.999755859375,-2.71044921875,Start
22:50:23.008856,2.84228515625,7.999755859375,-2.54638671875,InProgress
22:50:23.010339,4.740234375,7.945068359375,-2.354736328125,InProgress
22:50:23.023852,6.3212890625,6.010009765625,-1.99951171875,InProgress
22:50:23.031352,7.999755859375,4.208984375,-0.060546875,InProgress
22:50:23.068853,7.999755859375,1.137451171875,0.0703125,InProgress
22:50:23.070342,7.999755859375,-2.177734375,1.142333984375,InProgress
22:50:23.102852,7.999755859375,-4.02734375,1.49658203125,InProgress
22:50:23.103838,7.62353515625,-4.599365234375,0.86181640625,Finish
22:50:23.110352,6.2744140625,-3.78125,-0.11181640625,Unknown
22:50:23.145352,5.10400390625,-1.87353515625,-1.26123046875,Unknown
22:50:23.146341,4.146240234375,0.169921875,-1.96337890625,Unknown
22:50:23.178854,3.12841796875,1.81884765625,-2.362548828125,Unknown
22:50:23.180342,1.970947265625,2.921630859375,-2.041748046875,Unknown
22:50:23.188852,0.804931640625,3.68603515625,-1.416015625,Unknown
22:50:23.221354,0.040283203125,3.92724609375,-1.0634765625,Unknown
22:50:23.222842,-0.576416015625,3.781005859375,-0.54248046875,Unknown
22:50:23.255158,-1.209228515625,3.264404296875,0.056396484375,Unknown
22:50:23.256157,-1.721923828125,2.468994140625,0.21533203125,Unknown
22:50:23.290157,-1.756591796875,1.70703125,0.2001953125,Unknown
22:50:23.291663,-1.6142578125,1.2861328125,0.337158203125,Unknown
22:50:23.324160,-1.570068359375,1.16455078125,0.49365234375,Unknown
22:50:23.325159,-1.572265625,1.06005859375,0.487060546875,Unknown
22:50:23.331668,-1.519287109375,0.847412109375,0.175537109375,Unknown
22:50:23.365171,-1.432861328125,0.483642578125,-0.150390625,Unknown
22:50:23.366666,-1.38916015625,0.459228515625,-0.00537109375,Unknown
22:50:23.400170,-1.31005859375,0.501708984375,0.194091796875,Unknown
22:50:23.401665,-1.319580078125,0.42822265625,0.173583984375,Unknown
22:50:23.415169,-1.322265625,0.216552734375,-0.09765625,Unknown
22:50:23.447670,-1.1748046875,0.07177734375,-0.154052734375,Unknown
22:50:23.448659,-0.947021484375,0.05859375,0.067626953125,Unknown
22:50:23.481665,-0.71728515625,0.01708984375,0.3525390625,Unknown
22:50:23.482659,-0.4775390625,0.021728515625,0.3623046875,Unknown
22:50:23.489160,-0.285400390625,0.043212890625,-0.074951171875,Unknown
22:50:23.524161,0.002685546875,0.2431640625,-0.374267578125,Unknown
22:50:23.525161,0.14892578125,0.712646484375,-0.5263671875,Unknown
22:50:23.557664,0.122314453125,1.43359375,-0.693603515625,Unknown
22:50:23.559166,-0.01904296875,1.889892578125,-0.93994140625,Unknown
22:50:23.569168,-0.2275390625,2.15673828125,-1.275634765625,Unknown
22:50:23.601668,-0.57275390625,2.38037109375,-1.462890625,Unknown
22:50:23.602660,-0.9677734375,2.7685546875,-1.448486328125,Unknown
22:50:23.635169,-1.440673828125,2.822021484375,-1.588134765625,Unknown
22:50:23.636160,-2.144287109375,2.516357421875,-1.984619140625,Unknown
22:50:23.669163,-2.805908203125,2.48583984375,-2.02294921875,Unknown
22:50:23.670161,-3.449951171875,2.931640625,-1.591552734375,Unknown
22:50:23.709168,-3.73876953125,3.3408203125,-1.175048828125,Unknown
22:50:23.710158,-3.6279296875,3.511962890625,-1.24560546875,Unknown
22:50:23.711659,-3.140869140625,3.5947265625,-1.42431640625,Unknown
22:50:23.744167,-2.693603515625,4.124267578125,-1.306884765625,Unknown
22:50:23.745163,-2.202392578125,4.846435546875,-1.074462890625,Unknown
22:50:23.779163,-1.66259765625,5.6123046875,-0.739990234375,Unknown
22:50:23.782669,-1.0224609375,6.727294921875,-0.639404296875,Unknown
22:50:23.790160,-0.114501953125,7.999755859375,-1.3125,Unknown
22:50:23.822660,1.154296875,7.999755859375,-2.136474609375,Start
22:50:23.824158,3.309326171875,7.999755859375,-2.201904296875,InProgress
22:50:23.837668,5.95166015625,7.9091796875,-1.64404296875,InProgress
22:50:23.870159,7.7314453125,5.446533203125,-0.301513671875,InProgress
22:50:23.871156,7.999755859375,1.806640625,0.77001953125,InProgress
22:50:23.905168,7.999755859375,-1.679443359375,0.93017578125,InProgress
22:50:23.906155,7.999755859375,-4.056396484375,1.21484375,InProgress
22:50:23.938653,7.455322265625,-4.98046875,0.666748046875,Finish
22:50:23.940155,6.25146484375,-4.05517578125,-0.2802734375,Unknown
22:50:23.947668,4.923583984375,-2.222412109375,-1.32568359375,Unknown
22:50:23.980156,3.88671875,-0.30712890625,-2.100341796875,Unknown
22:50:23.981170,2.963134765625,1.080322265625,-2.37646484375,Unknown
22:50:24.013668,1.953125,1.96044921875,-2.28271484375,Unknown
22:50:24.015168,0.99560546875,2.759765625,-1.995849609375,Unknown
22:50:24.047667,0.34228515625,3.173583984375,-1.697265625,Unknown
22:50:24.048654,-0.246826171875,3.308837890625,-1.275390625,Unknown
22:50:24.081169,-0.789794921875,2.9921875,-0.78271484375,Unknown
22:50:24.082668,-1.16357421875,2.5751953125,-0.54541015625,Unknown
22:50:24.090156,-1.285400390625,2.091064453125,-0.568115234375,Unknown
22:50:24.122657,-1.254150390625,1.80419921875,-0.527099609375,Unknown
22:50:24.123656,-1.22998046875,1.59130859375,-0.38134765625,Unknown
22:50:24.157667,-1.23583984375,1.467041015625,-0.35400390625,Unknown
22:50:24.158656,-1.193359375,1.218505859375,-0.39697265625,Unknown
22:50:24.191379,-1.2119140625,0.773193359375,-0.4228515625,Unknown
22:50:24.192366,-1.243896484375,0.508544921875,-0.26611328125,Unknown
22:50:24.199878,-1.095947265625,0.328857421875,-0.021240234375,Unknown
22:50:24.232377,-0.968994140625,0.299072265625,0.262939453125,Unknown
22:50:24.233867,-0.916259765625,0.09619140625,0.205810546875,Unknown
22:50:24.247877,-0.799560546875,-0.160400390625,0.111572265625,Unknown
22:50:24.281379,-0.625732421875,-0.251708984375,0.2919921875,Unknown
22:50:24.282877,-0.500732421875,-0.335205078125,0.43115234375,Unknown
22:50:24.314878,-0.458984375,-0.374755859375,0.397705078125,Unknown
22:50:24.316368,-0.319580078125,-0.3251953125,0.24365234375,Unknown
22:50:24.348879,-0.1826171875,-0.03466796875,0.162109375,Unknown
22:50:24.349869,-0.134521484375,0.385498046875,0.173828125,Unknown
22:50:24.382866,-0.203125,0.84521484375,0.136962890625,Unknown
22:50:24.383873,-0.233154296875,1.39990234375,0.03515625,Unknown
22:50:24.389867,-0.333740234375,1.76416015625,-0.256591796875,Unknown
22:50:24.422868,-0.455810546875,2.002685546875,-0.511962890625,Unknown
22:50:24.423867,-0.643310546875,2.18408203125,-0.57421875,Unknown
22:50:24.456377,-0.755615234375,2.251708984375,-0.62548828125,Unknown
22:50:24.457366,-1.033203125,2.266357421875,-0.702880859375,Unknown
22:50:24.490365,-1.325927734375,2.14990234375,-0.9365234375,Unknown
22:50:24.491377,-1.740966796875,2.098388671875,-1.26611328125,Unknown
22:50:24.523865,-2.27099609375,2.271728515625,-1.431884765625,Unknown
22:50:24.524863,-2.896484375,2.50048828125,-1.446533203125,Unknown
22:50:24.532884,-3.416259765625,2.852783203125,-1.321533203125,Unknown
22:50:24.567877,-3.670654296875,3.02294921875,-1.32763671875,Unknown
22:50:24.581377,-3.6142578125,3.45458984375,-1.170654296875,Unknown
22:50:24.582366,-3.327392578125,4.100830078125,-0.889892578125,Unknown
22:50:24.615377,-2.941650390625,4.660888671875,-0.8173828125,Unknown
22:50:24.616389,-2.52197265625,4.99853515625,-1.061767578125,Unknown
22:50:24.648879,-2.0615234375,5.68896484375,-1.455078125,Unknown
22:50:24.662870,-1.548095703125,6.9443359375,-1.654541015625,Unknown
22:50:24.664877,-0.74365234375,7.999755859375,-2.01171875,Unknown
22:50:24.697868,0.627197265625,7.999755859375,-2.717529296875,Start
22:50:24.698867,2.348388671875,7.999755859375,-3.06884765625,InProgress
22:50:24.706379,4.6064453125,7.999755859375,-2.483154296875,InProgress
22:50:24.738881,7.198974609375,7.2353515625,-0.794189453125,InProgress
22:50:24.739865,7.999755859375,4.616455078125,-0.5107421875,InProgress
22:50:24.772867,7.999755859375,0.334716796875,0.5537109375,InProgress
22:50:24.773866,7.999755859375,-2.3515625,1.259521484375,InProgress
22:50:24.807870,7.999755859375,-4.444580078125,0.886474609375,InProgress
22:50:24.808877,6.8701171875,-4.998291015625,-0.2421875,Finish
22:50:24.816377,5.573486328125,-3.892578125,-1.538330078125,Unknown
22:50:24.850377,4.6318359375,-1.83056640625,-2.2529296875,Unknown
22:50:24.851368,3.812744140625,0.457275390625,-2.576171875,Unknown
22:50:24.883883,2.822265625,2.195068359375,-2.6943359375,Unknown
22:50:24.884868,1.78125,3.367919921875,-2.314208984375,Unknown
22:50:24.918878,0.8056640625,3.810546875,-1.73974609375,Unknown
22:50:24.919868,0.06982421875,3.765380859375,-1.21728515625,Unknown
22:50:24.927867,-0.575927734375,3.3740234375,-0.635009765625,Unknown
22:50:24.960367,-0.9248046875,2.970947265625,-0.0634765625,Unknown
22:50:24.961377,-1.079833984375,2.455810546875,0.14306640625,Unknown
22:50:24.988880,-1.05419921875,2.075927734375,0.185302734375,Unknown
22:50:24.989865,-1.15185546875,1.74755859375,0.110595703125,Unknown
22:50:25.022877,-1.174072265625,1.476318359375,0.127685546875,Unknown
22:50:25.023866,-1.126220703125,1.25439453125,-0.004150390625,Unknown
22:50:25.056386,-1.05615234375,0.9443359375,-0.18603515625,Unknown
22:50:25.057369,-1.04638671875,0.660888671875,-0.279296875,Unknown
22:50:25.071378,-1.00732421875,0.433349609375,-0.139404296875,Unknown
22:50:25.105377,-0.928955078125,0.254150390625,0.064697265625,Unknown
22:50:25.106377,-0.861328125,0.122314453125,0.279296875,Unknown
22:50:25.138877,-0.863037109375,-0.03173828125,0.413330078125,Unknown
22:50:25.139863,-0.835693359375,-0.1748046875,0.421142578125,Unknown
22:50:25.148877,-0.720947265625,-0.250244140625,0.42529296875,Unknown
22:50:25.181379,-0.557373046875,-0.181884765625,0.582763671875,Unknown
22:50:25.183877,-0.43310546875,0.001220703125,0.552734375,Unknown
22:50:25.217877,-0.382080078125,0.18994140625,0.289306640625,Unknown
22:50:25.218877,-0.320556640625,0.671875,0.1748046875,Unknown
22:50:25.251377,-0.21044921875,1.2646484375,0.084716796875,Unknown
22:50:25.252877,-0.137939453125,1.8095703125,-0.1982421875,Unknown
22:50:25.260367,-0.241455078125,2.3955078125,-0.34814453125,Unknown
22:50:25.292866,-0.58251953125,2.888671875,-0.33349609375,Unknown
22:50:25.293877,-0.85986328125,2.915771484375,-0.61865234375,Unknown
22:50:25.326377,-1.24365234375,2.745849609375,-1.03515625,Unknown
22:50:25.327866,-1.728759765625,2.552490234375,-1.4150390625,Unknown
22:50:25.360366,-2.120361328125,2.509033203125,-1.566650390625,Unknown
22:50:25.361377,-2.580078125,2.725830078125,-1.554931640625,Unknown
22:50:25.393880,-3.0419921875,3.086669921875,-1.345458984375,Unknown
22:50:25.395367,-3.19482421875,3.32080078125,-1.004150390625,Unknown
22:50:25.402866,-3.032470703125,3.246826171875,-0.898193359375,Unknown
22:50:25.435366,-2.8291015625,3.24609375,-0.961669921875,Unknown
22:50:25.436366,-2.523193359375,3.8134765625,-0.66845703125,Unknown
22:50:25.471378,-2.077880859375,4.597900390625,-0.28076171875,Unknown
22:50:25.472866,-1.548828125,5.18603515625,-0.051513671875,Unknown
22:50:25.486377,-1.04638671875,5.962646484375,-0.168212890625,Unknown
22:50:25.518879,-0.472412109375,7.041015625,-0.646728515625,Unknown
22:50:25.520367,0.142578125,7.898681640625,-0.98388671875,Unknown
22:50:25.552871,1.213134765625,7.963134765625,-1.12939453125,Start
22:50:25.553873,2.92919921875,7.676513671875,-1.255126953125,InProgress
22:50:25.560366,5.1279296875,6.9873046875,-0.84716796875,InProgress
22:50:25.593877,7.340087890625,5.3662109375,0.19189453125,InProgress
22:50:25.595377,7.999755859375,1.46630859375,0.220703125,InProgress
22:50:25.628877,7.9404296875,-1.67919921875,1.06005859375,Finish
22:50:25.630377,7.85302734375,-4.1064453125,1.188232421875,Unknown
22:50:25.638882,7.02392578125,-4.637451171875,0.894287109375,Unknown
22:50:25.671377,6.17578125,-4.002197265625,0.025390625,Unknown
22:50:25.672877,5.09326171875,-2.399169921875,-0.98291015625,Unknown
22:50:25.705377,4.196044921875,-0.494140625,-1.470947265625,Unknown
22:50:25.706368,3.486083984375,1.07470703125,-1.626953125,Unknown
22:50:25.738886,2.61669921875,2.17822265625,-1.712158203125,Unknown
22:50:25.740366,1.660888671875,2.893798828125,-1.66943359375,Unknown
22:50:25.772879,0.874755859375,3.1640625,-1.566162109375,Unknown
22:50:25.773867,0.170166015625,3.25048828125,-1.294189453125,Unknown
22:50:25.781378,-0.373046875,3.023193359375,-0.79833984375,Unknown
22:50:25.817879,-0.800048828125,2.56787109375,-0.534912109375,Unknown
22:50:25.818868,-1.063720703125,2.169677734375,-0.5634765625,Unknown
22:50:25.852879,-1.123046875,2.070556640625,-0.549560546875,Unknown
22:50:25.853866,-1.15869140625,2.07568359375,-0.5751953125,Unknown
22:50:25.860366,-1.214111328125,1.89404296875,-0.629150390625,Unknown
22:50:25.892866,-1.223876953125,1.734375,-0.74072265625,Unknown
22:50:25.893869,-1.167236328125,1.485595703125,-0.6962890625,Unknown
22:50:25.907877,-1.143310546875,1.2607421875,-0.504638671875,Unknown
22:50:25.940363,-1.15087890625,0.962646484375,-0.297607421875,Unknown
22:50:25.941370,-1.09521484375,0.50537109375,-0.143310546875,Unknown
22:50:25.977381,-0.941162109375,-0.06005859375,-0.055908203125,Unknown
22:50:25.978870,-0.800048828125,-0.45556640625,0.0625,Unknown
22:50:25.986378,-0.5791015625,-0.681396484375,0.24072265625,Unknown
22:50:26.018881,-0.40234375,-0.818603515625,0.382568359375,Unknown
22:50:26.020375,-0.2578125,-0.76220703125,0.53369140625,Unknown
22:50:26.052881,-0.074951171875,-0.402587890625,0.487060546875,Unknown
22:50:26.053878,0.039306640625,0.276611328125,0.2451171875,Unknown
22:50:26.086377,0.11376953125,1.00146484375,0.088134765625,Unknown
22:50:26.087368,0.10595703125,1.751220703125,-0.0380859375,Unknown
22:50:26.096370,-0.011474609375,2.385986328125,-0.26171875,Unknown
22:50:26.128879,-0.09326171875,2.786376953125,-0.63916015625,Unknown
22:50:26.130364,-0.27978515625,3.0576171875,-1.1904296875,Unknown
22:50:26.165381,-0.625244140625,3.2255859375,-1.326171875,Unknown
22:50:26.166372,-1.020751953125,3.05078125,-1.37548828125,Unknown
22:50:26.200381,-1.501953125,2.826416015625,-1.371337890625,Unknown
22:50:26.201371,-1.99951171875,2.620849609375,-1.419677734375,Unknown
22:50:26.208866,-2.434326171875,2.4921875,-1.300537109375,Unknown
22:50:26.241377,-2.716064453125,2.625732421875,-1.06787109375,Unknown
22:50:26.242869,-2.8828125,2.722412109375,-1.32958984375,Unknown
22:50:26.270379,-2.980712890625,2.819580078125,-1.827880859375,Unknown
22:50:26.271372,-2.88916015625,3.235595703125,-1.63818359375,Unknown
22:50:26.303879,-2.532958984375,3.811279296875,-1.07421875,Unknown
22:50:26.304877,-2.06494140625,4.404541015625,-0.9248046875,Unknown
22:50:26.318880,-1.471923828125,5.1533203125,-1.233154296875,Unknown
22:50:26.357379,-0.8935546875,5.732666015625,-1.69580078125,Unknown
22:50:26.358868,-0.2666015625,6.758544921875,-1.92333984375,Unknown
22:50:26.366380,0.43212890625,7.8427734375,-1.950927734375,Unknown
22:50:26.399877,1.5224609375,7.999755859375,-1.475341796875,Start
22:50:26.402378,2.721435546875,7.999755859375,-1.499267578125,InProgress
22:50:26.434879,3.994384765625,7.999755859375,-2.001953125,InProgress
22:50:26.436375,5.666015625,7.779296875,-1.7275390625,InProgress
22:50:26.444987,7.41015625,6.882568359375,-1.358642578125,InProgress
22:50:26.477478,7.999755859375,4.071044921875,-0.412841796875,InProgress
22:50:26.478985,7.999755859375,0.274169921875,0.71923828125,InProgress
22:50:26.511484,7.999755859375,-2.757080078125,1.025146484375,InProgress
22:50:26.512485,7.999755859375,-4.851318359375,0.617919921875,InProgress
22:50:26.544992,7.395263671875,-5.19775390625,0.043701171875,Finish
22:50:26.546476,6.207763671875,-3.8994140625,-0.601318359375,Unknown
22:50:26.566485,5.131591796875,-1.7880859375,-1.331298828125,Unknown
22:50:26.571485,4.196044921875,-0.0068359375,-1.655029296875,Unknown
22:50:26.603984,3.345458984375,1.341552734375,-1.80908203125,Unknown
22:50:26.604975,2.5068359375,2.250732421875,-1.64990234375,Unknown
22:50:26.637485,1.60546875,3.020263671875,-1.315673828125,Unknown
22:50:26.638981,0.807373046875,3.596435546875,-1.1259765625,Unknown
22:50:26.671484,0.12353515625,3.832763671875,-0.92822265625,Unknown
22:50:26.672485,-0.45849609375,3.618408203125,-0.691650390625,Unknown
22:50:26.704985,-0.8974609375,2.96484375,-0.493896484375,Unknown
22:50:26.706485,-1.15673828125,2.2734375,-0.378173828125,Unknown
22:50:26.721485,-1.30859375,1.79150390625,-0.37353515625,Unknown
22:50:26.728981,-1.29052734375,1.486328125,-0.3876953125,Unknown
22:50:26.761484,-1.203857421875,1.31689453125,-0.410888671875,Unknown
22:50:26.762478,-1.103515625,1.11572265625,-0.390869140625,Unknown
22:50:26.794987,-1.0634765625,0.914306640625,-0.293701171875,Unknown
22:50:26.796485,-1.041015625,0.74853515625,-0.1796875,Unknown
22:50:26.828984,-0.9560546875,0.6083984375,-0.00927734375,Unknown
22:50:26.829971,-0.856689453125,0.515625,0.06298828125,Unknown
22:50:26.862472,-0.78515625,0.34716796875,0.015625,Unknown
22:50:26.863981,-0.68310546875,0.32373046875,0.08203125,Unknown
22:50:26.871479,-0.594970703125,0.32763671875,0.17578125,Unknown
22:50:26.908976,-0.521728515625,0.49169921875,0.3505859375,Unknown
22:50:26.909973,-0.523193359375,0.72509765625,0.415771484375,Unknown
22:50:26.942474,-0.55712890625,1.016357421875,0.387451171875,Unknown
22:50:26.943979,-0.569091796875,1.228759765625,0.156982421875,Unknown
22:50:26.949986,-0.548828125,1.472412109375,-0.06201171875,Unknown
22:50:26.982485,-0.57177734375,1.778564453125,0.000244140625,Unknown
22:50:26.983984,-0.728271484375,2.026123046875,0.150634765625,Unknown
22:50:27.016484,-0.910888671875,2.087646484375,0.085693359375,Unknown
22:50:27.017485,-1.083740234375,1.92626953125,-0.19091796875,Unknown
22:50:27.049986,-1.1982421875,1.8046875,-0.51708984375,Unknown
22:50:27.051479,-1.314208984375,1.811767578125,-0.82666015625,Unknown
22:50:27.083982,-1.50390625,2.00146484375,-1.0673828125,Unknown
22:50:27.084974,-1.728515625,2.009033203125,-1.159423828125,Unknown
22:50:27.092475,-2.104736328125,2.008056640625,-1.216552734375,Unknown
22:50:27.124974,-2.286865234375,2.336181640625,-1.1591796875,Unknown
22:50:27.126476,-2.523193359375,2.93408203125,-0.796142578125,Unknown
22:50:27.159976,-2.767578125,3.053466796875,-0.722412109375,Unknown
22:50:27.161484,-2.913330078125,2.802001953125,-1.010009765625,Unknown
22:50:27.169975,-2.970458984375,3.01416015625,-1.25244140625,Unknown
22:50:27.203982,-2.823486328125,3.815673828125,-1.174560546875,Unknown
22:50:27.204976,-2.478271484375,4.537109375,-0.875,Unknown
22:50:27.237487,-1.7724609375,5.1298828125,-0.805908203125,Unknown
22:50:27.238983,-1.05029296875,5.847412109375,-1.400146484375,Unknown
22:50:27.272485,-0.42236328125,6.769775390625,-2.4482421875,Unknown
22:50:27.273983,0.4130859375,7.756591796875,-3.00341796875,Unknown
22:50:27.306530,1.614990234375,7.999755859375,-2.483154296875,Start
22:50:27.307521,3.07080078125,7.999755859375,-1.690185546875,InProgress
22:50:27.315031,4.38134765625,7.999755859375,-1.8515625,InProgress
22:50:27.347530,5.852294921875,6.75146484375,-1.4375,InProgress
22:50:27.349018,7.705078125,5.261474609375,-0.5,InProgress
22:50:27.381532,7.999755859375,2.413818359375,0.457275390625,InProgress
22:50:27.382522,7.999755859375,-1.079345703125,1.192626953125,InProgress
22:50:27.415030,7.999755859375,-3.77685546875,0.989501953125,InProgress
22:50:27.416518,7.999755859375,-4.892578125,0.42529296875,InProgress
22:50:27.449032,7.0947265625,-4.783203125,-0.55810546875,Finish
22:50:27.450030,5.789794921875,-3.491943359375,-1.39892578125,Unknown
22:50:27.456531,4.857421875,-1.4267578125,-1.71142578125,Unknown
22:50:27.489020,4.158935546875,0.700927734375,-2.003173828125,Unknown
22:50:27.490021,3.29736328125,2.561767578125,-1.953125,Unknown
22:50:27.549032,2.22900390625,3.834228515625,-1.655029296875,Unknown
22:50:27.550019,1.165283203125,4.36865234375,-1.287353515625,Unknown
22:50:27.564031,0.25390625,4.452880859375,-0.838134765625,Unknown
22:50:27.565021,-0.615966796875,3.907958984375,-0.58447265625,Unknown
22:50:27.566517,-0.978759765625,3.373046875,-0.11474609375,Unknown
22:50:27.599017,-1.09619140625,2.88427734375,0.197021484375,Unknown
22:50:27.600030,-1.180908203125,2.37255859375,0.232666015625,Unknown
22:50:27.632521,-1.19775390625,1.83935546875,0.010498046875,Unknown
22:50:27.634030,-1.309326171875,1.422119140625,-0.132568359375,Unknown
22:50:27.666522,-1.43701171875,1.24658203125,-0.2607421875,Unknown
22:50:27.667530,-1.470458984375,1.144287109375,-0.2880859375,Unknown
22:50:27.700030,-1.477294921875,1.056884765625,-0.263671875,Unknown
22:50:27.701521,-1.547607421875,1.20947265625,-0.237548828125,Unknown
22:50:27.734032,-1.7734375,1.204345703125,-0.35986328125,Unknown
22:50:27.735025,-1.8310546875,0.9990234375,-0.25,Unknown
22:50:27.741532,-1.73095703125,0.712890625,-0.062744140625,Unknown
22:50:27.775031,-1.44140625,0.29638671875,0.21875,Unknown
22:50:27.776527,-1.098876953125,-0.354248046875,0.101806640625,Unknown
22:50:27.809029,-0.768310546875,-0.92529296875,-0.15380859375,Unknown
22:50:27.810028,-0.529296875,-1.2119140625,-0.396728515625,Unknown
22:50:27.844022,-0.01513671875,-1.281494140625,-0.10546875,Unknown
22:50:27.845022,0.481201171875,-1.214599609375,0.21875,Unknown
22:50:27.851532,0.748046875,-0.7529296875,0.24951171875,Start
22:50:27.884036,0.947509765625,-0.15625,0.197509765625,InProgress
22:50:27.885036,0.99658203125,0.491943359375,0.017822265625,InProgress
22:50:27.919019,0.841796875,1.199462890625,0.021240234375,Finish
22:50:27.920022,0.615966796875,2.0634765625,0.145751953125,Unknown
22:50:27.953026,0.3564453125,2.64111328125,0.021728515625,Unknown
22:50:27.954025,0.08740234375,2.857177734375,-0.1943359375,Unknown
22:50:27.969030,-0.22412109375,2.80908203125,-0.3828125,Unknown
22:50:28.001532,-0.540771484375,2.726806640625,-0.562744140625,Unknown
22:50:28.002520,-0.9052734375,2.632080078125,-0.743408203125,Unknown
22:50:28.010028,-1.39404296875,2.676513671875,-0.93017578125,Unknown
22:50:28.042527,-2.132080078125,2.87841796875,-1.149169921875,Unknown
22:50:28.044022,-2.93310546875,3.086181640625,-1.402099609375,Unknown
22:50:28.076526,-3.518310546875,3.21142578125,-1.56689453125,Unknown
22:50:28.077519,-3.548583984375,3.3466796875,-1.494140625,Unknown
22:50:28.111531,-3.34765625,3.57080078125,-1.39501953125,Unknown
22:50:28.113025,-2.9111328125,3.863037109375,-0.96435546875,Unknown
22:50:28.120523,-2.37890625,4.27783203125,-0.40625,Unknown
22:50:28.155527,-1.798583984375,4.553955078125,-0.156982421875,Unknown
22:50:28.156519,-1.304443359375,4.93798828125,-0.34814453125,Unknown
22:50:28.189019,-0.9111328125,5.64892578125,-0.638427734375,Unknown
22:50:28.190021,-0.439697265625,7.177978515625,-0.446044921875,Unknown
22:50:28.224031,0.246337890625,7.999755859375,0.01171875,Unknown
22:50:28.225021,1.34765625,7.999755859375,-0.016357421875,Start
22:50:28.231530,2.970947265625,7.999755859375,-0.576171875,InProgress
22:50:28.265527,4.503173828125,7.999755859375,-1.407470703125,InProgress
22:50:28.266530,6.627197265625,7.033447265625,-0.720947265625,InProgress
22:50:28.299039,7.999755859375,5.273681640625,0.819580078125,InProgress
22:50:28.300019,7.999755859375,1.567626953125,0.808837890625,InProgress
22:50:28.334031,7.999755859375,-2.578369140625,0.073974609375,InProgress
22:50:28.335020,7.999755859375,-4.63427734375,-0.140380859375,InProgress
22:50:28.341521,7.208984375,-4.9814453125,-0.28369140625,Finish
22:50:28.374031,5.958984375,-3.9033203125,-1.019775390625,Unknown
22:50:28.375024,4.759765625,-2.21875,-1.75634765625,Unknown
22:50:28.388929,3.936279296875,-0.19580078125,-2.059814453125,Unknown
22:50:28.421502,3.1552734375,1.460205078125,-1.9375,Unknown
22:50:28.423006,2.160400390625,2.5244140625,-1.73583984375,Unknown
22:50:28.458015,1.1591796875,3.095703125,-1.562255859375,Unknown
22:50:28.459001,0.3642578125,3.270263671875,-1.351318359375,Unknown
22:50:28.491514,-0.09716796875,3.03955078125,-1.063232421875,Unknown
22:50:28.492504,-0.372314453125,2.724609375,-0.566162109375,Unknown
22:50:28.500003,-0.603271484375,2.230224609375,-0.372802734375,Unknown
22:50:28.533015,-0.762451171875,1.895263671875,-0.372314453125,Unknown
22:50:28.533505,-0.9453125,1.69677734375,-0.455322265625,Unknown
22:50:28.566515,-1.02001953125,1.630859375,-0.538818359375,Unknown
22:50:28.567503,-0.977783203125,1.69921875,-0.535400390625,Unknown
22:50:28.601516,-1.027099609375,1.646240234375,-0.463623046875,Unknown
22:50:28.602501,-1.032470703125,1.3359375,-0.536376953125,Unknown
22:50:28.610004,-0.94677734375,0.873046875,-0.695556640625,Unknown
22:50:28.644015,-0.79931640625,0.649169921875,-0.6259765625,Unknown
22:50:28.645001,-0.65576171875,0.490966796875,-0.379638671875,Unknown
22:50:28.677515,-0.561767578125,0.26806640625,-0.057373046875,Unknown
22:50:28.678502,-0.46875,-0.066162109375,0.133544921875,Unknown
22:50:28.712516,-0.39599609375,-0.203857421875,0.220458984375,Unknown
22:50:28.714013,-0.34228515625,-0.296630859375,0.199951171875,Unknown
22:50:28.721504,-0.2197265625,-0.080078125,0.241943359375,Unknown
22:50:28.754004,-0.054443359375,0.287841796875,0.39013671875,Unknown
22:50:28.755005,0.058349609375,0.902587890625,0.567626953125,Unknown
22:50:28.787515,0.190185546875,1.485595703125,0.567626953125,Unknown
22:50:28.789005,0.1953125,1.9599609375,0.35693359375,Unknown
22:50:28.802516,0.145751953125,2.15234375,0.094970703125,Unknown
22:50:28.830515,-0.062744140625,2.1669921875,0.02197265625,Unknown
22:50:28.831503,-0.275146484375,2.12451171875,0.064208984375,Unknown
22:50:28.864012,-0.504638671875,2.056640625,-0.05517578125,Unknown
22:50:28.865011,-0.79248046875,2.069580078125,-0.3369140625,Unknown
22:50:28.899015,-1.042724609375,2.23095703125,-0.68115234375,Unknown
22:50:28.900004,-1.400390625,2.463134765625,-1.076416015625,Unknown
22:50:28.932515,-1.861572265625,2.71533203125,-1.259765625,Unknown
22:50:28.934008,-2.341552734375,2.935302734375,-1.101806640625,Unknown
22:50:28.942595,-2.790283203125,3.290771484375,-0.626708984375,Unknown
22:50:28.975200,-2.91259765625,3.444580078125,-0.305419921875,Unknown
22:50:28.976205,-2.70166015625,3.2578125,-0.328857421875,Unknown
22:50:29.008711,-2.39306640625,3.06591796875,-0.507080078125,Unknown
22:50:29.010199,-2.0419921875,3.40087890625,-0.4501953125,Unknown
22:50:29.042699,-1.72900390625,3.92138671875,-0.274169921875,Unknown
22:50:29.043705,-1.387939453125,4.448974609375,-0.09228515625,Unknown
22:50:29.076211,-1.044677734375,5.06005859375,-0.081787109375,Unknown
22:50:29.077698,-0.6611328125,6.46484375,-0.168212890625,Unknown
22:50:29.083711,-0.200927734375,7.97607421875,-0.640869140625,Unknown
22:50:29.116212,0.566650390625,7.999755859375,-0.988037109375,Start
22:50:29.117699,2.168212890625,7.999755859375,-0.51513671875,InProgress
22:50:29.151211,3.95703125,7.999755859375,-0.8173828125,InProgress
22:50:29.152701,4.96533203125,7.999755859375,-1.5498046875,InProgress
22:50:29.186211,7.068115234375,7.04833984375,-1.314208984375,InProgress
22:50:29.187699,7.999755859375,4.550048828125,-0.271728515625,InProgress
22:50:29.201213,7.999755859375,0.778076171875,0.704833984375,InProgress
22:50:29.233712,7.999755859375,-2.6396484375,1.086181640625,InProgress
22:50:29.235199,7.999755859375,-4.94873046875,-0.061767578125,InProgress
22:50:29.242699,7.587646484375,-5.240234375,0.06103515625,Finish
22:50:29.275199,6.239990234375,-3.570068359375,-0.488037109375,Unknown
22:50:29.276203,5.010009765625,-1.211669921875,-1.45654296875,Unknown
22:50:29.309201,3.99853515625,0.77294921875,-1.903564453125,Unknown
22:50:29.310200,3.017578125,2.4365234375,-1.862060546875,Unknown
22:50:29.342699,1.778564453125,3.415771484375,-1.6376953125,Unknown
22:50:29.343702,0.87060546875,3.755615234375,-1.41357421875,Unknown
22:50:29.376211,0.31982421875,3.760009765625,-1.06640625,Unknown
22:50:29.377700,-0.188720703125,3.41552734375,-0.63330078125,Unknown
22:50:29.385199,-0.74560546875,2.9248046875,-0.4169921875,Unknown
22:50:29.417699,-1.139892578125,2.4375,-0.368896484375,Unknown
22:50:29.418706,-1.2314453125,2.146484375,-0.34814453125,Unknown
22:50:29.468711,-1.168212890625,1.944580078125,-0.354248046875,Unknown
22:50:29.470198,-1.1640625,1.81494140625,-0.31591796875,Unknown
22:50:29.471206,-1.32470703125,1.589599609375,-0.3056640625,Unknown
22:50:29.504200,-1.396728515625,1.341796875,-0.24658203125,Unknown
22:50:29.505198,-1.3447265625,1.096435546875,-0.1630859375,Unknown
22:50:29.511210,-1.2353515625,0.793212890625,-0.154296875,Unknown
22:50:29.544207,-1.142578125,0.417724609375,-0.226806640625,Unknown
22:50:29.545700,-0.9912109375,0.27392578125,-0.14990234375,Unknown
22:50:29.578702,-0.826416015625,0.1767578125,0.017822265625,Unknown
22:50:29.580198,-0.695068359375,0.09326171875,0.191650390625,Unknown
22:50:29.612699,-0.589599609375,-0.07080078125,0.276123046875,Unknown
22:50:29.613700,-0.468994140625,-0.251220703125,0.272705078125,Unknown
22:50:29.627701,-0.346435546875,-0.258544921875,0.23583984375,Unknown
22:50:29.660200,-0.154541015625,-0.092529296875,0.1533203125,Unknown
22:50:29.661208,-0.0419921875,0.10546875,0.109130859375,Unknown
22:50:29.668711,0.008544921875,0.409423828125,0.166259765625,Unknown
22:50:29.702699,0.017333984375,0.631103515625,0.098388671875,Unknown
22:50:29.703701,-0.007568359375,1.11083984375,-0.02587890625,Unknown
22:50:29.736211,-0.025390625,1.580322265625,-0.177734375,Unknown
22:50:29.737699,-0.046875,1.94189453125,-0.331787109375,Unknown
22:50:29.771211,-0.177734375,2.24609375,-0.2919921875,Unknown
22:50:29.772699,-0.3916015625,2.4833984375,-0.33935546875,Unknown
22:50:29.780215,-0.536376953125,2.5263671875,-0.59130859375,Unknown
22:50:29.812699,-0.885009765625,2.442626953125,-0.9365234375,Unknown
22:50:29.813711,-1.269775390625,2.303955078125,-1.26123046875,Unknown
22:50:29.846211,-1.64404296875,2.41552734375,-1.186279296875,Unknown
22:50:29.847698,-2.038330078125,2.537109375,-0.94482421875,Unknown
22:50:29.880203,-2.36474609375,2.51806640625,-0.716064453125,Unknown
22:50:29.881202,-2.599853515625,2.500244140625,-0.593505859375,Unknown
22:50:29.914202,-2.599853515625,2.648193359375,-0.856201171875,Unknown
22:50:29.915213,-2.547607421875,3.185546875,-0.7978515625,Unknown
22:50:29.947715,-2.48193359375,3.611328125,-0.4169921875,Unknown
22:50:29.948700,-2.28369140625,3.8505859375,-0.120849609375,Unknown
22:50:29.954200,-1.94873046875,4.082763671875,0.088134765625,Unknown
22:50:29.986700,-1.49658203125,4.361083984375,-0.126953125,Unknown
22:50:29.987698,-1.0361328125,5.18603515625,-0.4130859375,Unknown
22:50:30.021717,-0.3330078125,7.001708984375,-0.7734375,Unknown
22:50:30.022711,0.737060546875,7.999755859375,-1.15283203125,Start
22:50:30.036700,2.25244140625,7.999755859375,-1.189697265625,InProgress
22:50:30.069201,4.0693359375,7.999755859375,-0.90771484375,InProgress
22:50:30.070205,4.995849609375,7.583740234375,-1.228515625,InProgress
22:50:30.109204,7.266357421875,5.860107421875,-0.695556640625,InProgress
22:50:30.110212,7.999755859375,3.02587890625,1.31494140625,InProgress
22:50:30.111201,7.999755859375,-0.43603515625,1.13916015625,InProgress
22:50:30.145208,7.999755859375,-3.95654296875,1.560791015625,InProgress
22:50:30.146212,7.431396484375,-5.762451171875,0.728271484375,Finish
22:50:30.180209,6.322998046875,-5.335205078125,-0.371337890625,Unknown
22:50:30.181213,5.376708984375,-3.61669921875,-1.091796875,Unknown
22:50:30.215211,4.472900390625,-1.37744140625,-1.930908203125,Unknown
22:50:30.216700,3.69140625,0.68994140625,-2.492919921875,Unknown
22:50:30.222713,2.914794921875,2.262939453125,-2.3564453125,Unknown
22:50:30.256704,1.836669921875,3.171875,-1.759033203125,Unknown
22:50:30.257713,0.735595703125,3.434326171875,-1.272216796875,Unknown
22:50:30.290212,0.045654296875,3.2646484375,-0.903564453125,Unknown
22:50:30.291701,-0.36962890625,2.64111328125,-0.83203125,Unknown
22:50:30.325211,-0.558837890625,2.25634765625,-0.43212890625,Unknown
22:50:30.326704,-0.746337890625,2.146484375,0.064453125,Unknown
22:50:30.332711,-0.974609375,1.97705078125,0.177490234375,Unknown
22:50:30.365212,-1.127685546875,1.6669921875,0.074462890625,Unknown
22:50:30.366201,-1.11474609375,1.41259765625,-0.027587890625,Unknown
22:50:30.400211,-1.06787109375,1.463134765625,-0.151123046875,Unknown
22:50:30.401704,-1.06005859375,1.372802734375,-0.4150390625,Unknown
22:50:30.434200,-1.112060546875,1.1396484375,-0.487548828125,Unknown
22:50:30.435206,-1.07470703125,1.05419921875,-0.2880859375,Unknown
22:50:30.449200,-1.054443359375,1.105712890625,-0.119140625,Unknown
22:50:30.481706,-0.952392578125,0.791015625,-0.12158203125,Unknown
22:50:30.482703,-0.951416015625,0.355712890625,-0.199462890625,Unknown
22:50:30.491704,-0.83935546875,-0.14013671875,-0.214599609375,Unknown
22:50:30.524200,-0.60693359375,-0.52197265625,0.00341796875,Unknown
22:50:30.525211,-0.535888671875,-0.925048828125,0.22314453125,Unknown
22:50:30.557712,-0.581298828125,-1.279541015625,0.124755859375,Unknown
22:50:30.559200,-0.433349609375,-1.234130859375,-0.09716796875,Unknown
22:50:30.591700,-0.184814453125,-0.828369140625,-0.08447265625,Unknown
22:50:30.592705,-0.086181640625,-0.199462890625,0.0087890625,Unknown
22:50:30.625213,-0.023193359375,0.458251953125,0.048583984375,Unknown
22:50:30.626711,0.092041015625,1.298095703125,0.05078125,Unknown
22:50:30.634200,0.115234375,2.060302734375,-0.128662109375,Unknown
22:50:30.666700,-0.009521484375,2.460693359375,-0.21630859375,Unknown
22:50:30.667704,-0.25439453125,2.58447265625,-0.1201171875,Unknown
22:50:30.701702,-0.39794921875,2.71484375,0.026123046875,Unknown
22:50:30.702712,-0.608154296875,2.379150390625,-0.197265625,Unknown
22:50:30.749200,-0.83935546875,1.925048828125,-0.5234375,Unknown
22:50:30.750212,-1.11474609375,1.641845703125,-0.77978515625,Unknown
22:50:30.751701,-1.32958984375,1.59033203125,-1.131591796875,Unknown
22:50:30.760213,-1.736083984375,1.6689453125,-1.450439453125,Unknown
22:50:30.792716,-2.146240234375,1.85107421875,-1.40673828125,Unknown
22:50:30.794200,-2.65283203125,2.07470703125,-1.07421875,Unknown
22:50:30.829200,-2.855712890625,2.0986328125,-0.925537109375,Unknown
22:50:30.830201,-2.82470703125,2.187744140625,-1.10546875,Unknown
22:50:30.862711,-2.703125,2.503173828125,-1.16357421875,Unknown
22:50:30.864200,-2.522216796875,3.037109375,-0.893798828125,Unknown
22:50:30.877711,-2.247314453125,3.486083984375,-0.472412109375,Unknown
22:50:30.910213,-1.900634765625,3.84716796875,-0.248291015625,Unknown
22:50:30.911209,-1.49267578125,4.1591796875,-0.628173828125,Unknown
22:50:30.918712,-1.21142578125,4.633056640625,-1.5576171875,Unknown
22:50:30.952676,-1.047607421875,6.0166015625,-2.094482421875,Unknown
22:50:30.953673,-0.230224609375,7.999755859375,-1.312255859375,Unknown
22:50:30.986176,0.779541015625,7.999755859375,-0.743408203125,Start
22:50:30.987668,2.205078125,7.999755859375,-1.148681640625,InProgress
22:50:30.996173,3.702392578125,7.999755859375,-1.940673828125,InProgress
22:50:31.029165,5.397705078125,7.76025390625,-1.55126953125,InProgress
22:50:31.030165,7.45068359375,7.044189453125,-0.0087890625,InProgress
22:50:31.062674,7.999755859375,4.3603515625,1.343017578125,InProgress
22:50:31.063669,7.999755859375,0.54052734375,1.39111328125,InProgress
22:50:31.097673,7.999755859375,-2.7568359375,1.296630859375,InProgress
22:50:31.098669,7.861083984375,-4.95751953125,0.37939453125,Finish
22:50:31.131666,6.96484375,-5.134033203125,0.19482421875,Unknown
22:50:31.132663,5.875,-3.918212890625,-0.81298828125,Unknown
22:50:31.140164,4.848876953125,-1.935546875,-1.44384765625,Unknown
22:50:31.173676,4.134521484375,0.021728515625,-1.789794921875,Unknown
22:50:31.175164,3.43310546875,1.73486328125,-1.7470703125,Unknown
22:50:31.207664,2.495361328125,2.759033203125,-1.44775390625,Unknown
22:50:31.208670,1.4736328125,3.134033203125,-1.1650390625,Unknown
22:50:31.241665,0.550537109375,3.19970703125,-1.00927734375,Unknown
22:50:31.242663,0.00732421875,3.114990234375,-0.752197265625,Unknown
22:50:31.250164,-0.39697265625,2.955810546875,-0.418701171875,Unknown
22:50:31.282664,-0.76318359375,2.62939453125,-0.177978515625,Unknown
22:50:31.283665,-1.074462890625,2.2431640625,-0.18017578125,Unknown
22:50:31.297666,-1.201904296875,1.912841796875,-0.278564453125,Unknown
22:50:31.330166,-1.223388671875,1.761962890625,-0.271728515625,Unknown
22:50:31.331169,-1.262939453125,1.6845703125,-0.2412109375,Unknown
22:50:31.388676,-1.322509765625,1.454833984375,-0.269775390625,Unknown
22:50:31.390164,-1.342529296875,1.195068359375,-0.19384765625,Unknown
22:50:31.391168,-1.34716796875,0.997802734375,-0.09228515625,Unknown
22:50:31.392664,-1.382568359375,0.760498046875,-0.062744140625,Unknown
22:50:31.425164,-1.363525390625,0.459716796875,-0.10986328125,Unknown
22:50:31.426167,-1.297607421875,0.011474609375,-0.3154296875,Unknown
22:50:31.459169,-1.21630859375,-0.06494140625,-0.254150390625,Unknown
22:50:31.460164,-1.101806640625,-0.1220703125,-0.046630859375,Unknown
22:50:31.492664,-1.0556640625,-0.228515625,-0.053466796875,Unknown
22:50:31.493668,-0.86865234375,0.142822265625,0.2939453125,Unknown
22:50:31.526176,-0.679443359375,0.65576171875,0.3427734375,Unknown
22:50:31.527664,-0.478515625,1.43212890625,0.349609375,Unknown
22:50:31.535163,-0.566162109375,1.849609375,0.180908203125,Unknown
22:50:31.566666,-0.58837890625,1.742431640625,0.423583984375,Unknown
22:50:31.567664,-0.587890625,0.9384765625,0.12451171875,Unknown
22:50:31.600169,-0.508544921875,0.410888671875,-0.28466796875,Unknown
22:50:31.601176,-0.471435546875,0.2724609375,-0.491455078125,Unknown
22:50:31.635173,-0.415771484375,0.268310546875,-0.564208984375,Unknown
22:50:31.636176,-0.39892578125,0.429443359375,-0.559326171875,Unknown
22:50:31.668664,-0.42431640625,0.683349609375,-0.515625,Unknown
22:50:31.670162,-0.4677734375,1.093994140625,-0.4306640625,Unknown
22:50:31.676667,-0.550048828125,1.59228515625,-0.5419921875,Unknown
22:50:31.709165,-0.7822265625,2.199462890625,-0.548583984375,Unknown
22:50:31.710176,-1.15185546875,2.621826171875,-0.533447265625,Unknown
22:50:31.742667,-1.676025390625,2.85107421875,-0.6015625,Unknown
22:50:31.743676,-2.1572265625,2.810791015625,-0.708740234375,Unknown
22:50:31.776665,-2.670166015625,3.005126953125,-0.713623046875,Unknown
22:50:31.777663,-2.98291015625,3.339599609375,-0.616455078125,Unknown
22:50:31.810179,-3.19287109375,3.40576171875,-0.638916015625,Unknown
22:50:31.811669,-3.245849609375,3.440673828125,-0.77880859375,Unknown
22:50:31.819173,-3.036376953125,4.06884765625,-0.5927734375,Unknown
22:50:31.851669,-2.728271484375,4.8525390625,-0.264404296875,Unknown
22:50:31.852667,-2.45751953125,5.44873046875,-0.093017578125,Unknown
22:50:31.886669,-1.9921875,6.34423828125,-0.024169921875,Unknown
22:50:31.889169,-1.148193359375,7.643310546875,0.001953125,Unknown
22:50:31.921668,-0.01171875,7.999755859375,-0.268310546875,Unknown
22:50:31.922671,1.207275390625,7.999755859375,-0.790283203125,Start
22:50:31.930176,2.97119140625,7.880615234375,-1.23779296875,InProgress
22:50:31.962664,5.381591796875,6.58935546875,-1.427978515625,InProgress
22:50:31.964166,6.81982421875,4.68212890625,-0.5078125,InProgress
22:50:31.996667,7.999755859375,1.834228515625,-0.31787109375,InProgress
22:50:31.997662,7.999755859375,-0.638916015625,0.447509765625,InProgress
22:50:32.029171,7.733154296875,-2.589111328125,0.787841796875,Finish
22:50:32.030169,7.0087890625,-3.254638671875,0.89404296875,Unknown
22:50:32.062676,5.860595703125,-3.1748046875,0.23193359375,Unknown
22:50:32.063670,4.712158203125,-2.462646484375,-0.685791015625,Unknown
22:50:32.071671,3.67431640625,-1.224609375,-1.321044921875,Unknown
22:50:32.104169,2.84326171875,0.104248046875,-1.860107421875,Unknown
22:50:32.105164,2.0576171875,1.350830078125,-2.266845703125,Unknown
22:50:32.139169,1.226806640625,2.349853515625,-2.1083984375,Unknown
22:50:32.140171,0.39599609375,2.912841796875,-1.77587890625,Unknown
22:50:32.174165,-0.30810546875,2.94140625,-1.44677734375,Unknown
22:50:32.175171,-0.832763671875,2.672607421875,-0.9794921875,Unknown
22:50:32.182679,-1.177978515625,2.312255859375,-0.67431640625,Unknown
22:50:32.215172,-1.40087890625,1.981689453125,-0.5380859375,Unknown
22:50:32.216665,-1.40478515625,1.761474609375,-0.3203125,Unknown
22:50:32.250176,-1.349853515625,1.65185546875,-0.245849609375,Unknown
22:50:32.252663,-1.301513671875,1.497802734375,-0.34765625,Unknown
22:50:32.285176,-1.244873046875,1.20361328125,-0.463623046875,Unknown
22:50:32.286665,-1.113525390625,0.792236328125,-0.5634765625,Unknown
22:50:32.292678,-0.994873046875,0.564453125,-0.452880859375,Unknown
22:50:32.325178,-0.813232421875,0.31396484375,-0.197021484375,Unknown
22:50:32.326665,-0.675537109375,-0.107666015625,-0.064697265625,Unknown
22:50:32.359165,-0.470458984375,-0.54150390625,-0.037841796875,Unknown
22:50:32.360176,-0.379638671875,-0.9130859375,-0.113037109375,Unknown
22:50:32.392676,-0.2578125,-0.98193359375,-0.191162109375,Unknown
22:50:32.394167,0.0546875,-0.909423828125,0.031494140625,Unknown
22:50:32.426665,0.382080078125,-0.595703125,0.345703125,Unknown
22:50:32.427676,0.550048828125,-0.029296875,0.397705078125,Start
22:50:32.460166,0.659912109375,0.628173828125,0.337890625,InProgress
22:50:32.461665,0.720703125,1.179443359375,0.279296875,InProgress
22:50:32.467676,0.637451171875,1.650390625,0.195556640625,Finish
22:50:32.501378,0.543212890625,2.303955078125,0.131103515625,Unknown
22:50:32.502869,0.44091796875,2.85009765625,0.04833984375,Unknown
22:50:32.517880,0.321533203125,3.10888671875,-0.186279296875,Unknown
22:50:32.550380,0.09814453125,2.75341796875,-0.689697265625,Unknown
22:50:32.551370,-0.12646484375,2.440185546875,-1.05029296875,Unknown
22:50:32.585380,-0.522705078125,2.539306640625,-1.429443359375,Unknown
22:50:32.586370,-0.964111328125,2.641845703125,-1.889892578125,Unknown
22:50:32.593878,-1.38818359375,2.744140625,-2.058349609375,Unknown
22:50:32.627881,-1.807861328125,3.0966796875,-1.8837890625,Unknown
22:50:32.628870,-2.46533203125,3.35107421875,-1.60546875,Unknown
22:50:32.668878,-3.227783203125,3.260009765625,-1.388916015625,Unknown
22:50:32.670378,-3.3505859375,3.0537109375,-1.64794921875,Unknown
22:50:32.671378,-3.156005859375,3.434814453125,-1.690185546875,Unknown
22:50:32.703878,-2.860595703125,4.0087890625,-1.349609375,Unknown
22:50:32.705368,-2.242919921875,4.396484375,-0.874755859375,Unknown
22:50:32.737880,-1.64892578125,4.72216796875,-0.531982421875,Unknown
22:50:32.738871,-0.968017578125,5.290283203125,-0.5380859375,Unknown
22:50:32.771370,-0.338623046875,6.0302734375,-1.188232421875,Unknown
22:50:32.773873,0.361328125,7.37451171875,-1.993408203125,Unknown
22:50:32.782880,1.125,7.999755859375,-1.710205078125,Start
22:50:32.816870,2.36865234375,7.999755859375,-0.833251953125,InProgress
22:50:32.817869,3.853271484375,7.999755859375,-0.812255859375,InProgress
22:50:32.850380,5.172607421875,7.823974609375,-1.62646484375,InProgress
22:50:32.851375,7.024658203125,6.526123046875,-1.190673828125,InProgress
22:50:32.861378,7.999755859375,5.001708984375,0.78466796875,InProgress
22:50:32.893879,7.999755859375,1.79638671875,1.208251953125,InProgress
22:50:32.895366,7.9873046875,-1.548095703125,1.19384765625,Finish
22:50:32.927880,7.14501953125,-3.418701171875,0.804443359375,Unknown
22:50:32.928870,6.201416015625,-3.85400390625,0.286376953125,Unknown
22:50:32.942880,5.423828125,-3.33203125,-0.139892578125,Unknown
22:50:32.975571,4.479248046875,-2.453125,-1.081298828125,Unknown
22:50:32.976575,3.681396484375,-1.239501953125,-1.759521484375,Unknown
22:50:33.011580,3.057373046875,0.158203125,-2.070556640625,Unknown
22:50:33.012578,2.35205078125,1.121337890625,-2.03173828125,Unknown
22:50:33.020581,1.53662109375,1.63134765625,-1.829345703125,Unknown
22:50:33.053074,0.716796875,1.87353515625,-1.652587890625,Unknown
22:50:33.054074,0.091064453125,1.8154296875,-1.44873046875,Unknown
22:50:33.088078,-0.28955078125,1.977783203125,-1.040771484375,Unknown
22:50:33.089071,-0.49365234375,1.90283203125,-0.751953125,Unknown
22:50:33.121581,-0.716796875,1.715087890625,-0.5224609375,Unknown
22:50:33.122566,-0.93896484375,1.775634765625,-0.3369140625,Unknown
22:50:33.130569,-1.065185546875,1.84130859375,-0.38525390625,Unknown
22:50:33.166583,-1.159423828125,1.58642578125,-0.418212890625,Unknown
22:50:33.167567,-1.2119140625,1.28955078125,-0.31884765625,Unknown
22:50:33.201579,-1.125732421875,0.99853515625,-0.3486328125,Unknown
22:50:33.202570,-1.018798828125,0.675048828125,-0.437255859375,Unknown
22:50:33.210578,-0.888427734375,0.27392578125,-0.36181640625,Unknown
22:50:33.245573,-0.758056640625,-0.07666015625,-0.30810546875,Unknown
22:50:33.246575,-0.59521484375,-0.3359375,-0.19775390625,Unknown
22:50:33.279080,-0.388671875,-0.560546875,-0.0498046875,Unknown
22:50:33.280070,-0.328857421875,-0.728271484375,0.024658203125,Unknown
22:50:33.308954,-0.33447265625,-0.894775390625,-0.0927734375,Unknown
22:50:33.310445,-0.218505859375,-0.873291015625,-0.1953125,Unknown
22:50:33.342455,0.035400390625,-0.588134765625,-0.014892578125,Unknown
22:50:33.356456,0.259765625,-0.087646484375,0.21484375,Unknown
22:50:33.357443,0.38720703125,0.588134765625,0.379150390625,Unknown
22:50:33.390456,0.457763671875,1.14208984375,0.044189453125,Unknown
22:50:33.391442,0.569580078125,1.65185546875,-0.45556640625,Start
22:50:33.423954,0.555419921875,2.23974609375,-0.617919921875,Finish
22:50:33.425444,0.433349609375,2.950439453125,-0.560302734375,Unknown
22:50:33.431454,0.128173828125,3.277099609375,-0.539794921875,Unknown
22:50:33.463954,-0.2490234375,3.06689453125,-0.71142578125,Unknown
22:50:33.464941,-0.57568359375,2.646240234375,-0.9072265625,Unknown
22:50:33.498945,-0.848876953125,2.36669921875,-1.034423828125,Unknown
22:50:33.500442,-1.09423828125,2.37646484375,-1.09033203125,Unknown
22:50:33.532454,-1.340576171875,2.58642578125,-1.138671875,Unknown
22:50:33.533941,-1.8779296875,2.89111328125,-1.1484375,Unknown
22:50:33.567946,-2.548095703125,2.954345703125,-1.177001953125,Unknown
22:50:33.568940,-3.129638671875,2.943359375,-1.19140625,Unknown
22:50:33.573956,-3.488525390625,3.14794921875,-1.251708984375,Unknown
22:50:33.609954,-3.349853515625,3.528076171875,-1.17626953125,Unknown
22:50:33.612957,-3.02001953125,4.0869140625,-0.955322265625,Unknown
22:50:33.619954,-2.534912109375,4.477783203125,-0.781982421875,Unknown
22:50:33.652454,-1.901611328125,4.8955078125,-0.8876953125,Unknown
22:50:33.653944,-1.279052734375,5.727783203125,-1.34814453125,Unknown
22:50:33.687958,-0.636962890625,7.239501953125,-1.495849609375,Unknown
22:50:33.688942,0.255859375,7.999755859375,-1.278564453125,Unknown
22:50:33.721456,1.56396484375,7.999755859375,-1.10498046875,Start
22:50:33.722441,2.985595703125,7.999755859375,-0.971435546875,InProgress
22:50:33.731454,4.204345703125,7.999755859375,-1.109130859375,InProgress
22:50:33.763943,5.619384765625,7.867431640625,-0.83740234375,InProgress
22:50:33.764944,7.73583984375,6.9287109375,0.08544921875,InProgress
22:50:33.797944,7.999755859375,4.420166015625,1.103271484375,InProgress
22:50:33.798945,7.999755859375,1.10009765625,0.141357421875,InProgress
22:50:33.831444,7.999755859375,-2.07275390625,-0.805908203125,InProgress
22:50:33.832443,7.327392578125,-3.864013671875,-1.511474609375,Finish
22:50:33.864944,6.662353515625,-4.1650390625,-1.2314453125,Unknown
22:50:33.866454,5.622314453125,-3.220703125,-1.6103515625,Unknown
22:50:33.873956,4.529541015625,-1.9375,-1.927978515625,Unknown
22:50:33.906456,3.76025390625,-0.47119140625,-1.88232421875,Unknown
22:50:33.907444,3.126953125,1.16748046875,-1.587158203125,Unknown
22:50:33.948948,2.31494140625,2.479736328125,-1.13330078125,Unknown
22:50:33.949942,1.408935546875,3.20654296875,-0.85498046875,Unknown
22:50:33.951442,0.5224609375,3.32080078125,-0.73974609375,Unknown
22:50:33.983956,-0.16845703125,3.179931640625,-0.626220703125,Unknown
22:50:33.984942,-0.70703125,2.907958984375,-0.436279296875,Unknown
22:50:34.017950,-0.987060546875,2.39501953125,-0.40869140625,Unknown
22:50:34.018939,-1.095703125,2.080322265625,-0.193603515625,Unknown
22:50:34.051463,-1.1552734375,1.934814453125,0.01220703125,Unknown
22:50:34.052443,-1.263671875,1.805908203125,-0.008544921875,Unknown
22:50:34.085459,-1.41015625,1.523681640625,-0.143310546875,Unknown
22:50:34.086443,-1.503662109375,1.1611328125,-0.165771484375,Unknown
22:50:34.096456,-1.408447265625,0.869384765625,-0.082763671875,Unknown
22:50:34.130458,-1.253173828125,0.604248046875,-0.029541015625,Unknown
22:50:34.131444,-1.047119140625,0.26904296875,-0.072509765625,Unknown
22:50:34.146454,-0.89013671875,-0.09033203125,-0.1865234375,Unknown
22:50:34.180460,-0.70703125,-0.42578125,-0.103271484375,Unknown
22:50:34.181440,-0.5146484375,-0.6689453125,0.1044921875,Unknown
22:50:34.213956,-0.414794921875,-0.955322265625,0.138671875,Unknown
22:50:34.214943,-0.351806640625,-1.04541015625,0.0087890625,Unknown
22:50:34.221454,-0.07080078125,-0.68017578125,0.18359375,Unknown
22:50:34.253962,0.146484375,-0.0966796875,0.348876953125,Unknown
22:50:34.254942,0.211181640625,0.39990234375,0.357666015625,Unknown
22:50:34.287944,0.285400390625,0.849853515625,0.222412109375,Unknown
22:50:34.288945,0.31005859375,1.251708984375,0.0322265625,Unknown
22:50:34.321454,0.3076171875,1.74365234375,-0.180908203125,Unknown
22:50:34.322443,0.19091796875,2.219970703125,-0.25634765625,Unknown
22:50:34.355454,-0.018310546875,2.54638671875,-0.216552734375,Unknown
22:50:34.356445,-0.21240234375,2.419189453125,-0.343994140625,Unknown
22:50:34.363954,-0.377685546875,2.169189453125,-0.5,Unknown
22:50:34.396457,-0.5302734375,2.025146484375,-0.5986328125,Unknown
22:50:34.397445,-0.613037109375,2.080322265625,-0.68701171875,Unknown
22:50:34.431468,-0.788330078125,2.166748046875,-0.73095703125,Unknown
22:50:34.432958,-1.086181640625,2.30615234375,-0.903076171875,Unknown
22:50:34.465461,-1.623046875,2.343994140625,-1.031005859375,Unknown
22:50:34.466459,-2.17724609375,2.60791015625,-0.98046875,Unknown
22:50:34.473968,-2.62548828125,2.805419921875,-0.833251953125,Unknown
22:50:34.506468,-2.71142578125,3.3564453125,-0.599365234375,Unknown
22:50:34.507956,-2.647705078125,3.83447265625,-0.584228515625,Unknown
22:50:34.540468,-2.539306640625,3.980712890625,-0.774658203125,Unknown
22:50:34.541468,-2.410888671875,3.794921875,-0.9677734375,Unknown
22:50:34.556468,-2.215576171875,4.169921875,-0.74658203125,Unknown
22:50:34.588968,-1.914306640625,4.82568359375,-0.289306640625,Unknown
22:50:34.589962,-1.483154296875,5.68994140625,0.344482421875,Unknown
22:50:34.623970,-0.773193359375,7.11279296875,0.52197265625,Unknown
22:50:34.624968,-0.059326171875,7.999755859375,-0.060302734375,Unknown
22:50:34.631468,0.646484375,7.999755859375,-0.519775390625,Start
22:50:34.663969,2.11376953125,7.999755859375,0.462158203125,InProgress
22:50:34.664963,4.0732421875,7.999755859375,0.77685546875,InProgress
22:50:34.697958,5.351806640625,7.999755859375,-0.292236328125,InProgress
22:50:34.698959,7.36669921875,7.2333984375,0.278076171875,InProgress
22:50:34.731468,7.999755859375,4.760009765625,0.427978515625,InProgress
22:50:34.732959,7.999755859375,1.057861328125,0.546630859375,InProgress
22:50:34.765458,7.999755859375,-1.9873046875,-0.06982421875,InProgress
22:50:34.767969,7.272705078125,-3.61865234375,-0.68505859375,Finish
22:50:34.773969,6.407470703125,-3.801025390625,-1.064208984375,Unknown
22:50:34.807968,5.396728515625,-3.21923828125,-1.55078125,Unknown
22:50:34.808968,4.3330078125,-2.23095703125,-2.0791015625,Unknown
22:50:34.841468,3.43603515625,-0.824462890625,-2.12841796875,Unknown
22:50:34.842968,2.737548828125,0.43408203125,-1.854736328125,Unknown
22:50:34.876459,2.047119140625,1.47607421875,-1.5693359375,Unknown
22:50:34.877959,1.375244140625,2.00537109375,-1.535400390625,Unknown
22:50:34.885468,0.777099609375,2.279296875,-1.3427734375,Unknown
22:50:34.917968,0.21142578125,2.440673828125,-1.02685546875,Unknown
22:50:34.918968,-0.202880859375,2.410400390625,-0.799560546875,Unknown
22:50:34.951468,-0.375732421875,2.276123046875,-0.573486328125,Unknown
22:50:34.952959,-0.57470703125,2.14013671875,-0.3359375,Unknown
22:50:34.966468,-0.7763671875,1.9560546875,-0.15771484375,Unknown
22:50:35.000468,-0.893310546875,1.73876953125,-0.121337890625,Unknown
22:50:35.001468,-0.871337890625,1.66064453125,-0.20166015625,Unknown
22:50:35.033957,-0.80712890625,1.419189453125,-0.26123046875,Unknown
22:50:35.035455,-0.818603515625,1.18408203125,-0.123291015625,Unknown
22:50:35.043969,-0.83544921875,0.71142578125,-0.02734375,Unknown
22:50:35.076469,-0.782470703125,0.100830078125,0.01904296875,Unknown
22:50:35.077957,-0.66357421875,-0.3623046875,0.0546875,Unknown
22:50:35.110457,-0.580322265625,-0.675048828125,0.061767578125,Unknown
22:50:35.111468,-0.5712890625,-0.82958984375,0.032958984375,Unknown
22:50:35.143968,-0.51171875,-1.0380859375,-0.1611328125,Unknown
22:50:35.146459,-0.31787109375,-0.842529296875,-0.140380859375,Unknown
22:50:35.153968,-0.10595703125,-0.17431640625,-0.0205078125,Unknown
22:50:35.186469,-0.041748046875,0.681640625,0.19580078125,Unknown
22:50:35.187957,-0.03173828125,1.459716796875,0.2958984375,Unknown
22:50:35.228971,-0.05078125,2.018798828125,0.1064453125,Unknown
22:50:35.230457,-0.05419921875,2.31103515625,-0.089599609375,Unknown
22:50:35.231468,-0.224609375,2.53271484375,-0.01904296875,Unknown
22:50:35.263968,-0.401611328125,2.4501953125,0.237060546875,Unknown
22:50:35.265467,-0.474609375,2.060546875,0.2822265625,Unknown
22:50:35.298958,-0.53515625,1.64892578125,0.1142578125,Unknown
22:50:35.300463,-0.576416015625,1.3984375,-0.087646484375,Unknown
22:50:35.333007,-0.580322265625,1.29296875,-0.1474609375,Unknown
22:50:35.333968,-0.634033203125,1.312255859375,-0.273681640625,Unknown
22:50:35.342970,-0.75732421875,1.448974609375,-0.4794921875,Unknown
22:50:35.375209,-0.971923828125,1.670654296875,-0.68310546875,Unknown
22:50:35.376697,-1.259521484375,2.06884765625,-0.6923828125,Unknown
22:50:35.409208,-1.653564453125,2.379150390625,-0.790771484375,Unknown
22:50:35.410208,-2.20654296875,2.626708984375,-0.752685546875,Unknown
22:50:35.444210,-2.67578125,2.737548828125,-0.66357421875,Unknown
22:50:35.445199,-2.889404296875,2.809814453125,-0.5693359375,Unknown
22:50:35.477694,-2.7451171875,2.885498046875,-0.609130859375,Unknown
22:50:35.478695,-2.435791015625,3.043212890625,-0.6591796875,Unknown
22:50:35.487708,-2.106201171875,3.245361328125,-0.52734375,Unknown
22:50:35.520207,-1.84033203125,3.571533203125,-0.310791015625,Unknown
22:50:35.521707,-1.590087890625,3.8974609375,-0.217041015625,Unknown
22:50:35.557709,-1.28125,4.480712890625,-0.041748046875,Unknown
22:50:35.559197,-0.832763671875,5.630126953125,-0.37255859375,Unknown
22:50:35.565197,-0.4013671875,7.1953125,-1.32080078125,Unknown
22:50:35.597708,-0.02099609375,7.999755859375,-1.2060546875,Unknown
22:50:35.598695,1.8466796875,7.999755859375,-0.7255859375,Start
22:50:35.632697,3.330322265625,7.26171875,-2.130615234375,InProgress
22:50:35.633702,4.500244140625,5.88134765625,-2.22021484375,InProgress
22:50:35.666697,6.44384765625,5.79345703125,-0.3486328125,InProgress
22:50:35.667708,7.999755859375,3.512939453125,1.307861328125,InProgress
22:50:35.675198,7.999755859375,0.645751953125,1.768798828125,InProgress
22:50:35.708196,7.796875,-1.95947265625,0.931640625,Finish
22:50:35.708701,7.044189453125,-3.402099609375,-0.20361328125,Unknown
22:50:35.743196,5.90966796875,-3.727294921875,-0.7607421875,Unknown
22:50:35.743695,4.926025390625,-2.590576171875,-0.814453125,Unknown
22:50:35.757708,3.977783203125,-1.406982421875,-0.93798828125,Unknown
22:50:35.790208,3.063232421875,-0.29296875,-1.54296875,Unknown
22:50:35.791196,2.290283203125,0.759765625,-1.849609375,Unknown
22:50:35.825209,1.633544921875,1.67138671875,-1.84912109375,Unknown
22:50:35.826198,1.004638671875,2.264892578125,-1.79248046875,Unknown
22:50:35.833697,0.406005859375,2.54345703125,-1.47216796875,Unknown
22:50:35.869196,-0.128662109375,2.53173828125,-1.045654296875,Unknown
22:50:35.870202,-0.47900390625,2.2841796875,-0.619873046875,Unknown
22:50:35.902710,-0.6201171875,1.9169921875,-0.343505859375,Unknown
22:50:35.903694,-0.742431640625,1.69580078125,-0.151123046875,Unknown
22:50:35.912709,-0.865234375,1.392578125,-0.07763671875,Unknown
22:50:35.945696,-0.92431640625,1.05029296875,-0.12646484375,Unknown
22:50:35.946200,-0.880859375,0.85791015625,-0.071044921875,Unknown
22:50:35.979197,-0.817626953125,0.790771484375,-0.004150390625,Unknown
22:50:35.980208,-0.77294921875,0.705322265625,-0.009033203125,Unknown
22:50:36.012710,-0.72314453125,0.649658203125,-0.018310546875,Unknown
22:50:36.013699,-0.685791015625,0.62060546875,-0.050048828125,Unknown
22:50:36.046208,-0.6669921875,0.654541015625,-0.109619140625,Unknown
22:50:36.047694,-0.6064453125,0.723876953125,-0.196044921875,Unknown
22:50:36.055209,-0.507568359375,0.809814453125,-0.20263671875,Unknown
22:50:36.087709,-0.459228515625,0.928466796875,-0.154541015625,Unknown
22:50:36.088698,-0.48095703125,1.11083984375,-0.1328125,Unknown
22:50:36.122709,-0.514404296875,1.234375,-0.177001953125,Unknown
22:50:36.123694,-0.5400390625,1.345458984375,-0.291748046875,Unknown
22:50:36.157709,-0.616455078125,1.452880859375,-0.4111328125,Unknown
22:50:36.158694,-0.610595703125,1.57275390625,-0.515380859375,Unknown
22:50:36.172710,-0.6044921875,1.63916015625,-0.682861328125,Unknown
22:50:36.205209,-0.70068359375,1.703125,-0.77197265625,Unknown
22:50:36.206194,-0.718994140625,1.71044921875,-0.76171875,Unknown
22:50:36.212709,-0.766357421875,1.63134765625,-0.705322265625,Unknown
22:50:36.245210,-0.826416015625,1.500244140625,-0.70751953125,Unknown
22:50:36.246196,-0.819580078125,1.364501953125,-0.815185546875,Unknown
22:50:36.279208,-0.822509765625,1.265625,-0.87744140625,Unknown
22:50:36.280208,-0.773193359375,1.231201171875,-0.833984375,Unknown
22:50:36.312718,-0.7763671875,1.195556640625,-0.708740234375,Unknown
22:50:36.313694,-0.7177734375,1.07568359375,-0.58056640625,Unknown
22:50:36.346696,-0.64990234375,0.927490234375,-0.507080078125,Unknown
22:50:36.347701,-0.5732421875,0.8173828125,-0.475830078125,Unknown
22:50:36.355209,-0.5087890625,0.75732421875,-0.426025390625,Unknown
22:50:36.387709,-0.451904296875,0.715087890625,-0.427490234375,Unknown
22:50:36.388694,-0.41259765625,0.65087890625,-0.47705078125,Unknown
22:50:36.422709,-0.376220703125,0.568359375,-0.49853515625,Unknown
22:50:36.424195,-0.34521484375,0.52392578125,-0.4873046875,Unknown
22:50:36.456704,-0.30517578125,0.53759765625,-0.42578125,Unknown
22:50:36.457697,-0.265380859375,0.557373046875,-0.372314453125,Unknown
22:50:36.466698,-0.217041015625,0.5732421875,-0.381591796875,Unknown
22:50:36.510217,-0.15673828125,0.665283203125,-0.4248046875,Unknown
22:50:36.511196,-0.066162109375,0.60205078125,-0.459228515625,Unknown
22:50:36.512697,0.027587890625,0.65673828125,-0.449951171875,Unknown
22:50:36.546709,0.08740234375,0.78271484375,-0.379150390625,Unknown
22:50:36.547693,0.150390625,0.87255859375,-0.344970703125,Unknown
22:50:36.566698,0.1962890625,0.89990234375,-0.37158203125,Unknown
22:50:36.580208,0.259033203125,0.814208984375,-0.436767578125,Unknown
22:50:36.614208,0.295166015625,0.73779296875,-0.45263671875,Unknown
22:50:36.615196,0.2685546875,0.7548828125,-0.4404296875,Unknown
22:50:36.647709,0.266357421875,0.826416015625,-0.416259765625,Unknown
22:50:36.649210,0.281005859375,0.826416015625,-0.373779296875,Unknown
22:50:36.655209,0.317626953125,0.8525390625,-0.300537109375,Unknown
22:50:36.687708,0.357421875,0.837158203125,-0.2666015625,Unknown
22:50:36.688695,0.3935546875,0.830078125,-0.38134765625,Unknown
22:50:36.721703,0.437255859375,0.77587890625,-0.4853515625,Unknown
22:50:36.722708,0.497314453125,0.8662109375,-0.471435546875,Unknown
22:50:36.755208,0.53369140625,0.90380859375,-0.532470703125,Start
22:50:36.756198,0.58935546875,0.86279296875,-0.58984375,InProgress
22:50:36.789205,0.621337890625,0.89208984375,-0.510986328125,InProgress
22:50:36.790194,0.602783203125,0.87060546875,-0.486572265625,Finish
22:50:36.797709,0.53076171875,0.85107421875,-0.45361328125,Unknown
22:50:36.830210,0.50244140625,0.796630859375,-0.498779296875,Unknown
22:50:36.831695,0.547607421875,0.61279296875,-0.61181640625,Unknown
22:50:36.865208,0.558837890625,0.6123046875,-0.66064453125,Unknown
22:50:36.866195,0.5888671875,0.689453125,-0.65380859375,Unknown
22:50:36.899197,0.59912109375,0.666015625,-0.63330078125,Unknown
22:50:36.900198,0.594482421875,0.724853515625,-0.604736328125,Unknown
22:50:36.909205,0.63232421875,0.745849609375,-0.599609375,Unknown
22:50:36.941706,0.6474609375,0.77734375,-0.572265625,Unknown
22:50:36.942697,0.66162109375,0.794921875,-0.59765625,Unknown
22:50:36.975194,0.708984375,0.76611328125,-0.639404296875,Unknown
22:50:36.976694,0.709228515625,0.653076171875,-0.729248046875,Unknown
22:50:36.991708,0.72021484375,0.669677734375,-0.739990234375,Unknown
22:50:37.024208,0.75537109375,0.722412109375,-0.7021484375,Unknown
22:50:37.025194,0.73486328125,0.6767578125,-0.683837890625,Unknown
22:50:37.034203,0.6904296875,0.65283203125,-0.651123046875,Unknown
22:50:37.066710,0.68603515625,0.606689453125,-0.659423828125,Unknown
22:50:37.067696,0.688720703125,0.518798828125,-0.6787109375,Unknown
22:50:37.100208,0.677978515625,0.53564453125,-0.61865234375,Unknown
22:50:37.101194,0.637939453125,0.468994140625,-0.645751953125,Unknown
22:50:37.149208,0.61328125,0.48828125,-0.643310546875,Unknown
22:50:37.151710,0.647705078125,0.51318359375,-0.637939453125,Unknown
22:50:37.152696,0.63232421875,0.560302734375,-0.66796875,Unknown
22:50:37.185208,0.5966796875,0.5478515625,-0.691162109375,Unknown
22:50:37.186697,0.584716796875,0.5126953125,-0.754150390625,Unknown
22:50:37.192708,0.599365234375,0.526611328125,-0.77294921875,Unknown
22:50:37.226697,0.609375,0.56396484375,-0.729248046875,Unknown
22:50:37.227708,0.587890625,0.549560546875,-0.695068359375,Unknown
22:50:37.260208,0.591796875,0.51123046875,-0.680419921875,Unknown
22:50:37.261698,0.584228515625,0.54150390625,-0.62255859375,Unknown
22:50:37.295209,0.587158203125,0.4853515625,-0.629638671875,Unknown
22:50:37.296697,0.614990234375,0.464599609375,-0.720458984375,Unknown
22:50:37.302708,0.6103515625,0.455322265625,-0.76025390625,Unknown
22:50:37.335209,0.559814453125,0.46923828125,-0.692138671875,Unknown
22:50:37.336697,0.52392578125,0.538330078125,-0.646484375,Unknown
22:50:37.369206,0.525390625,0.5146484375,-0.74609375,Unknown
22:50:37.370208,0.53857421875,0.50439453125,-0.7529296875,Unknown
22:50:37.384198,0.554931640625,0.45068359375,-0.74267578125,Unknown
22:50:37.417698,0.546875,0.41650390625,-0.772705078125,Unknown
22:50:37.419197,0.56494140625,0.4814453125,-0.735107421875,Unknown
22:50:37.452709,0.60791015625,0.509033203125,-0.659912109375,Unknown
22:50:37.454198,0.60693359375,0.409423828125,-0.673828125,Unknown
22:50:37.461708,0.612548828125,0.42138671875,-0.65185546875,Unknown
22:50:37.494214,0.651611328125,0.45166015625,-0.611328125,Unknown
22:50:37.495208,0.641357421875,0.43701171875,-0.586669921875,Unknown
22:50:37.527699,0.619873046875,0.471923828125,-0.6240234375,Unknown
22:50:37.529199,0.591552734375,0.481201171875,-0.755859375,Unknown
22:50:37.562710,0.568359375,0.538818359375,-0.77294921875,Unknown
22:50:37.564201,0.551513671875,0.53466796875,-0.7177734375,Unknown
22:50:37.571705,0.53564453125,0.498291015625,-0.670166015625,Unknown
22:50:37.605208,0.514892578125,0.3974609375,-0.71875,Unknown
22:50:37.606699,0.534423828125,0.457275390625,-0.698486328125,Unknown
22:50:37.639195,0.544921875,0.446533203125,-0.698486328125,Unknown
22:50:37.640208,0.561279296875,0.47265625,-0.677978515625,Unknown
22:50:37.674210,0.572509765625,0.489013671875,-0.677490234375,Unknown
22:50:37.675194,0.574462890625,0.475341796875,-0.660400390625,Unknown
22:50:37.682716,0.5654296875,0.392578125,-0.6708984375,Unknown
22:50:37.715208,0.54296875,0.4638671875,-0.658447265625,Unknown
22:50:37.716710,0.537353515625,0.5283203125,-0.650634765625,Unknown
22:50:37.749210,0.53271484375,0.543701171875,-0.65673828125,Unknown
22:50:37.750201,0.53173828125,0.566162109375,-0.654296875,Unknown
22:50:37.789198,0.534912109375,0.54638671875,-0.6796875,Unknown
22:50:37.790208,0.5224609375,0.506103515625,-0.70947265625,Unknown
22:50:37.804210,0.542236328125,0.516357421875,-0.729736328125,Unknown
22:50:37.809208,0.482666015625,0.5146484375,-0.777587890625,Unknown
22:50:37.841710,0.5537109375,0.525634765625,-0.77734375,Unknown
22:50:37.842694,0.56005859375,0.518798828125,-0.615966796875,Unknown
22:50:37.875209,0.5625,0.466064453125,-0.6474609375,Unknown
22:50:37.876708,0.582275390625,0.460693359375,-0.645263671875,Unknown
22:50:37.909210,0.56982421875,0.427490234375,-0.714111328125,Unknown
22:50:37.910196,0.58837890625,0.45849609375,-0.65625,Unknown
22:50:37.919210,0.546630859375,0.466064453125,-0.74658203125,Unknown
22:50:37.951692,0.573974609375,0.544189453125,-0.69873046875,Unknown
22:50:37.952709,0.563232421875,0.4921875,-0.70849609375,Unknown
22:50:37.986710,0.53125,0.429931640625,-0.640869140625,Unknown
22:50:37.987693,0.536376953125,0.437255859375,-0.64794921875,Unknown
22:50:38.020208,0.563720703125,0.468505859375,-0.6953125,Unknown
22:50:38.021708,0.5693359375,0.489013671875,-0.675048828125,Unknown
22:50:38.030208,0.566650390625,0.48828125,-0.651123046875,Unknown
22:50:38.063193,0.55615234375,0.4638671875,-0.66943359375,Unknown
22:50:38.063695,0.557373046875,0.439697265625,-0.6865234375,Unknown
22:50:38.096710,0.561767578125,0.419189453125,-0.696044921875,Unknown
22:50:38.097698,0.561279296875,0.44384765625,-0.680419921875,Unknown
22:50:38.131710,0.554931640625,0.489013671875,-0.662841796875,Unknown
22:50:38.134208,0.54736328125,0.571533203125,-0.67236328125,Unknown
22:50:38.140210,0.568603515625,0.523193359375,-0.701416015625,Unknown
22:50:38.173194,0.53759765625,0.483154296875,-0.6708984375,Unknown
22:50:38.173694,0.546875,0.489990234375,-0.680419921875,Unknown
22:50:38.206710,0.58349609375,0.4658203125,-0.668212890625,Unknown
22:50:38.207695,0.549072265625,0.487548828125,-0.667724609375,Unknown
22:50:38.221694,0.553466796875,0.48828125,-0.7138671875,Unknown
22:50:38.254196,0.5498046875,0.45703125,-0.64892578125,Unknown
22:50:38.255209,0.550537109375,0.463623046875,-0.678466796875,Unknown
22:50:38.288709,0.56103515625,0.48193359375,-0.6787109375,Unknown
22:50:38.290194,0.565673828125,0.473876953125,-0.65673828125,Unknown
22:50:38.322709,0.569580078125,0.474609375,-0.655517578125,Unknown
22:50:38.323693,0.5634765625,0.459228515625,-0.66162109375,Unknown
22:50:38.331209,0.562255859375,0.44287109375,-0.666748046875,Unknown
22:50:38.363693,0.567626953125,0.45947265625,-0.67822265625,Unknown
22:50:38.365216,0.567138671875,0.472900390625,-0.6728515625,Unknown
22:50:38.397693,0.563720703125,0.474853515625,-0.681884765625,Unknown
22:50:38.399193,0.5595703125,0.48388671875,-0.6865234375,Unknown
22:50:38.428708,0.561279296875,0.47607421875,-0.66259765625,Unknown
22:50:38.430194,0.564697265625,0.466064453125,-0.6552734375,Unknown
22:50:38.462693,0.568115234375,0.4736328125,-0.666259765625,Unknown
22:50:38.463710,0.5615234375,0.47509765625,-0.67431640625,Unknown
22:50:38.496209,0.55810546875,0.488037109375,-0.68017578125,Unknown
22:50:38.497710,0.56787109375,0.491455078125,-0.68017578125,Unknown
22:50:38.503693,0.56396484375,0.481201171875,-0.67626953125,Unknown
22:50:38.537709,0.56396484375,0.475830078125,-0.674072265625,Unknown
22:50:38.538693,0.56005859375,0.4736328125,-0.67529296875,Unknown
22:50:38.571193,0.555908203125,0.466552734375,-0.686767578125,Unknown
22:50:38.572693,0.553955078125,0.486083984375,-0.673095703125,Unknown
22:50:38.606209,0.560302734375,0.48095703125,-0.6767578125,Unknown
22:50:38.607693,0.56640625,0.47900390625,-0.662353515625,Unknown
22:50:38.621208,0.563720703125,0.47509765625,-0.669677734375,Unknown
22:50:38.653693,0.567626953125,0.473876953125,-0.68017578125,Unknown
22:50:38.655208,0.56689453125,0.48046875,-0.67724609375,Unknown
22:50:38.662708,0.567138671875,0.475830078125,-0.673828125,Unknown
22:50:38.695209,0.55859375,0.4755859375,-0.677490234375,Unknown
22:50:38.696705,0.556884765625,0.474365234375,-0.67529296875,Unknown
22:50:38.730209,0.558349609375,0.48193359375,-0.67333984375,Unknown
22:50:38.731208,0.559326171875,0.475341796875,-0.67626953125,Unknown
22:50:38.764208,0.564697265625,0.47802734375,-0.674560546875,Unknown
22:50:38.765208,0.567138671875,0.465087890625,-0.67822265625,Unknown
22:50:38.772708,0.561767578125,0.467529296875,-0.677490234375,Unknown
22:50:38.805208,0.56103515625,0.46728515625,-0.677734375,Unknown
22:50:38.806701,0.559326171875,0.471923828125,-0.677734375,Unknown
22:50:38.839212,0.559814453125,0.471923828125,-0.680908203125,Unknown
22:50:38.840208,0.55419921875,0.469482421875,-0.67626953125,Unknown
22:50:38.872708,0.5546875,0.4677734375,-0.672607421875,Unknown
22:50:38.873718,0.560546875,0.465087890625,-0.6884765625,Unknown
22:50:38.906706,0.5625,0.46923828125,-0.68896484375,Unknown
22:50:38.907709,0.56298828125,0.464599609375,-0.6943359375,Unknown
22:50:38.915208,0.568603515625,0.46875,-0.68408203125,Unknown
22:50:38.947708,0.555908203125,0.461669921875,-0.691162109375,Unknown
22:50:38.954210,0.5576171875,0.480712890625,-0.685791015625,Unknown
22:50:38.962708,0.557861328125,0.466552734375,-0.67626953125,Unknown
22:50:38.995208,0.558837890625,0.4638671875,-0.671142578125,Unknown
22:50:38.996707,0.557373046875,0.457763671875,-0.66064453125,Unknown
22:50:39.029197,0.558837890625,0.46533203125,-0.664306640625,Unknown
22:50:39.030208,0.558349609375,0.478271484375,-0.66552734375,Unknown
22:50:39.044208,0.55615234375,0.45751953125,-0.675537109375,Unknown
22:50:39.070193,0.555908203125,0.4580078125,-0.68212890625,Unknown
22:50:39.071192,0.559814453125,0.466552734375,-0.692138671875,Unknown
22:50:39.105192,0.56494140625,0.468017578125,-0.6826171875,Unknown
22:50:39.106192,0.560302734375,0.462646484375,-0.69091796875,Unknown
