PunchType,X0,Y0,Z0,X1,Y1,Z1,X2,Y2,Z2,X3,Y3,Z3,X4,Y4,Z4,X5,Y5,Z5,X6,Y6,Z6,X7,Y7,Z7,X8,Y8,Z8,X9,Y9,Z9,X10,Y10,Z10,X11,Y11,Z11,X12,Y12,Z12,X13,Y13,Z13,X14,Y14,Z14
Hook,0.50146484375,0.363525390625,-0.81298828125,0.50732421875,0.327880859375,-0.78466796875,0.529541015625,0.331298828125,-0.788818359375,0.53662109375,0.32177734375,-0.795166015625,0.504150390625,0.320556640625,-0.8330078125,0.0,0.0,0.0,0.0,0.0,0.0,0.0,0.0,0.0,0.0,0.0,0.0,0.0,0.0,0.0,0.0,0.0,0.0,0.0,0.0,0.0,0.0,0.0,0.0,0.0,0.0,0.0,0.0,0.0,0.0
Hook,1.3486328125,6.792724609375,-2.7802734375,2.845458984375,6.332275390625,-2.030517578125,5.337158203125,5.1865234375,-1.360107421875,7.999755859375,3.534423828125,-0.41748046875,7.999755859375,0.021484375,-1.291259765625,7.999755859375,-1.422607421875,0.02685546875,7.84814453125,-3.537109375,-0.64599609375,0.0,0.0,0.0,0.0,0.0,0.0,0.0,0.0,0.0,0.0,0.0,0.0,0.0,0.0,0.0,0.0,0.0,0.0,0.0,0.0,0.0,0.0,0.0,0.0
Hook,1.460693359375,7.999755859375,-1.936767578125,3.035400390625,7.999755859375,-2.240966796875,4.8046875,7.3251953125,-2.176025390625,6.779296875,5.525146484375,-1.03466796875,7.999755859375,2.18994140625,-0.073974609375,7.999755859375,-1.413818359375,0.750244140625,7.999755859375,-4.13330078125,0.982421875,7.564208984375,-4.308837890625,0.317626953125,0.0,0.0,0.0,0.0,0.0,0.0,0.0,0.0,0.0,0.0,0.0,0.0,0.0,0.0,0.0,0.0,0.0,0.0,0.0,0.0,0.0
Hook,1.0927734375,7.999755859375,-2.71044921875,2.84228515625,7.999755859375,-2.54638671875,4.740234375,7.945068359375,-2.354736328125,6.3212890625,6.010009765625,-1.99951171875,7.999755859375,4.208984375,-0.060546875,7.999755859375,1.137451171875,0.0703125,7.999755859375,-2.177734375,1.142333984375,7.999755859375,-4.02734375,1.49658203125,7.62353515625,-4.599365234375,0.86181640625,0.0,0.0,0.0,0.0,0.0,0.0,0.0,0.0,0.0,0.0,0.0,0.0,0.0,0.0,0.0,0.0,0.0,0.0
Hook,1.154296875,7.999755859375,-2.136474609375,3.309326171875,7.999755859375,-2.201904296875,5.95166015625,7.9091796875,-1.64404296875,7.7314453125,5.446533203125,-0.301513671875,7.999755859375,1.806640625,0.77001953125,7.999755859375,-1.679443359375,0.93017578125,7.999755859375,-4.056396484375,1.21484375,7.455322265625,-4.98046875,0.666748046875,0.0,0.0,0.0,0.0,0.0,0.0,0.0,0.0,0.0,0.0,0.0,0.0,0.0,0.0,0.0,0.0,0.0,0.0,0.0,0.0,0.0
Hook,0.627197265625,7.999755859375,-2.717529296875,2.348388671875,7.999755859375,-3.06884765625,4.6064453125,7.999755859375,-2.483154296875,7.198974609375,7.2353515625,-0.794189453125,7.999755859375,4.616455078125,-0.5107421875,7.999755859375,0.334716796875,0.5537109375,7.999755859375,-2.3515625,1.259521484375,7.999755859375,-4.444580078125,0.886474609375,6.8701171875,-4.998291015625,-0.2421875,0.0,0.0,0.0,0.0,0.0,0.0,0.0,0.0,0.0,0.0,0.0,0.0,0.0,0.0,0.0,0.0,0.0,0.0
Hook,1.213134765625,7.963134765625,-1.12939453125,2.92919921875,7.676513671875,-1.255126953125,5.1279296875,6.9873046875,-0.84716796875,7.340087890625,5.3662109375,0.19189453125,7.999755859375,1.46630859375,0.220703125,7.9404296875,-1.67919921875,1.06005859375,0.0,0.0,0.0,0.0,0.0,0.0,0.0,0.0,0.0,0.0,0.0,0.0,0.0,0.0,0.0,0.0,0.0,0.0,0.0,0.0,0.0,0.0,0.0,0.0,0.0,0.0,0.0
Hook,1.5224609375,7.999755859375,-1.475341796875,2.721435546875,7.999755859375,-1.499267578125,3.994384765625,7.999755859375,-2.001953125,5.666015625,7.779296875,-1.7275390625,7.41015625,6.882568359375,-1.358642578125,7.999755859375,4.071044921875,-0.412841796875,7.999755859375,0.274169921875,0.71923828125,7.999755859375,-2.757080078125,1.025146484375,7.999755859375,-4.851318359375,0.617919921875,7.395263671875,-5.19775390625,0.043701171875,0.0,0.0,0.0,0.0,0.0,0.0,0.0,0.0,0.0,0.0,0.0,0.0,0.0,0.0,0.0
Hook,1.614990234375,7.999755859375,-2.483154296875,3.07080078125,7.999755859375,-1.690185546875,4.38134765625,7.999755859375,-1.8515625,5.852294921875,6.75146484375,-1.4375,7.705078125,5.261474609375,-0.5,7.999755859375,2.413818359375,0.457275390625,7.999755859375,-1.079345703125,1.192626953125,7.999755859375,-3.77685546875,0.989501953125,7.999755859375,-4.892578125,0.42529296875,7.0947265625,-4.783203125,-0.55810546875,0.0,0.0,0.0,0.0,0.0,0.0,0.0,0.0,0.0,0.0,0.0,0.0,0.0,0.0,0.0
Hook,0.748046875,-0.7529296875,0.24951171875,0.947509765625,-0.15625,0.197509765625,0.99658203125,0.491943359375,0.017822265625,0.841796875,1.199462890625,0.021240234375,0.0,0.0,0.0,0.0,0.0,0.0,0.0,0.0,0.0,0.0,0.0,0.0,0.0,0.0,0.0,0.0,0.0,0.0,0.0,0.0,0.0,0.0,0.0,0.0,0.0,0.0,0.0,0.0,0.0,0.0,0.0,0.0,0.0
Hook,1.34765625,7.999755859375,-0.016357421875,2.970947265625,7.999755859375,-0.576171875,4.503173828125,7.999755859375,-1.407470703125,6.627197265625,7.033447265625,-0.720947265625,7.999755859375,5.273681640625,0.819580078125,7.999755859375,1.567626953125,0.808837890625,7.999755859375,-2.578369140625,0.073974609375,7.999755859375,-4.63427734375,-0.140380859375,7.208984375,-4.9814453125,-0.28369140625,0.0,0.0,0.0,0.0,0.0,0.0,0.0,0.0,0.0,0.0,0.0,0.0,0.0,0.0,0.0,0.0,0.0,0.0
Hook,0.566650390625,7.999755859375,-0.988037109375,2.168212890625,7.999755859375,-0.51513671875,3.95703125,7.999755859375,-0.8173828125,4.96533203125,7.999755859375,-1.5498046875,7.068115234375,7.04833984375,-1.314208984375,7.999755859375,4.550048828125,-0.271728515625,7.999755859375,0.778076171875,0.704833984375,7.999755859375,-2.6396484375,1.086181640625,7.999755859375,-4.94873046875,-0.061767578125,7.587646484375,-5.240234375,0.06103515625,0.0,0.0,0.0,0.0,0.0,0.0,0.0,0.0,0.0,0.0,0.0,0.0,0.0,0.0,0.0
Hook,0.737060546875,7.999755859375,-1.15283203125,2.25244140625,7.999755859375,-1.189697265625,4.0693359375,7.999755859375,-0.90771484375,4.995849609375,7.583740234375,-1.228515625,7.266357421875,5.860107421875,-0.695556640625,7.999755859375,3.02587890625,1.31494140625,7.999755859375,-0.43603515625,1.13916015625,7.999755859375,-3.95654296875,1.560791015625,7.431396484375,-5.762451171875,0.728271484375,0.0,0.0,0.0,0.0,0.0,0.0,0.0,0.0,0.0,0.0,0.0,0.0,0.0,0.0,0.0,0.0,0.0,0.0
Hook,0.779541015625,7.999755859375,-0.743408203125,2.205078125,7.999755859375,-1.148681640625,3.702392578125,7.999755859375,-1.940673828125,5.397705078125,7.76025390625,-1.55126953125,7.45068359375,7.044189453125,-0.0087890625,7.999755859375,4.3603515625,1.343017578125,7.999755859375,0.54052734375,1.39111328125,7.999755859375,-2.7568359375,1.296630859375,7.861083984375,-4.95751953125,0.37939453125,0.0,0.0,0.0,0.0,0.0,0.0,0.0,0.0,0.0,0.0,0.0,0.0,0.0,0.0,0.0,0.0,0.0,0.0
Hook,1.207275390625,7.999755859375,-0.790283203125,2.97119140625,7.880615234375,-1.23779296875,5.381591796875,6.58935546875,-1.427978515625,6.81982421875,4.68212890625,-0.5078125,7.999755859375,1.834228515625,-0.31787109375,7.999755859375,-0.638916015625,0.447509765625,7.733154296875,-2.589111328125,0.787841796875,0.0,0.0,0.0,0.0,0.0,0.0,0.0,0.0,0.0,0.0,0.0,0.0,0.0,0.0,0.0,0.0,0.0,0.0,0.0,0.0,0.0,0.0,0.0,0.0
Hook,0.550048828125,-0.029296875,0.397705078125,0.659912109375,0.628173828125,0.337890625,0.720703125,1.179443359375,0.279296875,0.637451171875,1.650390625,0.195556640625,0.0,0.0,0.0,0.0,0.0,0.0,0.0,0.0,0.0,0.0,0.0,0.0,0.0,0.0,0.0,0.0,0.0,0.0,0.0,0.0,0.0,0.0,0.0,0.0,0.0,0.0,0.0,0.0,0.0,0.0,0.0,0.0,0.0
Hook,1.125,7.999755859375,-1.710205078125,2.36865234375,7.999755859375,-0.833251953125,3.853271484375,7.999755859375,-0.812255859375,5.172607421875,7.823974609375,-1.62646484375,7.024658203125,6.526123046875,-1.190673828125,7.999755859375,5.001708984375,0.78466796875,7.999755859375,1.79638671875,1.208251953125,7.9873046875,-1.548095703125,1.19384765625,0.0,0.0,0.0,0.0,0.0,0.0,0.0,0.0,0.0,0.0,0.0,0.0,0.0,0.0,0.0,0.0,0.0,0.0,0.0,0.0,0.0
Hook,0.569580078125,1.65185546875,-0.45556640625,0.555419921875,2.23974609375,-0.617919921875,0.0,0.0,0.0,0.0,0.0,0.0,0.0,0.0,0.0,0.0,0.0,0.0,0.0,0.0,0.0,0.0,0.0,0.0,0.0,0.0,0.0,0.0,0.0,0.0,0.0,0.0,0.0,0.0,0.0,0.0,0.0,0.0,0.0,0.0,0.0,0.0,0.0,0.0,0.0
Hook,1.56396484375,7.999755859375,-1.10498046875,2.985595703125,7.999755859375,-0.971435546875,4.204345703125,7.999755859375,-1.109130859375,5.619384765625,7.867431640625,-0.83740234375,7.73583984375,6.9287109375,0.08544921875,7.999755859375,4.420166015625,1.103271484375,7.999755859375,1.10009765625,0.141357421875,7.999755859375,-2.07275390625,-0.805908203125,7.327392578125,-3.864013671875,-1.511474609375,0.0,0.0,0.0,0.0,0.0,0.0,0.0,0.0,0.0,0.0,0.0,0.0,0.0,0.0,0.0,0.0,0.0,0.0
Hook,0.646484375,7.999755859375,-0.519775390625,2.11376953125,7.999755859375,0.462158203125,4.0732421875,7.999755859375,0.77685546875,5.351806640625,7.999755859375,-0.292236328125,7.36669921875,7.2333984375,0.278076171875,7.999755859375,4.760009765625,0.427978515625,7.999755859375,1.057861328125,0.546630859375,7.999755859375,-1.9873046875,-0.06982421875,7.272705078125,-3.61865234375,-0.68505859375,0.0,0.0,0.0,0.0,0.0,0.0,0.0,0.0,0.0,0.0,0.0,0.0,0.0,0.0,0.0,0.0,0.0,0.0
Hook,1.8466796875,7.999755859375,-0.7255859375,3.330322265625,7.26171875,-2.130615234375,4.500244140625,5.88134765625,-2.22021484375,6.44384765625,5.79345703125,-0.3486328125,7.999755859375,3.512939453125,1.307861328125,7.999755859375,0.645751953125,1.768798828125,7.796875,-1.95947265625,0.931640625,0.0,0.0,0.0,0.0,0.0,0.0,0.0,0.0,0.0,0.0,0.0,0.0,0.0,0.0,0.0,0.0,0.0,0.0,0.0,0.0,0.0,0.0,0.0,0.0
Hook,0.53369140625,0.90380859375,-0.532470703125,0.58935546875,0.86279296875,-0.58984375,0.621337890625,0.89208984375,-0.510986328125,0.602783203125,0.87060546875,-0.486572265625,0.0,0.0,0.0,0.0,0.0,0.0,0.0,0.0,0.0,0.0,0.0,0.0,0.0,0.0,0.0,0.0,0.0,0.0,0.0,0.0,0.0,0.0,0.0,0.0,0.0,0.0,0.0,0.0,0.0,0.0,0.0,0.0,0.0
JabCross,0.52392578125,0.419189453125,-0.862548828125,0.56884765625,0.4052734375,-0.837646484375,0.571044921875,0.3359375,-0.88330078125,0.603271484375,0.39990234375,-0.8330078125,0.837158203125,0.385986328125,-0.8310546875,0.888427734375,0.503173828125,-0.8427734375,1.107666015625,0.834716796875,-0.762939453125,0.897705078125,0.80078125,-0.931396484375,0.0,0.0,0.0,0.0,0.0,0.0,0.0,0.0,0.0,0.0,0.0,0.0,0.0,0.0,0.0,0.0,0.0,0.0,0.0,0.0,0.0
JabCross,2.779541015625,-1.49853515625,-0.478759765625,7.999755859375,0.4365234375,-3.44677734375,7.999755859375,4.550537109375,-4.515380859375,1.795654296875,4.991943359375,0.444580078125,0.0,0.0,0.0,0.0,0.0,0.0,0.0,0.0,0.0,0.0,0.0,0.0,0.0,0.0,0.0,0.0,0.0,0.0,0.0,0.0,0.0,0.0,0.0,0.0,0.0,0.0,0.0,0.0,0.0,0.0,0.0,0.0,0.0
JabCross,0.71240234375,-2.42236328125,-0.607666015625,3.378662109375,-2.0576171875,0.072998046875,7.999755859375,-1.4013671875,-1.40869140625,7.999755859375,3.61572265625,-6.19775390625,1.060791015625,4.71630859375,2.21142578125,0.0,0.0,0.0,0.0,0.0,0.0,0.0,0.0,0.0,0.0,0.0,0.0,0.0,0.0,0.0,0.0,0.0,0.0,0.0,0.0,0.0,0.0,0.0,0.0,0.0,0.0,0.0,0.0,0.0,0.0
JabCross,0.952880859375,-2.594970703125,-1.764892578125,5.705810546875,-0.92919921875,0.305908203125,7.999755859375,0.339111328125,-2.187255859375,7.576416015625,5.802490234375,-3.32958984375,0.0,0.0,0.0,0.0,0.0,0.0,0.0,0.0,0.0,0.0,0.0,0.0,0.0,0.0,0.0,0.0,0.0,0.0,0.0,0.0,0.0,0.0,0.0,0.0,0.0,0.0,0.0,0.0,0.0,0.0,0.0,0.0,0.0
JabCross,2.135498046875,-2.814208984375,-2.417724609375,7.999755859375,-0.567138671875,-1.400390625,7.999755859375,3.390625,-4.180419921875,2.3515625,5.913818359375,1.172607421875,0.0,0.0,0.0,0.0,0.0,0.0,0.0,0.0,0.0,0.0,0.0,0.0,0.0,0.0,0.0,0.0,0.0,0.0,0.0,0.0,0.0,0.0,0.0,0.0,0.0,0.0,0.0,0.0,0.0,0.0,0.0,0.0,0.0
JabCross,1.802978515625,-2.43310546875,-3.69482421875,7.999755859375,-0.3095703125,-0.882568359375,7.999755859375,0.968017578125,-2.531005859375,5.7451171875,6.939697265625,-0.667724609375,0.0,0.0,0.0,0.0,0.0,0.0,0.0,0.0,0.0,0.0,0.0,0.0,0.0,0.0,0.0,0.0,0.0,0.0,0.0,0.0,0.0,0.0,0.0,0.0,0.0,0.0,0.0,0.0,0.0,0.0,0.0,0.0,0.0
JabCross,1.494384765625,-2.505126953125,-1.768798828125,4.7373046875,-1.23876953125,-2.60693359375,7.999755859375,2.6611328125,-0.071533203125,7.999755859375,3.658935546875,-4.193115234375,0.548583984375,4.439453125,3.24560546875,0.0,0.0,0.0,0.0,0.0,0.0,0.0,0.0,0.0,0.0,0.0,0.0,0.0,0.0,0.0,0.0,0.0,0.0,0.0,0.0,0.0,0.0,0.0,0.0,0.0,0.0,0.0,0.0,0.0,0.0
JabCross,1.473876953125,-2.608642578125,-3.469970703125,5.336181640625,0.043701171875,-2.1142578125,7.999755859375,2.43896484375,2.170654296875,7.999755859375,4.194580078125,-2.515625,1.4033203125,4.846435546875,2.579345703125,0.0,0.0,0.0,0.0,0.0,0.0,0.0,0.0,0.0,0.0,0.0,0.0,0.0,0.0,0.0,0.0,0.0,0.0,0.0,0.0,0.0,0.0,0.0,0.0,0.0,0.0,0.0,0.0,0.0,0.0
JabCross,1.639404296875,-2.2353515625,-2.0380859375,4.801025390625,-1.259033203125,-1.708984375,7.999755859375,2.60986328125,0.915771484375,7.999755859375,1.940673828125,-5.95703125,1.475830078125,4.16455078125,4.409423828125,0.0,0.0,0.0,0.0,0.0,0.0,0.0,0.0,0.0,0.0,0.0,0.0,0.0,0.0,0.0,0.0,0.0,0.0,0.0,0.0,0.0,0.0,0.0,0.0,0.0,0.0,0.0,0.0,0.0,0.0
JabCross,0.722412109375,-2.822998046875,-2.822265625,2.236572265625,-0.611083984375,-1.967529296875,5.840576171875,-0.55126953125,1.3662109375,7.999755859375,0.980712890625,1.014892578125,7.999755859375,4.6337890625,-5.986328125,0.76513671875,-0.1923828125,-3.190185546875,5.26416015625,-0.258544921875,-3.40869140625,7.330322265625,0.626708984375,-0.277099609375,2.113525390625,0.564697265625,0.397705078125,0.0,0.0,0.0,0.0,0.0,0.0,0.0,0.0,0.0,0.0,0.0,0.0,0.0,0.0,0.0,0.0,0.0,0.0
JabCross,0.567626953125,-2.805419921875,-0.326416015625,1.29638671875,-2.215576171875,-2.11376953125,5.4521484375,-1.22900390625,1.15478515625,7.999755859375,3.619873046875,0.1591796875,7.999755859375,2.019775390625,-3.831787109375,1.7587890625,5.454345703125,4.144287109375,0.0,0.0,0.0,0.0,0.0,0.0,0.0,0.0,0.0,0.0,0.0,0.0,0.0,0.0,0.0,0.0,0.0,0.0,0.0,0.0,0.0,0.0,0.0,0.0,0.0,0.0,0.0
JabCross,1.14453125,-1.85400390625,-0.303466796875,3.6220703125,-1.052734375,-2.10498046875,7.999755859375,-0.140869140625,1.318359375,7.999755859375,0.857666015625,-6.010986328125,3.91796875,6.45654296875,0.68359375,0.0,0.0,0.0,0.0,0.0,0.0,0.0,0.0,0.0,0.0,0.0,0.0,0.0,0.0,0.0,0.0,0.0,0.0,0.0,0.0,0.0,0.0,0.0,0.0,0.0,0.0,0.0,0.0,0.0,0.0
JabCross,0.663330078125,-2.707275390625,0.170166015625,2.448974609375,-2.26904296875,-4.1025390625,7.999755859375,-0.767578125,1.66748046875,7.999755859375,1.064208984375,-5.32177734375,4.154541015625,5.28076171875,0.21484375,0.0,0.0,0.0,0.0,0.0,0.0,0.0,0.0,0.0,0.0,0.0,0.0,0.0,0.0,0.0,0.0,0.0,0.0,0.0,0.0,0.0,0.0,0.0,0.0,0.0,0.0,0.0,0.0,0.0,0.0
JabCross,1.899658203125,-1.78271484375,-1.889404296875,7.245849609375,0.5234375,-2.444580078125,7.999755859375,0.475341796875,-2.606689453125,7.999755859375,4.45166015625,-2.411865234375,2.77294921875,2.6982421875,-2.030029296875,7.999755859375,-2.195556640625,-3.678955078125,2.78662109375,-1.244384765625,-2.8759765625,0.0,0.0,0.0,0.0,0.0,0.0,0.0,0.0,0.0,0.0,0.0,0.0,0.0,0.0,0.0,0.0,0.0,0.0,0.0,0.0,0.0,0.0,0.0,0.0
JabCross,1.60498046875,-1.7177734375,-0.199951171875,4.2802734375,-0.204345703125,-2.972900390625,7.999755859375,0.650634765625,-1.326416015625,7.999755859375,2.06982421875,-3.406005859375,0.840087890625,5.42138671875,4.244873046875,0.0,0.0,0.0,0.0,0.0,0.0,0.0,0.0,0.0,0.0,0.0,0.0,0.0,0.0,0.0,0.0,0.0,0.0,0.0,0.0,0.0,0.0,0.0,0.0,0.0,0.0,0.0,0.0,0.0,0.0
JabCross,2.561767578125,-2.33447265625,-2.380126953125,7.01123046875,1.531005859375,-3.023681640625,7.999755859375,1.494873046875,-1.988525390625,7.37060546875,3.220947265625,-0.81201171875,0.0,0.0,0.0,0.0,0.0,0.0,0.0,0.0,0.0,0.0,0.0,0.0,0.0,0.0,0.0,0.0,0.0,0.0,0.0,0.0,0.0,0.0,0.0,0.0,0.0,0.0,0.0,0.0,0.0,0.0,0.0,0.0,0.0
JabCross,0.568603515625,-2.07421875,-1.94873046875,3.7705078125,-0.7890625,-2.8486328125,7.999755859375,0.552978515625,1.2802734375,7.999755859375,1.198486328125,-4.052734375,4.02392578125,5.078857421875,-1.535400390625,0.0,0.0,0.0,0.0,0.0,0.0,0.0,0.0,0.0,0.0,0.0,0.0,0.0,0.0,0.0,0.0,0.0,0.0,0.0,0.0,0.0,0.0,0.0,0.0,0.0,0.0,0.0,0.0,0.0,0.0
JabCross,1.605712890625,-1.559326171875,-1.475341796875,3.5107421875,0.10400390625,-1.6396484375,7.999755859375,1.718994140625,1.20263671875,7.999755859375,-1.3447265625,-4.736328125,4.814453125,6.86669921875,-0.938720703125,0.0,0.0,0.0,0.0,0.0,0.0,0.0,0.0,0.0,0.0,0.0,0.0,0.0,0.0,0.0,0.0,0.0,0.0,0.0,0.0,0.0,0.0,0.0,0.0,0.0,0.0,0.0,0.0,0.0,0.0
JabCross,1.009033203125,-0.757080078125,-2.1689453125,5.918701171875,-0.11328125,-3.469482421875,7.999755859375,0.181884765625,0.1513671875,7.999755859375,1.824951171875,-2.901123046875,0.97607421875,0.169677734375,-2.9912109375,7.201171875,-0.262451171875,-2.614990234375,6.177978515625,-0.693603515625,-0.795654296875,0.0,0.0,0.0,0.0,0.0,0.0,0.0,0.0,0.0,0.0,0.0,0.0,0.0,0.0,0.0,0.0,0.0,0.0,0.0,0.0,0.0,0.0,0.0,0.0
JabCross,0.682861328125,-1.888427734375,-0.373779296875,2.49365234375,-1.23779296875,-2.8544921875,7.999755859375,1.1259765625,-2.816650390625,7.999755859375,-0.17431640625,-0.83837890625,7.999755859375,4.63671875,-0.0322265625,1.069580078125,3.001953125,-1.92919921875,6.651611328125,-0.591796875,-3.61279296875,6.75,-1.19091796875,-1.58203125,1.437255859375,0.886962890625,-0.595947265625,0.0,0.0,0.0,0.0,0.0,0.0,0.0,0.0,0.0,0.0,0.0,0.0,0.0,0.0,0.0,0.0,0.0,0.0
JabCross,0.5673828125,1.343505859375,-0.396484375,0.592041015625,1.112548828125,-0.388671875,0.527099609375,0.88623046875,-0.50341796875,0.0,0.0,0.0,0.0,0.0,0.0,0.0,0.0,0.0,0.0,0.0,0.0,0.0,0.0,0.0,0.0,0.0,0.0,0.0,0.0,0.0,0.0,0.0,0.0,0.0,0.0,0.0,0.0,0.0,0.0,0.0,0.0,0.0,0.0,0.0,0.0
JabCross,0.642578125,1.09716796875,-0.843505859375,0.800048828125,1.25537109375,-0.6982421875,0.760498046875,1.16748046875,-0.629638671875,0.0,0.0,0.0,0.0,0.0,0.0,0.0,0.0,0.0,0.0,0.0,0.0,0.0,0.0,0.0,0.0,0.0,0.0,0.0,0.0,0.0,0.0,0.0,0.0,0.0,0.0,0.0,0.0,0.0,0.0,0.0,0.0,0.0,0.0,0.0,0.0
PowerJab,0.62158203125,0.740234375,-0.89990234375,0.612060546875,0.838134765625,-0.951171875,0.0,0.0,0.0,0.0,0.0,0.0,0.0,0.0,0.0,0.0,0.0,0.0,0.0,0.0,0.0,0.0,0.0,0.0,0.0,0.0,0.0,0.0,0.0,0.0,0.0,0.0,0.0,0.0,0.0,0.0,0.0,0.0,0.0,0.0,0.0,0.0,0.0,0.0,0.0
PowerJab,2.1416015625,-1.929443359375,-0.535888671875,7.523193359375,-0.43603515625,-2.4208984375,7.999755859375,4.258544921875,-3.202392578125,1.291015625,4.656005859375,-2.2919921875,0.0,0.0,0.0,0.0,0.0,0.0,0.0,0.0,0.0,0.0,0.0,0.0,0.0,0.0,0.0,0.0,0.0,0.0,0.0,0.0,0.0,0.0,0.0,0.0,0.0,0.0,0.0,0.0,0.0,0.0,0.0,0.0,0.0
PowerJab,1.986572265625,-1.76708984375,-1.0166015625,7.861328125,-0.606689453125,-2.739013671875,7.999755859375,4.145263671875,-4.48388671875,1.006103515625,1.365966796875,3.172119140625,4.958740234375,4.392578125,2.30078125,5.128662109375,1.24267578125,-5.1318359375,2.685791015625,-1.994140625,-2.768310546875,0.0,0.0,0.0,0.0,0.0,0.0,0.0,0.0,0.0,0.0,0.0,0.0,0.0,0.0,0.0,0.0,0.0,0.0,0.0,0.0,0.0,0.0,0.0,0.0
PowerJab,3.16357421875,-1.4658203125,-0.775146484375,7.999755859375,-1.322509765625,-3.099365234375,7.999755859375,3.043212890625,-5.95068359375,4.794677734375,0.66455078125,-4.99462890625,7.009521484375,-1.31494140625,-2.167236328125,1.541015625,0.282958984375,-0.275146484375,0.0,0.0,0.0,0.0,0.0,0.0,0.0,0.0,0.0,0.0,0.0,0.0,0.0,0.0,0.0,0.0,0.0,0.0,0.0,0.0,0.0,0.0,0.0,0.0,0.0,0.0,0.0
PowerJab,3.152587890625,-2.839111328125,-1.870361328125,7.999755859375,0.568359375,-4.65087890625,7.999755859375,4.61767578125,-4.521240234375,0.979248046875,3.47802734375,-0.144775390625,0.0,0.0,0.0,0.0,0.0,0.0,0.0,0.0,0.0,0.0,0.0,0.0,0.0,0.0,0.0,0.0,0.0,0.0,0.0,0.0,0.0,0.0,0.0,0.0,0.0,0.0,0.0,0.0,0.0,0.0,0.0,0.0,0.0
PowerJab,2.2568359375,-2.16650390625,-0.5,7.160888671875,-0.83447265625,-1.628662109375,7.999755859375,1.922119140625,-3.380615234375,2.774658203125,4.04638671875,-3.798095703125,0.0,0.0,0.0,0.0,0.0,0.0,0.0,0.0,0.0,0.0,0.0,0.0,0.0,0.0,0.0,0.0,0.0,0.0,0.0,0.0,0.0,0.0,0.0,0.0,0.0,0.0,0.0,0.0,0.0,0.0,0.0,0.0,0.0
PowerJab,2.427490234375,-2.800537109375,-2.07568359375,6.89453125,-0.522216796875,-1.386962890625,7.999755859375,1.54296875,-3.085205078125,3.457275390625,4.80810546875,-3.372314453125,0.0,0.0,0.0,0.0,0.0,0.0,0.0,0.0,0.0,0.0,0.0,0.0,0.0,0.0,0.0,0.0,0.0,0.0,0.0,0.0,0.0,0.0,0.0,0.0,0.0,0.0,0.0,0.0,0.0,0.0,0.0,0.0,0.0
PowerJab,1.817626953125,-2.50244140625,-0.426513671875,6.1259765625,-1.224609375,-2.854248046875,7.999755859375,-0.5546875,-2.451904296875,4.03173828125,4.177490234375,-5.18017578125,0.0,0.0,0.0,0.0,0.0,0.0,0.0,0.0,0.0,0.0,0.0,0.0,0.0,0.0,0.0,0.0,0.0,0.0,0.0,0.0,0.0,0.0,0.0,0.0,0.0,0.0,0.0,0.0,0.0,0.0,0.0,0.0,0.0
PowerJab,1.42236328125,-1.944091796875,-0.486572265625,5.874267578125,-0.81494140625,-0.725341796875,7.999755859375,-0.35107421875,-1.308837890625,3.674072265625,4.034912109375,-5.112060546875,0.0,0.0,0.0,0.0,0.0,0.0,0.0,0.0,0.0,0.0,0.0,0.0,0.0,0.0,0.0,0.0,0.0,0.0,0.0,0.0,0.0,0.0,0.0,0.0,0.0,0.0,0.0,0.0,0.0,0.0,0.0,0.0,0.0
PowerJab,4.776123046875,-1.6826171875,-1.302978515625,7.999755859375,-2.288330078125,-1.0390625,7.522705078125,3.55517578125,-7.310302734375,0.0,0.0,0.0,0.0,0.0,0.0,0.0,0.0,0.0,0.0,0.0,0.0,0.0,0.0,0.0,0.0,0.0,0.0,0.0,0.0,0.0,0.0,0.0,0.0,0.0,0.0,0.0,0.0,0.0,0.0,0.0,0.0,0.0,0.0,0.0,0.0
PowerJab,1.76708984375,-2.990234375,-0.78857421875,6.732177734375,-0.22705078125,-2.193359375,7.999755859375,0.2587890625,-3.29150390625,4.626708984375,4.2890625,-5.57177734375,0.0,0.0,0.0,0.0,0.0,0.0,0.0,0.0,0.0,0.0,0.0,0.0,0.0,0.0,0.0,0.0,0.0,0.0,0.0,0.0,0.0,0.0,0.0,0.0,0.0,0.0,0.0,0.0,0.0,0.0,0.0,0.0,0.0
PowerJab,1.482177734375,-2.41259765625,-1.897705078125,4.8974609375,-0.130859375,-2.5615234375,7.999755859375,-0.281005859375,0.37158203125,7.999755859375,3.971435546875,-7.4970703125,4.705322265625,1.04248046875,-4.32421875,7.999755859375,-1.653076171875,-2.004150390625,1.972900390625,0.6875,0.681884765625,0.0,0.0,0.0,0.0,0.0,0.0,0.0,0.0,0.0,0.0,0.0,0.0,0.0,0.0,0.0,0.0,0.0,0.0,0.0,0.0,0.0,0.0,0.0,0.0
PowerJab,2.347412109375,-1.577880859375,-1.0185546875,6.2919921875,-0.405517578125,-2.936279296875,7.999755859375,-0.00439453125,-3.5078125,3.499755859375,4.613037109375,-3.888427734375,0.0,0.0,0.0,0.0,0.0,0.0,0.0,0.0,0.0,0.0,0.0,0.0,0.0,0.0,0.0,0.0,0.0,0.0,0.0,0.0,0.0,0.0,0.0,0.0,0.0,0.0,0.0,0.0,0.0,0.0,0.0,0.0,0.0
PowerJab,3.962646484375,-1.3447265625,-2.358642578125,7.999755859375,0.322021484375,-2.26025390625,7.999755859375,-0.308349609375,-5.229248046875,2.992919921875,5.2666015625,-2.596923828125,0.0,0.0,0.0,0.0,0.0,0.0,0.0,0.0,0.0,0.0,0.0,0.0,0.0,0.0,0.0,0.0,0.0,0.0,0.0,0.0,0.0,0.0,0.0,0.0,0.0,0.0,0.0,0.0,0.0,0.0,0.0,0.0,0.0
PowerJab,1.484619140625,-1.8076171875,-1.19384765625,4.7099609375,-1.038330078125,-0.99609375,7.999755859375,-2.385498046875,-0.780029296875,6.1845703125,1.8486328125,-6.425537109375,0.0,0.0,0.0,0.0,0.0,0.0,0.0,0.0,0.0,0.0,0.0,0.0,0.0,0.0,0.0,0.0,0.0,0.0,0.0,0.0,0.0,0.0,0.0,0.0,0.0,0.0,0.0,0.0,0.0,0.0,0.0,0.0,0.0
PowerJab,2.16015625,-1.303466796875,-0.967041015625,4.9541015625,0.100830078125,-2.95263671875,7.999755859375,-0.128173828125,-0.998779296875,7.357666015625,1.375732421875,-7.37158203125,0.0,0.0,0.0,0.0,0.0,0.0,0.0,0.0,0.0,0.0,0.0,0.0,0.0,0.0,0.0,0.0,0.0,0.0,0.0,0.0,0.0,0.0,0.0,0.0,0.0,0.0,0.0,0.0,0.0,0.0,0.0,0.0,0.0
PowerJab,2.766357421875,-1.20556640625,-0.596923828125,7.452880859375,0.04443359375,-1.131591796875,7.999755859375,0.0458984375,-5.31787109375,1.84716796875,4.92919921875,-2.62548828125,0.0,0.0,0.0,0.0,0.0,0.0,0.0,0.0,0.0,0.0,0.0,0.0,0.0,0.0,0.0,0.0,0.0,0.0,0.0,0.0,0.0,0.0,0.0,0.0,0.0,0.0,0.0,0.0,0.0,0.0,0.0,0.0,0.0
PowerJab,3.294677734375,-1.0537109375,-1.752685546875,7.999755859375,1.1025390625,-0.0107421875,7.999755859375,-0.524169921875,-5.6142578125,3.69482421875,5.265869140625,-6.009033203125,0.0,0.0,0.0,0.0,0.0,0.0,0.0,0.0,0.0,0.0,0.0,0.0,0.0,0.0,0.0,0.0,0.0,0.0,0.0,0.0,0.0,0.0,0.0,0.0,0.0,0.0,0.0,0.0,0.0,0.0,0.0,0.0,0.0
PowerJab,2.544189453125,-1.036865234375,-1.74267578125,5.399658203125,-0.419677734375,0.62548828125,7.999755859375,0.2333984375,-2.122802734375,4.22265625,2.5849609375,-4.60546875,0.0,0.0,0.0,0.0,0.0,0.0,0.0,0.0,0.0,0.0,0.0,0.0,0.0,0.0,0.0,0.0,0.0,0.0,0.0,0.0,0.0,0.0,0.0,0.0,0.0,0.0,0.0,0.0,0.0,0.0,0.0,0.0,0.0
PowerJab,1.7265625,-1.30615234375,-0.50439453125,5.1298828125,-0.059814453125,-2.282958984375,7.999755859375,-0.344970703125,-1.49951171875,4.9443359375,2.439208984375,-3.19873046875,0.0,0.0,0.0,0.0,0.0,0.0,0.0,0.0,0.0,0.0,0.0,0.0,0.0,0.0,0.0,0.0,0.0,0.0,0.0,0.0,0.0,0.0,0.0,0.0,0.0,0.0,0.0,0.0,0.0,0.0,0.0,0.0,0.0
PowerJab,1.754638671875,-1.70556640625,-1.10107421875,4.367919921875,-0.597900390625,0.345947265625,7.999755859375,0.191162109375,-0.56982421875,5.943359375,1.51025390625,-6.1337890625,0.0,0.0,0.0,0.0,0.0,0.0,0.0,0.0,0.0,0.0,0.0,0.0,0.0,0.0,0.0,0.0,0.0,0.0,0.0,0.0,0.0,0.0,0.0,0.0,0.0,0.0,0.0,0.0,0.0,0.0,0.0,0.0,0.0
PowerJab,1.32958984375,-2.49658203125,-1.166015625,3.76708984375,-0.895263671875,-1.32861328125,7.999755859375,-1.705078125,-0.2255859375,7.976806640625,1.322509765625,-5.7841796875,0.0,0.0,0.0,0.0,0.0,0.0,0.0,0.0,0.0,0.0,0.0,0.0,0.0,0.0,0.0,0.0,0.0,0.0,0.0,0.0,0.0,0.0,0.0,0.0,0.0,0.0,0.0,0.0,0.0,0.0,0.0,0.0,0.0
PowerJab,0.641845703125,-1.493896484375,0.15087890625,3.1953125,-0.978515625,-1.8564453125,6.600341796875,-0.127197265625,-0.343017578125,7.999755859375,-0.349853515625,-3.736083984375,3.86474609375,3.05908203125,-4.656005859375,0.0,0.0,0.0,0.0,0.0,0.0,0.0,0.0,0.0,0.0,0.0,0.0,0.0,0.0,0.0,0.0,0.0,0.0,0.0,0.0,0.0,0.0,0.0,0.0,0.0,0.0,0.0,0.0,0.0,0.0
PowerJab,1.2080078125,-0.7197265625,-1.030517578125,3.488525390625,-0.114501953125,-0.435546875,7.999755859375,0.0166015625,0.0126953125,7.999755859375,0.947509765625,-4.04833984375,1.993408203125,3.875732421875,-1.73974609375,0.0,0.0,0.0,0.0,0.0,0.0,0.0,0.0,0.0,0.0,0.0,0.0,0.0,0.0,0.0,0.0,0.0,0.0,0.0,0.0,0.0,0.0,0.0,0.0,0.0,0.0,0.0,0.0,0.0,0.0
PowerJab,0.593505859375,0.6201171875,-1.4091796875,0.6767578125,0.630859375,-1.271728515625,0.753173828125,0.814697265625,-1.345703125,0.9189453125,1.026611328125,-1.74658203125,1.03369140625,0.832763671875,-2.229736328125,0.957275390625,0.85595703125,-2.030517578125,0.0,0.0,0.0,0.0,0.0,0.0,0.0,0.0,0.0,0.0,0.0,0.0,0.0,0.0,0.0,0.0,0.0,0.0,0.0,0.0,0.0,0.0,0.0,0.0,0.0,0.0,0.0
SpeedJab,0.50634765625,0.3740234375,-0.78564453125,0.518798828125,0.3759765625,-0.780517578125,0.520263671875,0.421630859375,-0.7861328125,0.566650390625,0.4150390625,-0.809814453125,1.097412109375,0.296142578125,-0.770263671875,0.74755859375,0.427978515625,-0.6689453125,0.0,0.0,0.0,0.0,0.0,0.0,0.0,0.0,0.0,0.0,0.0,0.0,0.0,0.0,0.0,0.0,0.0,0.0,0.0,0.0,0.0,0.0,0.0,0.0,0.0,0.0,0.0
SpeedJab,0.73486328125,0.29248046875,0.31201171875,5.9921875,4.116943359375,-2.30615234375,7.999755859375,7.999755859375,-5.596923828125,2.996826171875,6.93701171875,-0.272705078125,0.0,0.0,0.0,0.0,0.0,0.0,0.0,0.0,0.0,0.0,0.0,0.0,0.0,0.0,0.0,0.0,0.0,0.0,0.0,0.0,0.0,0.0,0.0,0.0,0.0,0.0,0.0,0.0,0.0,0.0,0.0,0.0,0.0
SpeedJab,4.26220703125,3.609619140625,0.359130859375,0.0,0.0,0.0,0.0,0.0,0.0,0.0,0.0,0.0,0.0,0.0,0.0,0.0,0.0,0.0,0.0,0.0,0.0,0.0,0.0,0.0,0.0,0.0,0.0,0.0,0.0,0.0,0.0,0.0,0.0,0.0,0.0,0.0,0.0,0.0,0.0,0.0,0.0,0.0,0.0,0.0,0.0
SpeedJab,4.568603515625,2.3505859375,0.628662109375,7.999755859375,3.779052734375,-3.35546875,2.037109375,6.083740234375,-1.785400390625,0.0,0.0,0.0,0.0,0.0,0.0,0.0,0.0,0.0,0.0,0.0,0.0,0.0,0.0,0.0,0.0,0.0,0.0,0.0,0.0,0.0,0.0,0.0,0.0,0.0,0.0,0.0,0.0,0.0,0.0,0.0,0.0,0.0,0.0,0.0,0.0
SpeedJab,3.059326171875,0.88232421875,-1.27734375,0.0,0.0,0.0,0.0,0.0,0.0,0.0,0.0,0.0,0.0,0.0,0.0,0.0,0.0,0.0,0.0,0.0,0.0,0.0,0.0,0.0,0.0,0.0,0.0,0.0,0.0,0.0,0.0,0.0,0.0,0.0,0.0,0.0,0.0,0.0,0.0,0.0,0.0,0.0,0.0,0.0,0.0
SpeedJab,1.072509765625,0.002197265625,1.49951171875,7.408447265625,4.21044921875,-1.646240234375,7.999755859375,5.76025390625,-2.585693359375,4.70361328125,2.878173828125,-1.688720703125,0.0,0.0,0.0,0.0,0.0,0.0,0.0,0.0,0.0,0.0,0.0,0.0,0.0,0.0,0.0,0.0,0.0,0.0,0.0,0.0,0.0,0.0,0.0,0.0,0.0,0.0,0.0,0.0,0.0,0.0,0.0,0.0,0.0
SpeedJab,6.63232421875,3.12109375,-0.095703125,3.482177734375,2.016357421875,-1.03369140625,0.0,0.0,0.0,0.0,0.0,0.0,0.0,0.0,0.0,0.0,0.0,0.0,0.0,0.0,0.0,0.0,0.0,0.0,0.0,0.0,0.0,0.0,0.0,0.0,0.0,0.0,0.0,0.0,0.0,0.0,0.0,0.0,0.0,0.0,0.0,0.0,0.0,0.0,0.0
SpeedJab,1.2236328125,0.66357421875,-2.257080078125,0.0,0.0,0.0,0.0,0.0,0.0,0.0,0.0,0.0,0.0,0.0,0.0,0.0,0.0,0.0,0.0,0.0,0.0,0.0,0.0,0.0,0.0,0.0,0.0,0.0,0.0,0.0,0.0,0.0,0.0,0.0,0.0,0.0,0.0,0.0,0.0,0.0,0.0,0.0,0.0,0.0,0.0
SpeedJab,1.22998046875,-1.6162109375,0.85498046875,5.76123046875,1.02294921875,0.887451171875,7.999755859375,6.513916015625,-2.8994140625,3.708740234375,7.666259765625,-1.649658203125,0.0,0.0,0.0,0.0,0.0,0.0,0.0,0.0,0.0,0.0,0.0,0.0,0.0,0.0,0.0,0.0,0.0,0.0,0.0,0.0,0.0,0.0,0.0,0.0,0.0,0.0,0.0,0.0,0.0,0.0,0.0,0.0,0.0
SpeedJab,4.38037109375,4.516357421875,0.24658203125,3.5546875,3.587646484375,-0.98095703125,0.0,0.0,0.0,0.0,0.0,0.0,0.0,0.0,0.0,0.0,0.0,0.0,0.0,0.0,0.0,0.0,0.0,0.0,0.0,0.0,0.0,0.0,0.0,0.0,0.0,0.0,0.0,0.0,0.0,0.0,0.0,0.0,0.0,0.0,0.0,0.0,0.0,0.0,0.0
SpeedJab,3.146728515625,3.600830078125,-2.074951171875,0.0,0.0,0.0,0.0,0.0,0.0,0.0,0.0,0.0,0.0,0.0,0.0,0.0,0.0,0.0,0.0,0.0,0.0,0.0,0.0,0.0,0.0,0.0,0.0,0.0,0.0,0.0,0.0,0.0,0.0,0.0,0.0,0.0,0.0,0.0,0.0,0.0,0.0,0.0,0.0,0.0,0.0
SpeedJab,1.20458984375,1.0732421875,-2.28271484375,0.0,0.0,0.0,0.0,0.0,0.0,0.0,0.0,0.0,0.0,0.0,0.0,0.0,0.0,0.0,0.0,0.0,0.0,0.0,0.0,0.0,0.0,0.0,0.0,0.0,0.0,0.0,0.0,0.0,0.0,0.0,0.0,0.0,0.0,0.0,0.0,0.0,0.0,0.0,0.0,0.0,0.0
SpeedJab,0.7119140625,1.50439453125,-2.4541015625,0.0,0.0,0.0,0.0,0.0,0.0,0.0,0.0,0.0,0.0,0.0,0.0,0.0,0.0,0.0,0.0,0.0,0.0,0.0,0.0,0.0,0.0,0.0,0.0,0.0,0.0,0.0,0.0,0.0,0.0,0.0,0.0,0.0,0.0,0.0,0.0,0.0,0.0,0.0,0.0,0.0,0.0
SpeedJab,3.972412109375,-2.63330078125,1.7265625,7.999755859375,1.248779296875,0.982177734375,6.452880859375,6.38427734375,-2.107666015625,0.0,0.0,0.0,0.0,0.0,0.0,0.0,0.0,0.0,0.0,0.0,0.0,0.0,0.0,0.0,0.0,0.0,0.0,0.0,0.0,0.0,0.0,0.0,0.0,0.0,0.0,0.0,0.0,0.0,0.0,0.0,0.0,0.0,0.0,0.0,0.0
SpeedJab,7.999755859375,-1.42724609375,-0.883056640625,7.96142578125,6.056884765625,-0.967529296875,0.0,0.0,0.0,0.0,0.0,0.0,0.0,0.0,0.0,0.0,0.0,0.0,0.0,0.0,0.0,0.0,0.0,0.0,0.0,0.0,0.0,0.0,0.0,0.0,0.0,0.0,0.0,0.0,0.0,0.0,0.0,0.0,0.0,0.0,0.0,0.0,0.0,0.0,0.0
SpeedJab,2.631591796875,-1.341064453125,1.4345703125,7.999755859375,-2.278564453125,-0.654052734375,7.63427734375,6.716552734375,-2.478515625,0.0,0.0,0.0,0.0,0.0,0.0,0.0,0.0,0.0,0.0,0.0,0.0,0.0,0.0,0.0,0.0,0.0,0.0,0.0,0.0,0.0,0.0,0.0,0.0,0.0,0.0,0.0,0.0,0.0,0.0,0.0,0.0,0.0,0.0,0.0,0.0
SpeedJab,0.911376953125,-1.3759765625,0.872802734375,6.3515625,-1.257080078125,0.4619140625,7.999755859375,5.328857421875,0.047607421875,5.37548828125,4.81787109375,-1.799560546875,0.0,0.0,0.0,0.0,0.0,0.0,0.0,0.0,0.0,0.0,0.0,0.0,0.0,0.0,0.0,0.0,0.0,0.0,0.0,0.0,0.0,0.0,0.0,0.0,0.0,0.0,0.0,0.0,0.0,0.0,0.0,0.0,0.0
SpeedJab,6.888427734375,5.640869140625,-0.546875,0.0,0.0,0.0,0.0,0.0,0.0,0.0,0.0,0.0,0.0,0.0,0.0,0.0,0.0,0.0,0.0,0.0,0.0,0.0,0.0,0.0,0.0,0.0,0.0,0.0,0.0,0.0,0.0,0.0,0.0,0.0,0.0,0.0,0.0,0.0,0.0,0.0,0.0,0.0,0.0,0.0,0.0
SpeedJab,4.90673828125,4.054931640625,-0.640380859375,0.0,0.0,0.0,0.0,0.0,0.0,0.0,0.0,0.0,0.0,0.0,0.0,0.0,0.0,0.0,0.0,0.0,0.0,0.0,0.0,0.0,0.0,0.0,0.0,0.0,0.0,0.0,0.0,0.0,0.0,0.0,0.0,0.0,0.0,0.0,0.0,0.0,0.0,0.0,0.0,0.0,0.0
SpeedJab,6.029541015625,4.661376953125,-1.16162109375,0.0,0.0,0.0,0.0,0.0,0.0,0.0,0.0,0.0,0.0,0.0,0.0,0.0,0.0,0.0,0.0,0.0,0.0,0.0,0.0,0.0,0.0,0.0,0.0,0.0,0.0,0.0,0.0,0.0,0.0,0.0,0.0,0.0,0.0,0.0,0.0,0.0,0.0,0.0,0.0,0.0,0.0
SpeedJab,6.430419921875,-1.67724609375,0.2861328125,7.999755859375,3.69482421875,0.621826171875,5.439208984375,4.503173828125,-1.526123046875,0.0,0.0,0.0,0.0,0.0,0.0,0.0,0.0,0.0,0.0,0.0,0.0,0.0,0.0,0.0,0.0,0.0,0.0,0.0,0.0,0.0,0.0,0.0,0.0,0.0,0.0,0.0,0.0,0.0,0.0,0.0,0.0,0.0,0.0,0.0,0.0
SpeedJab,3.477294921875,-0.491943359375,0.141357421875,7.999755859375,1.253662109375,-1.779296875,4.7158203125,4.1826171875,-1.229736328125,0.0,0.0,0.0,0.0,0.0,0.0,0.0,0.0,0.0,0.0,0.0,0.0,0.0,0.0,0.0,0.0,0.0,0.0,0.0,0.0,0.0,0.0,0.0,0.0,0.0,0.0,0.0,0.0,0.0,0.0,0.0,0.0,0.0,0.0,0.0,0.0
SpeedJab,7.999755859375,-0.9296875,0.435302734375,6.96337890625,4.80126953125,-0.7470703125,0.0,0.0,0.0,0.0,0.0,0.0,0.0,0.0,0.0,0.0,0.0,0.0,0.0,0.0,0.0,0.0,0.0,0.0,0.0,0.0,0.0,0.0,0.0,0.0,0.0,0.0,0.0,0.0,0.0,0.0,0.0,0.0,0.0,0.0,0.0,0.0,0.0,0.0,0.0
SpeedJab,7.999755859375,1.367431640625,2.193359375,6.064453125,3.288818359375,0.864990234375,0.0,0.0,0.0,0.0,0.0,0.0,0.0,0.0,0.0,0.0,0.0,0.0,0.0,0.0,0.0,0.0,0.0,0.0,0.0,0.0,0.0,0.0,0.0,0.0,0.0,0.0,0.0,0.0,0.0,0.0,0.0,0.0,0.0,0.0,0.0,0.0,0.0,0.0,0.0
SpeedJab,3.53955078125,-1.4658203125,1.13720703125,7.999755859375,0.22265625,1.75439453125,6.783203125,4.754150390625,-2.431640625,0.0,0.0,0.0,0.0,0.0,0.0,0.0,0.0,0.0,0.0,0.0,0.0,0.0,0.0,0.0,0.0,0.0,0.0,0.0,0.0,0.0,0.0,0.0,0.0,0.0,0.0,0.0,0.0,0.0,0.0,0.0,0.0,0.0,0.0,0.0,0.0
SpeedJab,7.999755859375,0.6123046875,0.32861328125,5.93310546875,2.84033203125,1.276123046875,0.0,0.0,0.0,0.0,0.0,0.0,0.0,0.0,0.0,0.0,0.0,0.0,0.0,0.0,0.0,0.0,0.0,0.0,0.0,0.0,0.0,0.0,0.0,0.0,0.0,0.0,0.0,0.0,0.0,0.0,0.0,0.0,0.0,0.0,0.0,0.0,0.0,0.0,0.0
SpeedJab,1.069580078125,-4.422119140625,-1.279052734375,6.044921875,-0.736572265625,0.511962890625,7.999755859375,2.33984375,2.34912109375,6.8427734375,3.754150390625,-0.904541015625,0.0,0.0,0.0,0.0,0.0,0.0,0.0,0.0,0.0,0.0,0.0,0.0,0.0,0.0,0.0,0.0,0.0,0.0,0.0,0.0,0.0,0.0,0.0,0.0,0.0,0.0,0.0,0.0,0.0,0.0,0.0,0.0,0.0
SpeedJab,4.007568359375,-2.102294921875,2.5361328125,7.999755859375,0.4453125,1.532470703125,7.627685546875,5.607666015625,-3.28076171875,0.0,0.0,0.0,0.0,0.0,0.0,0.0,0.0,0.0,0.0,0.0,0.0,0.0,0.0,0.0,0.0,0.0,0.0,0.0,0.0,0.0,0.0,0.0,0.0,0.0,0.0,0.0,0.0,0.0,0.0,0.0,0.0,0.0,0.0,0.0,0.0
SpeedJab,2.943603515625,0.337890625,1.85400390625,7.999755859375,0.490234375,-1.270751953125,4.869140625,5.958984375,-0.929443359375,0.0,0.0,0.0,0.0,0.0,0.0,0.0,0.0,0.0,0.0,0.0,0.0,0.0,0.0,0.0,0.0,0.0,0.0,0.0,0.0,0.0,0.0,0.0,0.0,0.0,0.0,0.0,0.0,0.0,0.0,0.0,0.0,0.0,0.0,0.0,0.0
SpeedJab,2.77587890625,-1.647216796875,0.711181640625,7.999755859375,-2.113037109375,0.674072265625,7.139892578125,6.16845703125,-0.531005859375,0.0,0.0,0.0,0.0,0.0,0.0,0.0,0.0,0.0,0.0,0.0,0.0,0.0,0.0,0.0,0.0,0.0,0.0,0.0,0.0,0.0,0.0,0.0,0.0,0.0,0.0,0.0,0.0,0.0,0.0,0.0,0.0,0.0,0.0,0.0,0.0
SpeedJab,1.582763671875,-4.994140625,0.534423828125,5.9736328125,-1.611328125,1.423583984375,7.999755859375,2.984619140625,1.0224609375,5.794921875,4.71826171875,-1.418212890625,0.0,0.0,0.0,0.0,0.0,0.0,0.0,0.0,0.0,0.0,0.0,0.0,0.0,0.0,0.0,0.0,0.0,0.0,0.0,0.0,0.0,0.0,0.0,0.0,0.0,0.0,0.0,0.0,0.0,0.0,0.0,0.0,0.0
SpeedJab,0.998291015625,-2.7939453125,-0.055419921875,3.71630859375,-1.123046875,1.160888671875,7.999755859375,2.112548828125,1.119140625,6.760498046875,7.999755859375,-2.85888671875,0.0,0.0,0.0,0.0,0.0,0.0,0.0,0.0,0.0,0.0,0.0,0.0,0.0,0.0,0.0,0.0,0.0,0.0,0.0,0.0,0.0,0.0,0.0,0.0,0.0,0.0,0.0,0.0,0.0,0.0,0.0,0.0,0.0
SpeedJab,4.8232421875,0.658203125,0.476318359375,7.999755859375,3.190673828125,0.157470703125,4.612060546875,6.45751953125,-2.0732421875,0.0,0.0,0.0,0.0,0.0,0.0,0.0,0.0,0.0,0.0,0.0,0.0,0.0,0.0,0.0,0.0,0.0,0.0,0.0,0.0,0.0,0.0,0.0,0.0,0.0,0.0,0.0,0.0,0.0,0.0,0.0,0.0,0.0,0.0,0.0,0.0
SpeedJab,7.999755859375,0.446533203125,0.62548828125,7.5205078125,6.0576171875,-2.121337890625,0.0,0.0,0.0,0.0,0.0,0.0,0.0,0.0,0.0,0.0,0.0,0.0,0.0,0.0,0.0,0.0,0.0,0.0,0.0,0.0,0.0,0.0,0.0,0.0,0.0,0.0,0.0,0.0,0.0,0.0,0.0,0.0,0.0,0.0,0.0,0.0,0.0,0.0,0.0
SpeedJab,1.861572265625,-1.5224609375,1.947998046875,5.666259765625,0.193115234375,1.686279296875,7.999755859375,3.054443359375,-0.9990234375,4.286865234375,5.796630859375,-2.47412109375,0.0,0.0,0.0,0.0,0.0,0.0,0.0,0.0,0.0,0.0,0.0,0.0,0.0,0.0,0.0,0.0,0.0,0.0,0.0,0.0,0.0,0.0,0.0,0.0,0.0,0.0,0.0,0.0,0.0,0.0,0.0,0.0,0.0
SpeedJab,5.0537109375,5.037841796875,-0.8310546875,0.0,0.0,0.0,0.0,0.0,0.0,0.0,0.0,0.0,0.0,0.0,0.0,0.0,0.0,0.0,0.0,0.0,0.0,0.0,0.0,0.0,0.0,0.0,0.0,0.0,0.0,0.0,0.0,0.0,0.0,0.0,0.0,0.0,0.0,0.0,0.0,0.0,0.0,0.0,0.0,0.0,0.0
SpeedJab,7.999755859375,-0.08740234375,0.85888671875,6.947509765625,4.751953125,-0.3701171875,0.0,0.0,0.0,0.0,0.0,0.0,0.0,0.0,0.0,0.0,0.0,0.0,0.0,0.0,0.0,0.0,0.0,0.0,0.0,0.0,0.0,0.0,0.0,0.0,0.0,0.0,0.0,0.0,0.0,0.0,0.0,0.0,0.0,0.0,0.0,0.0,0.0,0.0,0.0
SpeedJab,5.748779296875,5.406494140625,-0.9296875,0.0,0.0,0.0,0.0,0.0,0.0,0.0,0.0,0.0,0.0,0.0,0.0,0.0,0.0,0.0,0.0,0.0,0.0,0.0,0.0,0.0,0.0,0.0,0.0,0.0,0.0,0.0,0.0,0.0,0.0,0.0,0.0,0.0,0.0,0.0,0.0,0.0,0.0,0.0,0.0,0.0,0.0
SpeedJab,7.173583984375,3.680419921875,-0.880615234375,0.0,0.0,0.0,0.0,0.0,0.0,0.0,0.0,0.0,0.0,0.0,0.0,0.0,0.0,0.0,0.0,0.0,0.0,0.0,0.0,0.0,0.0,0.0,0.0,0.0,0.0,0.0,0.0,0.0,0.0,0.0,0.0,0.0,0.0,0.0,0.0,0.0,0.0,0.0,0.0,0.0,0.0
SpeedJab,2.66796875,-0.6201171875,0.176025390625,7.999755859375,0.552734375,-0.7236328125,6.4775390625,4.62109375,-1.423828125,0.0,0.0,0.0,0.0,0.0,0.0,0.0,0.0,0.0,0.0,0.0,0.0,0.0,0.0,0.0,0.0,0.0,0.0,0.0,0.0,0.0,0.0,0.0,0.0,0.0,0.0,0.0,0.0,0.0,0.0,0.0,0.0,0.0,0.0,0.0,0.0
SpeedJab,1.639892578125,0.16796875,-0.321044921875,7.999755859375,0.991943359375,-1.9404296875,7.545166015625,4.3779296875,-1.6796875,0.0,0.0,0.0,0.0,0.0,0.0,0.0,0.0,0.0,0.0,0.0,0.0,0.0,0.0,0.0,0.0,0.0,0.0,0.0,0.0,0.0,0.0,0.0,0.0,0.0,0.0,0.0,0.0,0.0,0.0,0.0,0.0,0.0,0.0,0.0,0.0
SpeedJab,0.502685546875,-1.008056640625,-1.425537109375,5.78125,1.26708984375,-0.610595703125,7.999755859375,1.597900390625,-1.430419921875,2.554931640625,3.7626953125,-1.49755859375,0.0,0.0,0.0,0.0,0.0,0.0,0.0,0.0,0.0,0.0,0.0,0.0,0.0,0.0,0.0,0.0,0.0,0.0,0.0,0.0,0.0,0.0,0.0,0.0,0.0,0.0,0.0,0.0,0.0,0.0,0.0,0.0,0.0
SpeedJab,7.999755859375,-0.612060546875,-0.826171875,3.552001953125,3.29345703125,-1.052490234375,0.0,0.0,0.0,0.0,0.0,0.0,0.0,0.0,0.0,0.0,0.0,0.0,0.0,0.0,0.0,0.0,0.0,0.0,0.0,0.0,0.0,0.0,0.0,0.0,0.0,0.0,0.0,0.0,0.0,0.0,0.0,0.0,0.0,0.0,0.0,0.0,0.0,0.0,0.0
SpeedJab,4.115478515625,0.98388671875,0.3232421875,7.999755859375,-0.326171875,-0.984375,2.005859375,2.36669921875,-0.513916015625,0.0,0.0,0.0,0.0,0.0,0.0,0.0,0.0,0.0,0.0,0.0,0.0,0.0,0.0,0.0,0.0,0.0,0.0,0.0,0.0,0.0,0.0,0.0,0.0,0.0,0.0,0.0,0.0,0.0,0.0,0.0,0.0,0.0,0.0,0.0,0.0
SpeedJab,2.5087890625,-0.5830078125,1.05419921875,7.999755859375,-0.865966796875,-0.987060546875,6.4130859375,3.29296875,-2.128662109375,0.0,0.0,0.0,0.0,0.0,0.0,0.0,0.0,0.0,0.0,0.0,0.0,0.0,0.0,0.0,0.0,0.0,0.0,0.0,0.0,0.0,0.0,0.0,0.0,0.0,0.0,0.0,0.0,0.0,0.0,0.0,0.0,0.0,0.0,0.0,0.0
SpeedJab,4.14404296875,0.79833984375,0.233642578125,7.999755859375,1.3544921875,-0.3056640625,2.307861328125,2.92578125,-0.855224609375,0.0,0.0,0.0,0.0,0.0,0.0,0.0,0.0,0.0,0.0,0.0,0.0,0.0,0.0,0.0,0.0,0.0,0.0,0.0,0.0,0.0,0.0,0.0,0.0,0.0,0.0,0.0,0.0,0.0,0.0,0.0,0.0,0.0,0.0,0.0,0.0
SpeedJab,6.318115234375,3.533203125,-1.546142578125,0.0,0.0,0.0,0.0,0.0,0.0,0.0,0.0,0.0,0.0,0.0,0.0,0.0,0.0,0.0,0.0,0.0,0.0,0.0,0.0,0.0,0.0,0.0,0.0,0.0,0.0,0.0,0.0,0.0,0.0,0.0,0.0,0.0,0.0,0.0,0.0,0.0,0.0,0.0,0.0,0.0,0.0
SpeedJab,3.554931640625,1.5888671875,0.3388671875,7.999755859375,0.864990234375,-0.11328125,2.020263671875,2.59228515625,-1.057861328125,0.0,0.0,0.0,0.0,0.0,0.0,0.0,0.0,0.0,0.0,0.0,0.0,0.0,0.0,0.0,0.0,0.0,0.0,0.0,0.0,0.0,0.0,0.0,0.0,0.0,0.0,0.0,0.0,0.0,0.0,0.0,0.0,0.0,0.0,0.0,0.0
SpeedJab,1.239501953125,0.351806640625,0.62353515625,5.534912109375,2.716064453125,-1.82666015625,7.999755859375,2.676513671875,-2.447265625,1.512939453125,2.229248046875,-2.029052734375,0.0,0.0,0.0,0.0,0.0,0.0,0.0,0.0,0.0,0.0,0.0,0.0,0.0,0.0,0.0,0.0,0.0,0.0,0.0,0.0,0.0,0.0,0.0,0.0,0.0,0.0,0.0,0.0,0.0,0.0,0.0,0.0,0.0
SpeedJab,2.61767578125,1.612548828125,-1.000244140625,7.999755859375,0.5224609375,-2.359130859375,2.6015625,4.619140625,-1.579345703125,0.0,0.0,0.0,0.0,0.0,0.0,0.0,0.0,0.0,0.0,0.0,0.0,0.0,0.0,0.0,0.0,0.0,0.0,0.0,0.0,0.0,0.0,0.0,0.0,0.0,0.0,0.0,0.0,0.0,0.0,0.0,0.0,0.0,0.0,0.0,0.0
SpeedJab,3.7158203125,2.207275390625,-3.093994140625,0.0,0.0,0.0,0.0,0.0,0.0,0.0,0.0,0.0,0.0,0.0,0.0,0.0,0.0,0.0,0.0,0.0,0.0,0.0,0.0,0.0,0.0,0.0,0.0,0.0,0.0,0.0,0.0,0.0,0.0,0.0,0.0,0.0,0.0,0.0,0.0,0.0,0.0,0.0,0.0,0.0,0.0
SpeedJab,7.83251953125,2.52685546875,-1.10009765625,2.810546875,2.352783203125,-2.35302734375,0.0,0.0,0.0,0.0,0.0,0.0,0.0,0.0,0.0,0.0,0.0,0.0,0.0,0.0,0.0,0.0,0.0,0.0,0.0,0.0,0.0,0.0,0.0,0.0,0.0,0.0,0.0,0.0,0.0,0.0,0.0,0.0,0.0,0.0,0.0,0.0,0.0,0.0,0.0
SpeedJab,6.630126953125,3.95703125,-2.11083984375,0.0,0.0,0.0,0.0,0.0,0.0,0.0,0.0,0.0,0.0,0.0,0.0,0.0,0.0,0.0,0.0,0.0,0.0,0.0,0.0,0.0,0.0,0.0,0.0,0.0,0.0,0.0,0.0,0.0,0.0,0.0,0.0,0.0,0.0,0.0,0.0,0.0,0.0,0.0,0.0,0.0,0.0
SpeedJab,7.999755859375,-0.0849609375,-1.31298828125,3.6455078125,4.08740234375,-2.107421875,0.0,0.0,0.0,0.0,0.0,0.0,0.0,0.0,0.0,0.0,0.0,0.0,0.0,0.0,0.0,0.0,0.0,0.0,0.0,0.0,0.0,0.0,0.0,0.0,0.0,0.0,0.0,0.0,0.0,0.0,0.0,0.0,0.0,0.0,0.0,0.0,0.0,0.0,0.0
SpeedJab,1.2470703125,-1.1708984375,1.14111328125,4.17822265625,0.01123046875,-0.590576171875,7.999755859375,2.0595703125,-1.9833984375,3.210693359375,3.735595703125,-2.427734375,0.0,0.0,0.0,0.0,0.0,0.0,0.0,0.0,0.0,0.0,0.0,0.0,0.0,0.0,0.0,0.0,0.0,0.0,0.0,0.0,0.0,0.0,0.0,0.0,0.0,0.0,0.0,0.0,0.0,0.0,0.0,0.0,0.0
SpeedJab,1.115966796875,1.0859375,1.710205078125,6.04443359375,2.2705078125,-2.117431640625,7.999755859375,5.058837890625,-3.73779296875,3.67333984375,3.7626953125,-2.146484375,0.0,0.0,0.0,0.0,0.0,0.0,0.0,0.0,0.0,0.0,0.0,0.0,0.0,0.0,0.0,0.0,0.0,0.0,0.0,0.0,0.0,0.0,0.0,0.0,0.0,0.0,0.0,0.0,0.0,0.0,0.0,0.0,0.0
SpeedJab,2.00927734375,3.042724609375,-2.031005859375,0.0,0.0,0.0,0.0,0.0,0.0,0.0,0.0,0.0,0.0,0.0,0.0,0.0,0.0,0.0,0.0,0.0,0.0,0.0,0.0,0.0,0.0,0.0,0.0,0.0,0.0,0.0,0.0,0.0,0.0,0.0,0.0,0.0,0.0,0.0,0.0,0.0,0.0,0.0,0.0,0.0,0.0
SpeedJab,7.999755859375,1.543212890625,-2.239501953125,1.8759765625,3.960205078125,-2.48681640625,0.0,0.0,0.0,0.0,0.0,0.0,0.0,0.0,0.0,0.0,0.0,0.0,0.0,0.0,0.0,0.0,0.0,0.0,0.0,0.0,0.0,0.0,0.0,0.0,0.0,0.0,0.0,0.0,0.0,0.0,0.0,0.0,0.0,0.0,0.0,0.0,0.0,0.0,0.0
SpeedJab,4.70458984375,4.56787109375,-3.1845703125,0.0,0.0,0.0,0.0,0.0,0.0,0.0,0.0,0.0,0.0,0.0,0.0,0.0,0.0,0.0,0.0,0.0,0.0,0.0,0.0,0.0,0.0,0.0,0.0,0.0,0.0,0.0,0.0,0.0,0.0,0.0,0.0,0.0,0.0,0.0,0.0,0.0,0.0,0.0,0.0,0.0,0.0
SpeedJab,7.999755859375,1.60400390625,-0.831298828125,2.182373046875,3.289794921875,-2.45849609375,0.0,0.0,0.0,0.0,0.0,0.0,0.0,0.0,0.0,0.0,0.0,0.0,0.0,0.0,0.0,0.0,0.0,0.0,0.0,0.0,0.0,0.0,0.0,0.0,0.0,0.0,0.0,0.0,0.0,0.0,0.0,0.0,0.0,0.0,0.0,0.0,0.0,0.0,0.0
SpeedJab,5.95068359375,1.656494140625,-0.533935546875,7.999755859375,1.84423828125,-0.63134765625,2.65185546875,2.166259765625,-2.014892578125,0.0,0.0,0.0,0.0,0.0,0.0,0.0,0.0,0.0,0.0,0.0,0.0,0.0,0.0,0.0,0.0,0.0,0.0,0.0,0.0,0.0,0.0,0.0,0.0,0.0,0.0,0.0,0.0,0.0,0.0,0.0,0.0,0.0,0.0,0.0,0.0
SpeedJab,1.22705078125,-0.695068359375,0.210205078125,5.109375,0.953369140625,-0.147705078125,7.999755859375,1.6181640625,0.7529296875,2.81689453125,3.087646484375,0.575439453125,0.0,0.0,0.0,0.0,0.0,0.0,0.0,0.0,0.0,0.0,0.0,0.0,0.0,0.0,0.0,0.0,0.0,0.0,0.0,0.0,0.0,0.0,0.0,0.0,0.0,0.0,0.0,0.0,0.0,0.0,0.0,0.0,0.0
SpeedJab,7.999755859375,0.9892578125,-0.12060546875,3.224365234375,3.944580078125,-0.4130859375,0.0,0.0,0.0,0.0,0.0,0.0,0.0,0.0,0.0,0.0,0.0,0.0,0.0,0.0,0.0,0.0,0.0,0.0,0.0,0.0,0.0,0.0,0.0,0.0,0.0,0.0,0.0,0.0,0.0,0.0,0.0,0.0,0.0,0.0,0.0,0.0,0.0,0.0,0.0
SpeedJab,2.88818359375,0.517822265625,0.83642578125,7.999755859375,-0.5703125,-0.860595703125,5.57421875,3.641845703125,-1.685791015625,0.0,0.0,0.0,0.0,0.0,0.0,0.0,0.0,0.0,0.0,0.0,0.0,0.0,0.0,0.0,0.0,0.0,0.0,0.0,0.0,0.0,0.0,0.0,0.0,0.0,0.0,0.0,0.0,0.0,0.0,0.0,0.0,0.0,0.0,0.0,0.0
SpeedJab,0.53662109375,0.455322265625,-0.7177734375,0.77880859375,0.5537109375,-0.790771484375,0.9208984375,0.677734375,-0.783935546875,0.955322265625,0.44921875,-0.821533203125,0.871337890625,0.255859375,-0.781494140625,0.0,0.0,0.0,0.0,0.0,0.0,0.0,0.0,0.0,0.0,0.0,0.0,0.0,0.0,0.0,0.0,0.0,0.0,0.0,0.0,0.0,0.0,0.0,0.0,0.0,0.0,0.0,0.0,0.0,0.0
UpperCut,0.50146484375,0.3486328125,-0.782470703125,0.506591796875,0.350830078125,-0.788818359375,0.50146484375,0.363037109375,-0.788818359375,0.50439453125,0.35693359375,-0.782958984375,0.504150390625,0.35400390625,-0.7978515625,0.0,0.0,0.0,0.0,0.0,0.0,0.0,0.0,0.0,0.0,0.0,0.0,0.0,0.0,0.0,0.0,0.0,0.0,0.0,0.0,0.0,0.0,0.0,0.0,0.0,0.0,0.0,0.0,0.0,0.0
UpperCut,0.7734375,6.065185546875,2.769287109375,2.77734375,3.980224609375,0.825927734375,5.786376953125,1.12548828125,0.472900390625,7.999755859375,0.31689453125,2.275634765625,7.300537109375,-1.582275390625,-0.471923828125,0.0,0.0,0.0,0.0,0.0,0.0,0.0,0.0,0.0,0.0,0.0,0.0,0.0,0.0,0.0,0.0,0.0,0.0,0.0,0.0,0.0,0.0,0.0,0.0,0.0,0.0,0.0,0.0,0.0,0.0
UpperCut,2.05419921875,4.915771484375,3.11328125,6.281005859375,2.87890625,1.08984375,7.999755859375,0.266357421875,1.091796875,7.020751953125,-1.568359375,-0.0625,0.0,0.0,0.0,0.0,0.0,0.0,0.0,0.0,0.0,0.0,0.0,0.0,0.0,0.0,0.0,0.0,0.0,0.0,0.0,0.0,0.0,0.0,0.0,0.0,0.0,0.0,0.0,0.0,0.0,0.0,0.0,0.0,0.0
UpperCut,1.669921875,5.96435546875,2.208740234375,5.0341796875,2.806884765625,0.83349609375,7.999755859375,0.019775390625,2.06201171875,7.653076171875,-2.201171875,0.453369140625,0.0,0.0,0.0,0.0,0.0,0.0,0.0,0.0,0.0,0.0,0.0,0.0,0.0,0.0,0.0,0.0,0.0,0.0,0.0,0.0,0.0,0.0,0.0,0.0,0.0,0.0,0.0,0.0,0.0,0.0,0.0,0.0,0.0
UpperCut,2.1533203125,7.0439453125,1.968017578125,5.1318359375,4.3349609375,1.1640625,7.999755859375,1.70458984375,1.841552734375,7.999755859375,-1.15380859375,1.261962890625,7.745361328125,-2.742919921875,-0.550537109375,0.0,0.0,0.0,0.0,0.0,0.0,0.0,0.0,0.0,0.0,0.0,0.0,0.0,0.0,0.0,0.0,0.0,0.0,0.0,0.0,0.0,0.0,0.0,0.0,0.0,0.0,0.0,0.0,0.0,0.0
UpperCut,0.879638671875,6.7041015625,2.438720703125,3.66064453125,5.0546875,2.3603515625,6.906494140625,2.294189453125,0.87060546875,7.999755859375,-0.0107421875,1.093994140625,7.3125,-1.41650390625,0.12451171875,0.0,0.0,0.0,0.0,0.0,0.0,0.0,0.0,0.0,0.0,0.0,0.0,0.0,0.0,0.0,0.0,0.0,0.0,0.0,0.0,0.0,0.0,0.0,0.0,0.0,0.0,0.0,0.0,0.0,0.0
UpperCut,1.475341796875,6.732666015625,2.974853515625,5.085205078125,3.695556640625,1.558349609375,7.999755859375,0.57861328125,3.248779296875,7.999755859375,-1.98046875,2.178955078125,7.999755859375,-4.224365234375,-0.724365234375,6.286376953125,-3.014892578125,-0.785888671875,0.0,0.0,0.0,0.0,0.0,0.0,0.0,0.0,0.0,0.0,0.0,0.0,0.0,0.0,0.0,0.0,0.0,0.0,0.0,0.0,0.0,0.0,0.0,0.0,0.0,0.0,0.0
UpperCut,1.423095703125,7.481201171875,2.982421875,4.053466796875,5.684326171875,2.10595703125,7.999755859375,2.3115234375,2.644287109375,7.999755859375,-0.32763671875,2.98046875,7.999755859375,-3.44775390625,-0.552978515625,6.64599609375,-3.245849609375,-1.371337890625,0.0,0.0,0.0,0.0,0.0,0.0,0.0,0.0,0.0,0.0,0.0,0.0,0.0,0.0,0.0,0.0,0.0,0.0,0.0,0.0,0.0,0.0,0.0,0.0,0.0,0.0,0.0
UpperCut,1.287109375,7.217529296875,3.3193359375,2.997802734375,6.066650390625,2.6005859375,6.228515625,3.133544921875,1.419189453125,7.999755859375,0.749755859375,2.06982421875,7.999755859375,-1.78564453125,0.139892578125,7.953857421875,-2.992919921875,-1.35693359375,0.0,0.0,0.0,0.0,0.0,0.0,0.0,0.0,0.0,0.0,0.0,0.0,0.0,0.0,0.0,0.0,0.0,0.0,0.0,0.0,0.0,0.0,0.0,0.0,0.0,0.0,0.0
UpperCut,1.012451171875,7.76708984375,3.387939453125,2.35400390625,6.986083984375,3.20166015625,4.083251953125,5.778564453125,2.191162109375,6.89111328125,2.975830078125,1.684326171875,7.91796875,0.12890625,2.181396484375,7.999755859375,-2.962646484375,0.071044921875,7.768798828125,-4.261962890625,-1.57470703125,0.0,0.0,0.0,0.0,0.0,0.0,0.0,0.0,0.0,0.0,0.0,0.0,0.0,0.0,0.0,0.0,0.0,0.0,0.0,0.0,0.0,0.0,0.0,0.0
UpperCut,1.8876953125,6.35302734375,3.730224609375,4.259521484375,5.1376953125,2.998779296875,7.121337890625,2.348876953125,1.8681640625,7.999755859375,-0.10986328125,2.3798828125,7.999755859375,-2.259765625,1.304443359375,6.630859375,-3.2783203125,-1.1533203125,0.0,0.0,0.0,0.0,0.0,0.0,0.0,0.0,0.0,0.0,0.0,0.0,0.0,0.0,0.0,0.0,0.0,0.0,0.0,0.0,0.0,0.0,0.0,0.0,0.0,0.0,0.0
UpperCut,1.330810546875,6.238525390625,3.1611328125,3.4072265625,5.798828125,3.150146484375,7.0322265625,3.169921875,2.47509765625,7.462890625,0.29833984375,2.16845703125,7.999755859375,-1.694580078125,1.123046875,7.1044921875,-3.535400390625,-1.57080078125,0.0,0.0,0.0,0.0,0.0,0.0,0.0,0.0,0.0,0.0,0.0,0.0,0.0,0.0,0.0,0.0,0.0,0.0,0.0,0.0,0.0,0.0,0.0,0.0,0.0,0.0,0.0
UpperCut,1.386474609375,7.524169921875,3.589111328125,3.6025390625,6.688720703125,2.416748046875,6.945068359375,3.76953125,1.353759765625,7.23095703125,0.66357421875,1.253662109375,7.999755859375,-1.444580078125,1.6845703125,7.5576171875,-3.298583984375,-1.170166015625,0.0,0.0,0.0,0.0,0.0,0.0,0.0,0.0,0.0,0.0,0.0,0.0,0.0,0.0,0.0,0.0,0.0,0.0,0.0,0.0,0.0,0.0,0.0,0.0,0.0,0.0,0.0
UpperCut,0.55126953125,7.248779296875,3.43017578125,2.29345703125,6.90478515625,3.39013671875,4.861328125,5.2734375,3.181396484375,7.999755859375,2.07861328125,3.12109375,7.999755859375,-0.81396484375,2.529541015625,7.999755859375,-3.384521484375,-0.594482421875,6.3525390625,-3.06884765625,-0.882568359375,0.0,0.0,0.0,0.0,0.0,0.0,0.0,0.0,0.0,0.0,0.0,0.0,0.0,0.0,0.0,0.0,0.0,0.0,0.0,0.0,0.0,0.0,0.0,0.0
UpperCut,1.51513671875,7.10107421875,2.934814453125,3.210693359375,6.208740234375,2.69189453125,6.1767578125,3.84521484375,2.731689453125,7.628662109375,1.27001953125,2.3125,7.999755859375,-1.59423828125,0.819091796875,6.923828125,-2.852294921875,-0.626708984375,0.0,0.0,0.0,0.0,0.0,0.0,0.0,0.0,0.0,0.0,0.0,0.0,0.0,0.0,0.0,0.0,0.0,0.0,0.0,0.0,0.0,0.0,0.0,0.0,0.0,0.0,0.0
UpperCut,1.328857421875,6.751953125,2.8271484375,2.931396484375,5.72314453125,2.3525390625,5.65380859375,3.038330078125,1.911376953125,7.284912109375,0.309814453125,1.88037109375,7.999755859375,-1.82470703125,1.009765625,7.38818359375,-3.181640625,-0.480224609375,0.0,0.0,0.0,0.0,0.0,0.0,0.0,0.0,0.0,0.0,0.0,0.0,0.0,0.0,0.0,0.0,0.0,0.0,0.0,0.0,0.0,0.0,0.0,0.0,0.0,0.0,0.0
UpperCut,1.858642578125,6.4287109375,4.4560546875,3.949951171875,4.87890625,3.273193359375,6.7509765625,1.605224609375,1.578369140625,7.999755859375,-0.079345703125,2.90380859375,7.633544921875,-2.29345703125,0.01171875,0.0,0.0,0.0,0.0,0.0,0.0,0.0,0.0,0.0,0.0,0.0,0.0,0.0,0.0,0.0,0.0,0.0,0.0,0.0,0.0,0.0,0.0,0.0,0.0,0.0,0.0,0.0,0.0,0.0,0.0
UpperCut,1.097412109375,7.8330078125,3.991943359375,2.755126953125,7.370849609375,3.741455078125,4.676513671875,5.73291015625,2.69189453125,7.999755859375,2.66015625,2.05908203125,7.999755859375,0.009033203125,1.554931640625,7.999755859375,-2.961181640625,0.5927734375,6.6396484375,-3.46435546875,-0.975341796875,0.0,0.0,0.0,0.0,0.0,0.0,0.0,0.0,0.0,0.0,0.0,0.0,0.0,0.0,0.0,0.0,0.0,0.0,0.0,0.0,0.0,0.0,0.0,0.0
UpperCut,0.9833984375,6.62646484375,3.94482421875,2.406982421875,6.429443359375,3.761474609375,4.3046875,5.467041015625,2.973876953125,6.916748046875,3.34326171875,2.87451171875,7.999755859375,0.701904296875,2.354248046875,7.999755859375,-2.026123046875,0.64453125,7.04638671875,-3.535888671875,-0.916748046875,0.0,0.0,0.0,0.0,0.0,0.0,0.0,0.0,0.0,0.0,0.0,0.0,0.0,0.0,0.0,0.0,0.0,0.0,0.0,0.0,0.0,0.0,0.0,0.0
UpperCut,1.1103515625,6.5859375,3.53955078125,3.28955078125,3.82666015625,1.762939453125,7.999755859375,1.632568359375,1.442138671875,7.999755859375,-0.742919921875,3.51806640625,7.999755859375,-2.772216796875,1.842041015625,6.509765625,-4.536376953125,-0.7841796875,0.0,0.0,0.0,0.0,0.0,0.0,0.0,0.0,0.0,0.0,0.0,0.0,0.0,0.0,0.0,0.0,0.0,0.0,0.0,0.0,0.0,0.0,0.0,0.0,0.0,0.0,0.0
UpperCut,0.565673828125,6.1865234375,4.234130859375,2.07666015625,5.75927734375,4.121337890625,5.1884765625,3.33154296875,3.06298828125,7.999755859375,0.40283203125,1.67236328125,7.999755859375,-2.07080078125,2.34765625,7.16162109375,-3.408203125,0.158935546875,0.0,0.0,0.0,0.0,0.0,0.0,0.0,0.0,0.0,0.0,0.0,0.0,0.0,0.0,0.0,0.0,0.0,0.0,0.0,0.0,0.0,0.0,0.0,0.0,0.0,0.0,0.0
UpperCut,1.554443359375,5.492431640625,3.404052734375,3.519287109375,5.005126953125,3.671142578125,7.35107421875,2.739990234375,2.7509765625,7.7958984375,-0.244140625,1.876953125,7.42041015625,-2.141845703125,-0.433349609375,0.0,0.0,0.0,0.0,0.0,0.0,0.0,0.0,0.0,0.0,0.0,0.0,0.0,0.0,0.0,0.0,0.0,0.0,0.0,0.0,0.0,0.0,0.0,0.0,0.0,0.0,0.0,0.0,0.0,0.0
UpperCut,1.23583984375,5.306884765625,3.156005859375,3.447265625,3.630859375,2.484375,7.3916015625,0.84033203125,1.1953125,7.947998046875,-1.5703125,2.044921875,7.14111328125,-2.59423828125,0.556396484375,0.0,0.0,0.0,0.0,0.0,0.0,0.0,0.0,0.0,0.0,0.0,0.0,0.0,0.0,0.0,0.0,0.0,0.0,0.0,0.0,0.0,0.0,0.0,0.0,0.0,0.0,0.0,0.0,0.0,0.0
UpperCut,1.767333984375,5.861572265625,3.03759765625,3.30517578125,4.302490234375,2.571044921875,5.9951171875,1.610595703125,1.40625,7.8984375,-0.467041015625,2.561279296875,7.61767578125,-2.27783203125,1.27734375,0.0,0.0,0.0,0.0,0.0,0.0,0.0,0.0,0.0,0.0,0.0,0.0,0.0,0.0,0.0,0.0,0.0,0.0,0.0,0.0,0.0,0.0,0.0,0.0,0.0,0.0,0.0,0.0,0.0,0.0
UpperCut,0.524169921875,1.126708984375,-0.013916015625,0.5185546875,1.08984375,-0.041259765625,0.0,0.0,0.0,0.0,0.0,0.0,0.0,0.0,0.0,0.0,0.0,0.0,0.0,0.0,0.0,0.0,0.0,0.0,0.0,0.0,0.0,0.0,0.0,0.0,0.0,0.0,0.0,0.0,0.0,0.0,0.0,0.0,0.0,0.0,0.0,0.0,0.0,0.0,0.0
